# accepted FullIO v19c newc header metadata; filesize/namesize are recomputed
name	ino	mode	uid	gid	nlink	mtime	devmajor	devminor	rdevmajor	rdevminor	check
.	000000cf	000041ed	000003e8	000003e8	00000008	6a8eba6d	00000000	00000030	00000000	00000000	00000000
bin	000000d3	0000a1ff	000003e8	000003e8	00000001	6a824d38	00000000	00000030	00000000	00000000	00000000
conf	000000d4	000041ed	000003e8	000003e8	00000003	6a8eba6c	00000000	00000030	00000000	00000000	00000000
conf/arch.conf	000000d5	000081a4	000003e8	000003e8	00000001	6a824d3a	00000000	00000030	00000000	00000000	00000000
conf/conf.d	000000d6	000041ed	000003e8	000003e8	00000002	6a8eba6c	00000000	00000030	00000000	00000000	00000000
conf/conf.d/kernel-version	000000d7	000081a4	000003e8	000003e8	00000001	6a587aef	00000000	00000030	00000000	00000000	00000000
conf/initramfs.conf	000000d8	000081a4	000003e8	000003e8	00000001	689c861c	00000000	00000030	00000000	00000000	00000000
conf/modules	000000d9	000081a4	000003e8	000003e8	00000001	6a824d47	00000000	00000030	00000000	00000000	00000000
etc	000000da	000041ed	000003e8	000003e8	00000009	6a8eba6c	00000000	00000030	00000000	00000000	00000000
etc/casper.conf	000000db	000081a4	000003e8	000003e8	00000001	6a824d43	00000000	00000030	00000000	00000000	00000000
etc/console-setup	000000dc	000041ed	000003e8	000003e8	00000002	6a8eba6c	00000000	00000030	00000000	00000000	00000000
etc/console-setup/Uni2-Fixed16.psf.gz	000000de	000081a4	000003e8	000003e8	00000001	6a53700c	00000000	00000030	00000000	00000000	00000000
etc/console-setup/cached_UTF-8_del.kmap.gz	000000dd	000081a4	000003e8	000003e8	00000001	6a53700c	00000000	00000030	00000000	00000000	00000000
etc/default	000000df	000041ed	000003e8	000003e8	00000002	6a8eba6c	00000000	00000030	00000000	00000000	00000000
etc/default/console-setup	000000e0	000081a4	000003e8	000003e8	00000001	69c4933a	00000000	00000030	00000000	00000000	00000000
etc/default/keyboard	000000e1	000081a4	000003e8	000003e8	00000001	6a53700a	00000000	00000030	00000000	00000000	00000000
etc/dhcpcd.conf	000000e2	000081a4	000003e8	000003e8	00000001	6a824d43	00000000	00000030	00000000	00000000	00000000
etc/fonts	000000e3	000041ed	000003e8	000003e8	00000003	6a8eba6c	00000000	00000030	00000000	00000000	00000000
etc/fonts/conf.d	000000e4	000041ed	000003e8	000003e8	00000002	6a8eba6c	00000000	00000030	00000000	00000000	00000000
etc/fonts/conf.d/60-latin.conf	000000e5	000081a4	000003e8	000003e8	00000001	6a824d45	00000000	00000030	00000000	00000000	00000000
etc/fonts/fonts.conf	000000e6	000081a4	000003e8	000003e8	00000001	6970cc77	00000000	00000030	00000000	00000000	00000000
etc/fstab	000000e7	000081a4	000003e8	000003e8	00000001	6a824d3a	00000000	00000030	00000000	00000000	00000000
etc/ld.so.cache	000000e8	000081a4	000003e8	000003e8	00000001	6a824d48	00000000	00000030	00000000	00000000	00000000
etc/ld.so.conf	000000e9	000081a4	000003e8	000003e8	00000001	6994e323	00000000	00000030	00000000	00000000	00000000
etc/ld.so.conf.d	000000ea	000041ed	000003e8	000003e8	00000002	6a8eba6c	00000000	00000030	00000000	00000000	00000000
etc/ld.so.conf.d/aarch64-linux-gnu.conf	000000eb	000081a4	000003e8	000003e8	00000001	6994e323	00000000	00000030	00000000	00000000	00000000
etc/ld.so.conf.d/fakeroot-aarch64-linux-gnu.conf	000000ec	000081a4	000003e8	000003e8	00000001	696bd087	00000000	00000030	00000000	00000000	00000000
etc/ld.so.conf.d/libc.conf	000000ed	000081a4	000003e8	000003e8	00000001	6994e323	00000000	00000030	00000000	00000000	00000000
etc/modprobe.d	000000ee	000041ed	000003e8	000003e8	00000002	6a8eba6c	00000000	00000030	00000000	00000000	00000000
etc/modprobe.d/alsa-base.conf	000000ef	000081a4	000003e8	000003e8	00000001	6933f8f7	00000000	00000030	00000000	00000000	00000000
etc/modprobe.d/blacklist-ath_pci.conf	000000f0	000081a4	000003e8	000003e8	00000001	69810919	00000000	00000030	00000000	00000000	00000000
etc/modprobe.d/blacklist-firewire.conf	000000f2	000081a4	000003e8	000003e8	00000001	69810919	00000000	00000030	00000000	00000000	00000000
etc/modprobe.d/blacklist-framebuffer.conf	000000f3	000081a4	000003e8	000003e8	00000001	69810919	00000000	00000030	00000000	00000000	00000000
etc/modprobe.d/blacklist-modem.conf	000000f4	000081a4	000003e8	000003e8	00000001	6933f8f7	00000000	00000030	00000000	00000000	00000000
etc/modprobe.d/blacklist-oss.conf	000000f5	0000a1ff	000003e8	000003e8	00000001	6a824d3a	00000000	00000030	00000000	00000000	00000000
etc/modprobe.d/blacklist-qcom-battmgr.conf	000000f6	000081a4	000003e8	000003e8	00000001	6a5b9dbf	00000000	00000030	00000000	00000000	00000000
etc/modprobe.d/blacklist-rare-network.conf	000000f7	000081a4	000003e8	000003e8	00000001	69810919	00000000	00000030	00000000	00000000	00000000
etc/modprobe.d/blacklist.conf	000000f1	000081a4	000003e8	000003e8	00000001	69810919	00000000	00000030	00000000	00000000	00000000
etc/modprobe.d/dkms.conf	000000f8	000081a4	000003e8	000003e8	00000001	69839610	00000000	00000030	00000000	00000000	00000000
etc/modprobe.d/iwlwifi.conf	000000f9	000081a4	000003e8	000003e8	00000001	69810919	00000000	00000030	00000000	00000000	00000000
etc/mtab	000000fa	0000a1ff	000003e8	000003e8	00000001	6a824d3a	00000000	00000030	00000000	00000000	00000000
etc/nsswitch.conf	000000fb	000081a4	000003e8	000003e8	00000001	6a824d48	00000000	00000030	00000000	00000000	00000000
etc/os-release	000000fc	000081a4	000003e8	000003e8	00000001	6a824d45	00000000	00000030	00000000	00000000	00000000
etc/passwd	000000fd	000081a4	000003e8	000003e8	00000001	6a824d45	00000000	00000030	00000000	00000000	00000000
etc/plymouth	000000fe	000041ed	000003e8	000003e8	00000002	6a8eba6c	00000000	00000030	00000000	00000000	00000000
etc/plymouth/plymouthd.conf	000000ff	000081a4	000003e8	000003e8	00000001	69b2cd38	00000000	00000030	00000000	00000000	00000000
etc/udev	00000100	000041ed	000003e8	000003e8	00000002	6a8eba6c	00000000	00000030	00000000	00000000	00000000
etc/udev/udev.conf	00000101	000081a4	000003e8	000003e8	00000001	69b42eac	00000000	00000030	00000000	00000000	00000000
init	00000102	000081ed	000003e8	000003e8	00000001	69ce4600	00000000	00000030	00000000	00000000	00000000
lib	00000103	0000a1ff	000003e8	000003e8	00000001	6a824d38	00000000	00000030	00000000	00000000	00000000
run	00000104	000041ed	000003e8	000003e8	00000002	6a824d38	00000000	00000030	00000000	00000000	00000000
sbin	00000105	0000a1ff	000003e8	000003e8	00000001	6a824d38	00000000	00000030	00000000	00000000	00000000
scripts	00000106	000041ed	000003e8	000003e8	0000000a	6a8eba6c	00000000	00000030	00000000	00000000	00000000
scripts/casper	00000107	000081a4	000003e8	000003e8	00000001	69740d88	00000000	00000030	00000000	00000000	00000000
scripts/casper-bottom	00000108	000041ed	000003e8	000003e8	00000002	6a8eba6c	00000000	00000030	00000000	00000000	00000000
scripts/casper-bottom/05mountpoints	00000109	000081ed	000003e8	000003e8	00000001	69740d88	00000000	00000030	00000000	00000000	00000000
scripts/casper-bottom/12fstab	0000010a	000081ed	000003e8	000003e8	00000001	69740d88	00000000	00000030	00000000	00000000	00000000
scripts/casper-bottom/13swap	0000010b	000081ed	000003e8	000003e8	00000001	69740d88	00000000	00000030	00000000	00000000	00000000
scripts/casper-bottom/14locales	0000010c	000081ed	000003e8	000003e8	00000001	69740d88	00000000	00000030	00000000	00000000	00000000
scripts/casper-bottom/15autologin	0000010d	000081ed	000003e8	000003e8	00000001	69bd71dd	00000000	00000030	00000000	00000000	00000000
scripts/casper-bottom/18hostname	0000010e	000081ed	000003e8	000003e8	00000001	69740d88	00000000	00000030	00000000	00000000	00000000
scripts/casper-bottom/19keyboard	0000010f	000081ed	000003e8	000003e8	00000001	69740d88	00000000	00000030	00000000	00000000	00000000
scripts/casper-bottom/20xconfig	00000110	000081ed	000003e8	000003e8	00000001	69740d88	00000000	00000030	00000000	00000000	00000000
scripts/casper-bottom/22desktop_settings	00000111	000081ed	000003e8	000003e8	00000001	69740d88	00000000	00000030	00000000	00000000	00000000
scripts/casper-bottom/22sslcert	00000112	000081ed	000003e8	000003e8	00000001	69740d88	00000000	00000030	00000000	00000000	00000000
scripts/casper-bottom/24preseed	00000113	000081ed	000003e8	000003e8	00000001	69740d88	00000000	00000030	00000000	00000000	00000000
scripts/casper-bottom/25adduser	00000114	000081ed	000003e8	000003e8	00000001	69740d88	00000000	00000030	00000000	00000000	00000000
scripts/casper-bottom/25configure_init	00000115	000081ed	000003e8	000003e8	00000001	69740d88	00000000	00000030	00000000	00000000	00000000
scripts/casper-bottom/25disable_cdrom.mount	00000116	000081ed	000003e8	000003e8	00000001	69740d88	00000000	00000030	00000000	00000000	00000000
scripts/casper-bottom/30accessibility	00000117	000081ed	000003e8	000003e8	00000001	69740d88	00000000	00000030	00000000	00000000	00000000
scripts/casper-bottom/31disable_update_notifier	00000118	000081ed	000003e8	000003e8	00000001	69740d88	00000000	00000030	00000000	00000000	00000000
scripts/casper-bottom/33enable_apport_crashes	00000119	000081ed	000003e8	000003e8	00000001	69740d88	00000000	00000030	00000000	00000000	00000000
scripts/casper-bottom/34disable_kde_services	0000011a	000081ed	000003e8	000003e8	00000001	69740d88	00000000	00000030	00000000	00000000	00000000
scripts/casper-bottom/37disable_screensaver_lubuntu	0000011b	000081ed	000003e8	000003e8	00000001	69740d88	00000000	00000030	00000000	00000000	00000000
scripts/casper-bottom/40install_driver_updates	0000011c	000081ed	000003e8	000003e8	00000001	69740d88	00000000	00000030	00000000	00000000	00000000
scripts/casper-bottom/41apt_build_cache_cdrom	0000011d	000081ed	000003e8	000003e8	00000001	69c2aff1	00000000	00000030	00000000	00000000	00000000
scripts/casper-bottom/43disable_updateinitramfs	0000011e	000081ed	000003e8	000003e8	00000001	69740d88	00000000	00000030	00000000	00000000	00000000
scripts/casper-bottom/44pk_allow_ubuntu	0000011f	000081ed	000003e8	000003e8	00000001	69740d88	00000000	00000030	00000000	00000000	00000000
scripts/casper-bottom/45jackd2	00000120	000081ed	000003e8	000003e8	00000001	69740d88	00000000	00000030	00000000	00000000	00000000
scripts/casper-bottom/52gnome_initial_setup	00000121	000081ed	000003e8	000003e8	00000001	69bd71dd	00000000	00000030	00000000	00000000	00000000
scripts/casper-bottom/53disable_unattended_upgrades	00000122	000081ed	000003e8	000003e8	00000001	69740d88	00000000	00000030	00000000	00000000	00000000
scripts/casper-bottom/55disable_snap_refresh	00000123	000081ed	000003e8	000003e8	00000001	69740d88	00000000	00000030	00000000	00000000	00000000
scripts/casper-bottom/56override_nvidia_udev_rule	00000124	000081ed	000003e8	000003e8	00000001	69740d88	00000000	00000030	00000000	00000000	00000000
scripts/casper-bottom/57pollinate	00000125	000081ed	000003e8	000003e8	00000001	69740d88	00000000	00000030	00000000	00000000	00000000
scripts/casper-bottom/58server_network	00000126	000081ed	000003e8	000003e8	00000001	69740d88	00000000	00000030	00000000	00000000	00000000
scripts/casper-bottom/59disable_mozc_autosetup	00000127	000081ed	000003e8	000003e8	00000001	69740d88	00000000	00000030	00000000	00000000	00000000
scripts/casper-bottom/60_create_intaller_logdir	00000128	000081ed	000003e8	000003e8	00000001	69740d88	00000000	00000030	00000000	00000000	00000000
scripts/casper-bottom/61desktop_canary_tweaks	00000129	000081ed	000003e8	000003e8	00000001	69740d88	00000000	00000030	00000000	00000000	00000000
scripts/casper-bottom/99casperboot	0000012a	000081ed	000003e8	000003e8	00000001	69740d88	00000000	00000030	00000000	00000000	00000000
scripts/casper-bottom/ORDER	0000012b	000081a4	000003e8	000003e8	00000001	6a824d47	00000000	00000030	00000000	00000000	00000000
scripts/casper-functions	0000012c	000081a4	000003e8	000003e8	00000001	6a824d43	00000000	00000030	00000000	00000000	00000000
scripts/casper-helpers	0000012d	000081a4	000003e8	000003e8	00000001	6a824d43	00000000	00000030	00000000	00000000	00000000
scripts/casper-premount	0000012e	000041ed	000003e8	000003e8	00000002	6a8eba6c	00000000	00000030	00000000	00000000	00000000
scripts/casper-premount/10driver_updates	0000012f	000081ed	000003e8	000003e8	00000001	69740d88	00000000	00000030	00000000	00000000	00000000
scripts/casper-premount/20iso_scan	00000130	000081ed	000003e8	000003e8	00000001	69740d88	00000000	00000030	00000000	00000000	00000000
scripts/casper-premount/ORDER	00000131	000081a4	000003e8	000003e8	00000001	6a824d47	00000000	00000030	00000000	00000000	00000000
scripts/functions	00000132	000081a4	000003e8	000003e8	00000001	69ce4630	00000000	00000030	00000000	00000000	00000000
scripts/init-bottom	00000133	000041ed	000003e8	000003e8	00000002	6a8eba6c	00000000	00000030	00000000	00000000	00000000
scripts/init-bottom/ORDER	00000134	000081a4	000003e8	000003e8	00000001	6a824d47	00000000	00000030	00000000	00000000	00000000
scripts/init-bottom/plymouth	00000135	000081ed	000003e8	000003e8	00000001	69b2cd38	00000000	00000030	00000000	00000000	00000000
scripts/init-bottom/udev	00000136	000081ed	000003e8	000003e8	00000001	6a5e5516	00000000	00000030	00000000	00000000	00000000
scripts/init-premount	00000137	000041ed	000003e8	000003e8	00000002	6a8eba6c	00000000	00000030	00000000	00000000	00000000
scripts/init-premount/ORDER	00000139	000081a4	000003e8	000003e8	00000001	6a824d47	00000000	00000030	00000000	00000000	00000000
scripts/init-premount/brltty	00000138	000081ed	000003e8	000003e8	00000001	67404a74	00000000	00000030	00000000	00000000	00000000
scripts/init-premount/plymouth	0000013a	000081ed	000003e8	000003e8	00000001	69b2cd38	00000000	00000030	00000000	00000000	00000000
scripts/init-top	0000013b	000041ed	000003e8	000003e8	00000002	6a8eba6c	00000000	00000030	00000000	00000000	00000000
scripts/init-top/ORDER	00000141	000081a4	000003e8	000003e8	00000001	6a824d47	00000000	00000030	00000000	00000000	00000000
scripts/init-top/all_generic_ide	0000013c	000081ed	000003e8	000003e8	00000001	67990b26	00000000	00000030	00000000	00000000	00000000
scripts/init-top/blacklist	0000013d	000081ed	000003e8	000003e8	00000001	69ce3140	00000000	00000030	00000000	00000000	00000000
scripts/init-top/brltty	0000013e	000081a4	000003e8	000003e8	00000001	67404a74	00000000	00000030	00000000	00000000	00000000
scripts/init-top/console_setup	0000013f	000081ed	000003e8	000003e8	00000001	69a59d04	00000000	00000030	00000000	00000000	00000000
scripts/init-top/framebuffer	00000140	000081ed	000003e8	000003e8	00000001	69ce3140	00000000	00000030	00000000	00000000	00000000
scripts/init-top/simple-framebuffer	00000142	000081ed	000003e8	000003e8	00000001	692f122e	00000000	00000030	00000000	00000000	00000000
scripts/init-top/udev	00000143	000081ed	000003e8	000003e8	00000001	6a5e52d8	00000000	00000030	00000000	00000000	00000000
scripts/local	00000144	000081a4	000003e8	000003e8	00000001	69ce3140	00000000	00000030	00000000	00000000	00000000
scripts/local-bottom	00000145	000041ed	000003e8	000003e8	00000002	6a8eba6c	00000000	00000030	00000000	00000000	00000000
scripts/local-bottom/ORDER	00000147	000081a4	000003e8	000003e8	00000001	6a824d47	00000000	00000030	00000000	00000000	00000000
scripts/local-bottom/ntfs_3g	00000146	000081ed	000003e8	000003e8	00000001	6a526784	00000000	00000030	00000000	00000000	00000000
scripts/local-premount	00000148	000041ed	000003e8	000003e8	00000002	6a8eba6c	00000000	00000030	00000000	00000000	00000000
scripts/local-premount/ORDER	0000014b	000081a4	000003e8	000003e8	00000001	6a824d47	00000000	00000030	00000000	00000000	00000000
scripts/local-premount/fixrtc	00000149	000081ed	000003e8	000003e8	00000001	69ce3140	00000000	00000030	00000000	00000000	00000000
scripts/local-premount/ntfs_3g	0000014a	000081ed	000003e8	000003e8	00000001	6a526784	00000000	00000030	00000000	00000000	00000000
scripts/local-premount/resume	0000014c	000081ed	000003e8	000003e8	00000001	69ce4630	00000000	00000030	00000000	00000000	00000000
scripts/nfs	0000014d	000081a4	000003e8	000003e8	00000001	67990b26	00000000	00000030	00000000	00000000	00000000
scripts/panic	0000014e	000041ed	000003e8	000003e8	00000002	6a8eba6c	00000000	00000030	00000000	00000000	00000000
scripts/panic/ORDER	00000150	000081a4	000003e8	000003e8	00000001	6a824d47	00000000	00000030	00000000	00000000	00000000
scripts/panic/console_setup	0000014f	000081ed	000003e8	000003e8	00000001	69a59d04	00000000	00000030	00000000	00000000	00000000
scripts/panic/plymouth	00000151	000081ed	000003e8	000003e8	00000001	69b2cd38	00000000	00000030	00000000	00000000	00000000
usr	00000152	000041ed	000003e8	000003e8	00000008	6a8eba6d	00000000	00000030	00000000	00000000	00000000
usr/bin	00000153	000041ed	000003e8	000003e8	00000002	6a8eba6c	00000000	00000030	00000000	00000000	00000000
usr/bin/casper-preseed	00000154	000081ed	000003e8	000003e8	00000001	69740d88	00000000	00000030	00000000	00000000	00000000
usr/bin/casper-reconfigure	00000155	000081ed	000003e8	000003e8	00000001	69740d88	00000000	00000030	00000000	00000000	00000000
usr/bin/casper-set-selections	00000156	000081ed	000003e8	000003e8	00000001	69740d88	00000000	00000030	00000000	00000000	00000000
usr/bin/cpio	00000157	000081ed	000003e8	000003e8	00000001	69646296	00000000	00000030	00000000	00000000	00000000
usr/bin/dd	00000158	000081ed	000003e8	000003e8	00000001	69646296	00000000	00000030	00000000	00000000	00000000
usr/bin/dmesg	00000159	000081ed	000003e8	000003e8	00000001	69646296	00000000	00000030	00000000	00000000	00000000
usr/bin/eject	0000015a	000081ed	000003e8	000003e8	00000001	69b3f063	00000000	00000030	00000000	00000000	00000000
usr/bin/fstype	0000015b	000081ed	000003e8	000003e8	00000001	69646296	00000000	00000030	00000000	00000000	00000000
usr/bin/halt	0000015c	000081ed	000003e8	000003e8	00000001	69646296	00000000	00000030	00000000	00000000	00000000
usr/bin/insmod	0000015d	000081ed	000003e8	000003e8	00000001	69646296	00000000	00000030	00000000	00000000	00000000
usr/bin/ipconfig	0000015e	000081ed	000003e8	000003e8	00000001	69646296	00000000	00000030	00000000	00000000	00000000
usr/bin/kbd_mode	0000015f	000081ed	000003e8	000003e8	00000001	692dad16	00000000	00000030	00000000	00000000	00000000
usr/bin/kmod	00000160	000081ed	000003e8	000003e8	00000001	69810919	00000000	00000030	00000000	00000000	00000000
usr/bin/loadkeys	00000161	000081ed	000003e8	000003e8	00000001	692dad16	00000000	00000030	00000000	00000000	00000000
usr/bin/minips	00000162	000081ed	000003e8	000003e8	00000001	69646296	00000000	00000030	00000000	00000000	00000000
usr/bin/nfsmount	00000163	000081ed	000003e8	000003e8	00000001	69646296	00000000	00000030	00000000	00000000	00000000
usr/bin/ntfs-3g	00000164	000089ed	000003e8	000003e8	00000001	6a526784	00000000	00000030	00000000	00000000	00000000
usr/bin/pivot_root	00000165	000081ed	000003e8	000003e8	00000001	69646296	00000000	00000030	00000000	00000000	00000000
usr/bin/plymouth	00000166	000081ed	000003e8	000003e8	00000001	69b2cd38	00000000	00000030	00000000	00000000	00000000
usr/bin/poweroff	00000167	000081ed	000003e8	000003e8	00000001	69646296	00000000	00000030	00000000	00000000	00000000
usr/bin/resume	00000168	000081ed	000003e8	000003e8	00000001	69646296	00000000	00000030	00000000	00000000	00000000
usr/bin/setfont	00000169	000081ed	000003e8	000003e8	00000001	692dad16	00000000	00000030	00000000	00000000	00000000
usr/bin/udevadm	0000016a	000081ed	000003e8	000003e8	00000001	6a67c312	00000000	00000030	00000000	00000000	00000000
usr/bin/which	0000016b	000081ed	000003e8	000003e8	00000064	6967bb4d	00000000	00000030	00000000	00000000	00000000
usr/bin/wget	0000016b	000081ed	000003e8	000003e8	00000064	6967bb4d	00000000	00000030	00000000	00000000	00000000
usr/bin/wc	0000016b	000081ed	000003e8	000003e8	00000064	6967bb4d	00000000	00000030	00000000	00000000	00000000
usr/bin/uniq	0000016b	000081ed	000003e8	000003e8	00000064	6967bb4d	00000000	00000030	00000000	00000000	00000000
usr/bin/uname	0000016b	000081ed	000003e8	000003e8	00000064	6967bb4d	00000000	00000030	00000000	00000000	00000000
usr/bin/umount	0000016b	000081ed	000003e8	000003e8	00000064	6967bb4d	00000000	00000030	00000000	00000000	00000000
usr/bin/tty	0000016b	000081ed	000003e8	000003e8	00000064	6967bb4d	00000000	00000030	00000000	00000000	00000000
usr/bin/ts	0000016b	000081ed	000003e8	000003e8	00000064	6967bb4d	00000000	00000030	00000000	00000000	00000000
usr/bin/true	0000016b	000081ed	000003e8	000003e8	00000064	6967bb4d	00000000	00000030	00000000	00000000	00000000
usr/bin/tr	0000016b	000081ed	000003e8	000003e8	00000064	6967bb4d	00000000	00000030	00000000	00000000	00000000
usr/bin/touch	0000016b	000081ed	000003e8	000003e8	00000064	6967bb4d	00000000	00000030	00000000	00000000	00000000
usr/bin/test	0000016b	000081ed	000003e8	000003e8	00000064	6967bb4d	00000000	00000030	00000000	00000000	00000000
usr/bin/tee	0000016b	000081ed	000003e8	000003e8	00000064	6967bb4d	00000000	00000030	00000000	00000000	00000000
usr/bin/tail	0000016b	000081ed	000003e8	000003e8	00000064	6967bb4d	00000000	00000030	00000000	00000000	00000000
usr/bin/sync	0000016b	000081ed	000003e8	000003e8	00000064	6967bb4d	00000000	00000030	00000000	00000000	00000000
usr/bin/switch_root	0000016b	000081ed	000003e8	000003e8	00000064	6967bb4d	00000000	00000030	00000000	00000000	00000000
usr/bin/stty	0000016b	000081ed	000003e8	000003e8	00000064	6967bb4d	00000000	00000030	00000000	00000000	00000000
usr/bin/static-sh	0000016b	000081ed	000003e8	000003e8	00000064	6967bb4d	00000000	00000030	00000000	00000000	00000000
usr/bin/stat	0000016b	000081ed	000003e8	000003e8	00000064	6967bb4d	00000000	00000030	00000000	00000000	00000000
usr/bin/sort	0000016b	000081ed	000003e8	000003e8	00000064	6967bb4d	00000000	00000030	00000000	00000000	00000000
usr/bin/sleep	0000016b	000081ed	000003e8	000003e8	00000064	6967bb4d	00000000	00000030	00000000	00000000	00000000
usr/bin/sh	0000016b	000081ed	000003e8	000003e8	00000064	6967bb4d	00000000	00000030	00000000	00000000	00000000
usr/bin/setkeycodes	0000016b	000081ed	000003e8	000003e8	00000064	6967bb4d	00000000	00000030	00000000	00000000	00000000
usr/bin/seq	0000016b	000081ed	000003e8	000003e8	00000064	6967bb4d	00000000	00000030	00000000	00000000	00000000
usr/bin/sed	0000016b	000081ed	000003e8	000003e8	00000064	6967bb4d	00000000	00000030	00000000	00000000	00000000
usr/bin/run-init	0000016b	000081ed	000003e8	000003e8	00000064	6967bb4d	00000000	00000030	00000000	00000000	00000000
usr/bin/rmdir	0000016b	000081ed	000003e8	000003e8	00000064	6967bb4d	00000000	00000030	00000000	00000000	00000000
usr/bin/rm	0000016b	000081ed	000003e8	000003e8	00000064	6967bb4d	00000000	00000030	00000000	00000000	00000000
usr/bin/reset	0000016b	000081ed	000003e8	000003e8	00000064	6967bb4d	00000000	00000030	00000000	00000000	00000000
usr/bin/reboot	0000016b	000081ed	000003e8	000003e8	00000064	6967bb4d	00000000	00000030	00000000	00000000	00000000
usr/bin/readlink	0000016b	000081ed	000003e8	000003e8	00000064	6967bb4d	00000000	00000030	00000000	00000000	00000000
usr/bin/pwd	0000016b	000081ed	000003e8	000003e8	00000064	6967bb4d	00000000	00000030	00000000	00000000	00000000
usr/bin/ps	0000016b	000081ed	000003e8	000003e8	00000064	6967bb4d	00000000	00000030	00000000	00000000	00000000
usr/bin/printf	0000016b	000081ed	000003e8	000003e8	00000064	6967bb4d	00000000	00000030	00000000	00000000	00000000
usr/bin/pidof	0000016b	000081ed	000003e8	000003e8	00000064	6967bb4d	00000000	00000030	00000000	00000000	00000000
usr/bin/openvt	0000016b	000081ed	000003e8	000003e8	00000064	6967bb4d	00000000	00000030	00000000	00000000	00000000
usr/bin/nuke	0000016b	000081ed	000003e8	000003e8	00000064	6967bb4d	00000000	00000030	00000000	00000000	00000000
usr/bin/mv	0000016b	000081ed	000003e8	000003e8	00000064	6967bb4d	00000000	00000030	00000000	00000000	00000000
usr/bin/mount	0000016b	000081ed	000003e8	000003e8	00000064	6967bb4d	00000000	00000030	00000000	00000000	00000000
usr/bin/more	0000016b	000081ed	000003e8	000003e8	00000064	6967bb4d	00000000	00000030	00000000	00000000	00000000
usr/bin/modinfo	0000016b	000081ed	000003e8	000003e8	00000064	6967bb4d	00000000	00000030	00000000	00000000	00000000
usr/bin/mktemp	0000016b	000081ed	000003e8	000003e8	00000064	6967bb4d	00000000	00000030	00000000	00000000	00000000
usr/bin/mkswap	0000016b	000081ed	000003e8	000003e8	00000064	6967bb4d	00000000	00000030	00000000	00000000	00000000
usr/bin/mknod	0000016b	000081ed	000003e8	000003e8	00000064	6967bb4d	00000000	00000030	00000000	00000000	00000000
usr/bin/mkfifo	0000016b	000081ed	000003e8	000003e8	00000064	6967bb4d	00000000	00000030	00000000	00000000	00000000
usr/bin/mkdir	0000016b	000081ed	000003e8	000003e8	00000064	6967bb4d	00000000	00000030	00000000	00000000	00000000
usr/bin/lzop	0000016b	000081ed	000003e8	000003e8	00000064	6967bb4d	00000000	00000030	00000000	00000000	00000000
usr/bin/ls	0000016b	000081ed	000003e8	000003e8	00000064	6967bb4d	00000000	00000030	00000000	00000000	00000000
usr/bin/loadkmap	0000016b	000081ed	000003e8	000003e8	00000064	6967bb4d	00000000	00000030	00000000	00000000	00000000
usr/bin/loadfont	0000016b	000081ed	000003e8	000003e8	00000064	6967bb4d	00000000	00000030	00000000	00000000	00000000
usr/bin/ln	0000016b	000081ed	000003e8	000003e8	00000064	6967bb4d	00000000	00000030	00000000	00000000	00000000
usr/bin/kill	0000016b	000081ed	000003e8	000003e8	00000064	6967bb4d	00000000	00000030	00000000	00000000	00000000
usr/bin/ip	0000016b	000081ed	000003e8	000003e8	00000064	6967bb4d	00000000	00000030	00000000	00000000	00000000
usr/bin/ifconfig	0000016b	000081ed	000003e8	000003e8	00000064	6967bb4d	00000000	00000030	00000000	00000000	00000000
usr/bin/i2ctransfer	0000016b	000081ed	000003e8	000003e8	00000064	6967bb4d	00000000	00000030	00000000	00000000	00000000
usr/bin/hwclock	0000016b	000081ed	000003e8	000003e8	00000064	6967bb4d	00000000	00000030	00000000	00000000	00000000
usr/bin/hostname	0000016b	000081ed	000003e8	000003e8	00000064	6967bb4d	00000000	00000030	00000000	00000000	00000000
usr/bin/gzip	0000016b	000081ed	000003e8	000003e8	00000064	6967bb4d	00000000	00000030	00000000	00000000	00000000
usr/bin/gunzip	0000016b	000081ed	000003e8	000003e8	00000064	6967bb4d	00000000	00000030	00000000	00000000	00000000
usr/bin/grep	0000016b	000081ed	000003e8	000003e8	00000064	6967bb4d	00000000	00000030	00000000	00000000	00000000
usr/bin/getfattr	0000016b	000081ed	000003e8	000003e8	00000064	6967bb4d	00000000	00000030	00000000	00000000	00000000
usr/bin/fstrim	0000016b	000081ed	000003e8	000003e8	00000064	6967bb4d	00000000	00000030	00000000	00000000	00000000
usr/bin/fold	0000016b	000081ed	000003e8	000003e8	00000064	6967bb4d	00000000	00000030	00000000	00000000	00000000
usr/bin/find	0000016b	000081ed	000003e8	000003e8	00000064	6967bb4d	00000000	00000030	00000000	00000000	00000000
usr/bin/fgrep	0000016b	000081ed	000003e8	000003e8	00000064	6967bb4d	00000000	00000030	00000000	00000000	00000000
usr/bin/fbset	0000016b	000081ed	000003e8	000003e8	00000064	6967bb4d	00000000	00000030	00000000	00000000	00000000
usr/bin/false	0000016b	000081ed	000003e8	000003e8	00000064	6967bb4d	00000000	00000030	00000000	00000000	00000000
usr/bin/expr	0000016b	000081ed	000003e8	000003e8	00000064	6967bb4d	00000000	00000030	00000000	00000000	00000000
usr/bin/env	0000016b	000081ed	000003e8	000003e8	00000064	6967bb4d	00000000	00000030	00000000	00000000	00000000
usr/bin/egrep	0000016b	000081ed	000003e8	000003e8	00000064	6967bb4d	00000000	00000030	00000000	00000000	00000000
usr/bin/echo	0000016b	000081ed	000003e8	000003e8	00000064	6967bb4d	00000000	00000030	00000000	00000000	00000000
usr/bin/dumpkmap	0000016b	000081ed	000003e8	000003e8	00000064	6967bb4d	00000000	00000030	00000000	00000000	00000000
usr/bin/du	0000016b	000081ed	000003e8	000003e8	00000064	6967bb4d	00000000	00000030	00000000	00000000	00000000
usr/bin/dirname	0000016b	000081ed	000003e8	000003e8	00000064	6967bb4d	00000000	00000030	00000000	00000000	00000000
usr/bin/df	0000016b	000081ed	000003e8	000003e8	00000064	6967bb4d	00000000	00000030	00000000	00000000	00000000
usr/bin/devmem	0000016b	000081ed	000003e8	000003e8	00000064	6967bb4d	00000000	00000030	00000000	00000000	00000000
usr/bin/deluser	0000016b	000081ed	000003e8	000003e8	00000064	6967bb4d	00000000	00000030	00000000	00000000	00000000
usr/bin/deallocvt	0000016b	000081ed	000003e8	000003e8	00000064	6967bb4d	00000000	00000030	00000000	00000000	00000000
usr/bin/date	0000016b	000081ed	000003e8	000003e8	00000064	6967bb4d	00000000	00000030	00000000	00000000	00000000
usr/bin/cut	0000016b	000081ed	000003e8	000003e8	00000064	6967bb4d	00000000	00000030	00000000	00000000	00000000
usr/bin/crc32	0000016b	000081ed	000003e8	000003e8	00000064	6967bb4d	00000000	00000030	00000000	00000000	00000000
usr/bin/cp	0000016b	000081ed	000003e8	000003e8	00000064	6967bb4d	00000000	00000030	00000000	00000000	00000000
usr/bin/cmp	0000016b	000081ed	000003e8	000003e8	00000064	6967bb4d	00000000	00000030	00000000	00000000	00000000
usr/bin/clear	0000016b	000081ed	000003e8	000003e8	00000064	6967bb4d	00000000	00000030	00000000	00000000	00000000
usr/bin/chvt	0000016b	000081ed	000003e8	000003e8	00000064	6967bb4d	00000000	00000030	00000000	00000000	00000000
usr/bin/chroot	0000016b	000081ed	000003e8	000003e8	00000064	6967bb4d	00000000	00000030	00000000	00000000	00000000
usr/bin/chmod	0000016b	000081ed	000003e8	000003e8	00000064	6967bb4d	00000000	00000030	00000000	00000000	00000000
usr/bin/cat	0000016b	000081ed	000003e8	000003e8	00000064	6967bb4d	00000000	00000030	00000000	00000000	00000000
usr/bin/busybox	0000016b	000081ed	000003e8	000003e8	00000064	6967bb4d	00000000	00000030	00000000	00000000	00000000
usr/bin/blockdev	0000016b	000081ed	000003e8	000003e8	00000064	6967bb4d	00000000	00000030	00000000	00000000	00000000
usr/bin/basename	0000016b	000081ed	000003e8	000003e8	00000064	6967bb4d	00000000	00000030	00000000	00000000	00000000
usr/bin/base32	0000016b	000081ed	000003e8	000003e8	00000064	6967bb4d	00000000	00000030	00000000	00000000	00000000
usr/bin/awk	0000016b	000081ed	000003e8	000003e8	00000064	6967bb4d	00000000	00000030	00000000	00000000	00000000
usr/bin/ash	0000016b	000081ed	000003e8	000003e8	00000064	6967bb4d	00000000	00000030	00000000	00000000	00000000
usr/bin/ascii	0000016b	000081ed	000003e8	000003e8	00000064	6967bb4d	00000000	00000030	00000000	00000000	00000000
usr/bin/arch	0000016b	000081ed	000003e8	000003e8	00000064	6967bb4d	00000000	00000030	00000000	00000000	00000000
usr/bin/acpid	0000016b	000081ed	000003e8	000003e8	00000064	6967bb4d	00000000	00000030	00000000	00000000	00000000
usr/bin/[[	0000016b	000081ed	000003e8	000003e8	00000064	6967bb4d	00000000	00000030	00000000	00000000	00000000
usr/bin/[	0000016b	000081ed	000003e8	000003e8	00000064	6967bb4d	00000000	00000030	00000000	00000000	00000000
usr/bin/yes	0000016b	000081ed	000003e8	000003e8	00000064	6967bb4d	00000000	00000030	00000000	00000000	00000000
usr/lib	0000016c	000041ed	000003e8	000003e8	0000000c	6a8eba6d	00000000	00000030	00000000	00000000	00000000
usr/lib/aarch64-linux-gnu	0000016d	000041ed	000003e8	000003e8	00000005	6a8eba6c	00000000	00000030	00000000	00000000	00000000
usr/lib/aarch64-linux-gnu/dhcpcd	0000016e	000041ed	000003e8	000003e8	00000003	6a8eba6c	00000000	00000030	00000000	00000000	00000000
usr/lib/aarch64-linux-gnu/dhcpcd/dev	0000016f	000041ed	000003e8	000003e8	00000002	6a8eba6c	00000000	00000030	00000000	00000000	00000000
usr/lib/aarch64-linux-gnu/dhcpcd/dev/udev.so	00000170	000081a4	000003e8	000003e8	00000001	695d7fd8	00000000	00000030	00000000	00000000	00000000
usr/lib/aarch64-linux-gnu/ld-linux-aarch64.so.1	00000171	000081ed	000003e8	000003e8	00000001	6a60fcdf	00000000	00000030	00000000	00000000	00000000
usr/lib/aarch64-linux-gnu/libX11.so.6	000001d8	0000a1ff	000003e8	000003e8	00000001	6a824d44	00000000	00000030	00000000	00000000	00000000
usr/lib/aarch64-linux-gnu/libX11.so.6.4.0	000001d9	000081a4	000003e8	000003e8	00000001	699d51a6	00000000	00000030	00000000	00000000	00000000
usr/lib/aarch64-linux-gnu/libXau.so.6	000001da	0000a1ff	000003e8	000003e8	00000001	6a824d44	00000000	00000030	00000000	00000000	00000000
usr/lib/aarch64-linux-gnu/libXau.so.6.0.0	000001db	000081a4	000003e8	000003e8	00000001	69810caa	00000000	00000030	00000000	00000000	00000000
usr/lib/aarch64-linux-gnu/libXdmcp.so.6	000001e2	0000a1ff	000003e8	000003e8	00000001	6a824d44	00000000	00000030	00000000	00000000	00000000
usr/lib/aarch64-linux-gnu/libXdmcp.so.6.0.0	000001e3	000081a4	000003e8	000003e8	00000001	694b443b	00000000	00000030	00000000	00000000	00000000
usr/lib/aarch64-linux-gnu/libXext.so.6	000001e4	0000a1ff	000003e8	000003e8	00000001	6a824d44	00000000	00000030	00000000	00000000	00000000
usr/lib/aarch64-linux-gnu/libXext.so.6.4.0	000001e5	000081a4	000003e8	000003e8	00000001	692d8f0c	00000000	00000030	00000000	00000000	00000000
usr/lib/aarch64-linux-gnu/libXrender.so.1	000001e8	0000a1ff	000003e8	000003e8	00000001	6a824d44	00000000	00000030	00000000	00000000	00000000
usr/lib/aarch64-linux-gnu/libXrender.so.1.3.0	000001e9	000081a4	000003e8	000003e8	00000001	69810cc2	00000000	00000030	00000000	00000000	00000000
usr/lib/aarch64-linux-gnu/libatomic.so.1	00000172	0000a1ff	000003e8	000003e8	00000001	6a824d44	00000000	00000030	00000000	00000000	00000000
usr/lib/aarch64-linux-gnu/libatomic.so.1.2.0	00000173	000081a4	000003e8	000003e8	00000001	69bfa8f0	00000000	00000030	00000000	00000000	00000000
usr/lib/aarch64-linux-gnu/libblkid.so.1	00000174	0000a1ff	000003e8	000003e8	00000001	6a824d42	00000000	00000030	00000000	00000000	00000000
usr/lib/aarch64-linux-gnu/libblkid.so.1.1.0	00000175	000081a4	000003e8	000003e8	00000001	69b3f063	00000000	00000030	00000000	00000000	00000000
usr/lib/aarch64-linux-gnu/libbrotlicommon.so.1	00000176	0000a1ff	000003e8	000003e8	00000001	6a824d44	00000000	00000030	00000000	00000000	00000000
usr/lib/aarch64-linux-gnu/libbrotlicommon.so.1.2.0	00000177	000081a4	000003e8	000003e8	00000001	69bd2918	00000000	00000030	00000000	00000000	00000000
usr/lib/aarch64-linux-gnu/libbrotlidec.so.1	00000178	0000a1ff	000003e8	000003e8	00000001	6a824d44	00000000	00000030	00000000	00000000	00000000
usr/lib/aarch64-linux-gnu/libbrotlidec.so.1.2.0	00000179	000081a4	000003e8	000003e8	00000001	69bd2918	00000000	00000030	00000000	00000000	00000000
usr/lib/aarch64-linux-gnu/libbz2.so.1.0	0000017a	0000a1ff	000003e8	000003e8	00000001	6a824d44	00000000	00000030	00000000	00000000	00000000
usr/lib/aarch64-linux-gnu/libbz2.so.1.0.4	0000017b	000081a4	000003e8	000003e8	00000001	69735a8a	00000000	00000030	00000000	00000000	00000000
usr/lib/aarch64-linux-gnu/libc.so.6	00000185	000081ed	000003e8	000003e8	00000001	6a60fcdf	00000000	00000030	00000000	00000000	00000000
usr/lib/aarch64-linux-gnu/libcairo.so.2	0000017c	0000a1ff	000003e8	000003e8	00000001	6a824d44	00000000	00000030	00000000	00000000	00000000
usr/lib/aarch64-linux-gnu/libcairo.so.2.11804.4	0000017d	000081a4	000003e8	000003e8	00000001	6957d435	00000000	00000030	00000000	00000000	00000000
usr/lib/aarch64-linux-gnu/libcap-ng.so.0	0000017e	0000a1ff	000003e8	000003e8	00000001	6a824d42	00000000	00000030	00000000	00000000	00000000
usr/lib/aarch64-linux-gnu/libcap-ng.so.0.0.0	0000017f	000081a4	000003e8	000003e8	00000001	69bd2d06	00000000	00000030	00000000	00000000	00000000
usr/lib/aarch64-linux-gnu/libcom_err.so.2	00000180	0000a1ff	000003e8	000003e8	00000001	6a824d42	00000000	00000030	00000000	00000000	00000000
usr/lib/aarch64-linux-gnu/libcom_err.so.2.1	00000181	000081a4	000003e8	000003e8	00000001	698f163c	00000000	00000030	00000000	00000000	00000000
usr/lib/aarch64-linux-gnu/libcrypt.so.1	00000183	0000a1ff	000003e8	000003e8	00000001	6a824d42	00000000	00000030	00000000	00000000	00000000
usr/lib/aarch64-linux-gnu/libcrypt.so.1.1.0	00000184	000081a4	000003e8	000003e8	00000001	690dfcf8	00000000	00000030	00000000	00000000	00000000
usr/lib/aarch64-linux-gnu/libcrypto.so.3	00000182	000081a4	000003e8	000003e8	00000001	6a6a2f6d	00000000	00000030	00000000	00000000	00000000
usr/lib/aarch64-linux-gnu/libdatrie.so.1	00000186	0000a1ff	000003e8	000003e8	00000001	6a824d44	00000000	00000030	00000000	00000000	00000000
usr/lib/aarch64-linux-gnu/libdatrie.so.1.4.1	00000187	000081a4	000003e8	000003e8	00000001	69257f15	00000000	00000030	00000000	00000000	00000000
usr/lib/aarch64-linux-gnu/libdevmapper.so.1.02.1	00000188	000081a4	000003e8	000003e8	00000001	69810dc5	00000000	00000030	00000000	00000000	00000000
usr/lib/aarch64-linux-gnu/libdrm.so.2	00000189	0000a1ff	000003e8	000003e8	00000001	6a824d45	00000000	00000030	00000000	00000000	00000000
usr/lib/aarch64-linux-gnu/libdrm.so.2.131.0	0000018a	000081a4	000003e8	000003e8	00000001	6980439b	00000000	00000030	00000000	00000000	00000000
usr/lib/aarch64-linux-gnu/libe2p.so.2	0000018b	0000a1ff	000003e8	000003e8	00000001	6a824d42	00000000	00000030	00000000	00000000	00000000
usr/lib/aarch64-linux-gnu/libe2p.so.2.3	0000018c	000081a4	000003e8	000003e8	00000001	698f163c	00000000	00000030	00000000	00000000	00000000
usr/lib/aarch64-linux-gnu/libevdev.so.2	0000018d	0000a1ff	000003e8	000003e8	00000001	6a824d44	00000000	00000030	00000000	00000000	00000000
usr/lib/aarch64-linux-gnu/libevdev.so.2.3.0	0000018e	000081a4	000003e8	000003e8	00000001	693b1b6e	00000000	00000030	00000000	00000000	00000000
usr/lib/aarch64-linux-gnu/libexpat.so.1	0000018f	0000a1ff	000003e8	000003e8	00000001	6a824d44	00000000	00000030	00000000	00000000	00000000
usr/lib/aarch64-linux-gnu/libexpat.so.1.11.2	00000190	000081a4	000003e8	000003e8	00000001	697e11d8	00000000	00000030	00000000	00000000	00000000
usr/lib/aarch64-linux-gnu/libext2fs.so.2	00000191	0000a1ff	000003e8	000003e8	00000001	6a824d42	00000000	00000030	00000000	00000000	00000000
usr/lib/aarch64-linux-gnu/libext2fs.so.2.4	00000192	000081a4	000003e8	000003e8	00000001	698f163c	00000000	00000030	00000000	00000000	00000000
usr/lib/aarch64-linux-gnu/libfdisk.so.1	00000193	0000a1ff	000003e8	000003e8	00000001	6a824d42	00000000	00000030	00000000	00000000	00000000
usr/lib/aarch64-linux-gnu/libfdisk.so.1.1.0	00000194	000081a4	000003e8	000003e8	00000001	69b3f063	00000000	00000030	00000000	00000000	00000000
usr/lib/aarch64-linux-gnu/libffi.so.8	00000195	0000a1ff	000003e8	000003e8	00000001	6a824d44	00000000	00000030	00000000	00000000	00000000
usr/lib/aarch64-linux-gnu/libffi.so.8.2.0	00000196	000081a4	000003e8	000003e8	00000001	69c63f3e	00000000	00000030	00000000	00000000	00000000
usr/lib/aarch64-linux-gnu/libfontconfig.so.1	00000197	0000a1ff	000003e8	000003e8	00000001	6a824d44	00000000	00000030	00000000	00000000	00000000
usr/lib/aarch64-linux-gnu/libfontconfig.so.1.16.1	00000198	000081a4	000003e8	000003e8	00000001	6970cc77	00000000	00000030	00000000	00000000	00000000
usr/lib/aarch64-linux-gnu/libfreetype.so.6	00000199	0000a1ff	000003e8	000003e8	00000001	6a824d44	00000000	00000030	00000000	00000000	00000000
usr/lib/aarch64-linux-gnu/libfreetype.so.6.20.5	0000019a	000081a4	000003e8	000003e8	00000001	6a58f05f	00000000	00000030	00000000	00000000	00000000
usr/lib/aarch64-linux-gnu/libfribidi.so.0	0000019b	0000a1ff	000003e8	000003e8	00000001	6a824d44	00000000	00000030	00000000	00000000	00000000
usr/lib/aarch64-linux-gnu/libfribidi.so.0.4.0	0000019c	000081a4	000003e8	000003e8	00000001	693f5fdf	00000000	00000030	00000000	00000000	00000000
usr/lib/aarch64-linux-gnu/libfuse3.so.3.18.2	0000019d	000081a4	000003e8	000003e8	00000001	69be45db	00000000	00000030	00000000	00000000	00000000
usr/lib/aarch64-linux-gnu/libfuse3.so.4	0000019e	0000a1ff	000003e8	000003e8	00000001	6a824d43	00000000	00000030	00000000	00000000	00000000
usr/lib/aarch64-linux-gnu/libgcc_s.so.1	0000019f	000081a4	000003e8	000003e8	00000001	69bfa8f0	00000000	00000030	00000000	00000000	00000000
usr/lib/aarch64-linux-gnu/libgio-2.0.so.0	000001a0	0000a1ff	000003e8	000003e8	00000001	6a824d44	00000000	00000030	00000000	00000000	00000000
usr/lib/aarch64-linux-gnu/libgio-2.0.so.0.8800.0	000001a1	000081a4	000003e8	000003e8	00000001	69b87808	00000000	00000030	00000000	00000000	00000000
usr/lib/aarch64-linux-gnu/libglib-2.0.so.0	000001a2	0000a1ff	000003e8	000003e8	00000001	6a824d44	00000000	00000030	00000000	00000000	00000000
usr/lib/aarch64-linux-gnu/libglib-2.0.so.0.8800.0	000001a3	000081a4	000003e8	000003e8	00000001	69b87808	00000000	00000030	00000000	00000000	00000000
usr/lib/aarch64-linux-gnu/libgmodule-2.0.so.0	000001a4	0000a1ff	000003e8	000003e8	00000001	6a824d44	00000000	00000030	00000000	00000000	00000000
usr/lib/aarch64-linux-gnu/libgmodule-2.0.so.0.8800.0	000001a5	000081a4	000003e8	000003e8	00000001	69b87808	00000000	00000030	00000000	00000000	00000000
usr/lib/aarch64-linux-gnu/libgobject-2.0.so.0	000001a6	0000a1ff	000003e8	000003e8	00000001	6a824d44	00000000	00000030	00000000	00000000	00000000
usr/lib/aarch64-linux-gnu/libgobject-2.0.so.0.8800.0	000001a7	000081a4	000003e8	000003e8	00000001	69b87808	00000000	00000030	00000000	00000000	00000000
usr/lib/aarch64-linux-gnu/libgraphite2.so.3	000001a8	0000a1ff	000003e8	000003e8	00000001	6a824d44	00000000	00000030	00000000	00000000	00000000
usr/lib/aarch64-linux-gnu/libgraphite2.so.3.2.1	000001a9	000081a4	000003e8	000003e8	00000001	6a305fca	00000000	00000030	00000000	00000000	00000000
usr/lib/aarch64-linux-gnu/libharfbuzz.so.0	000001aa	0000a1ff	000003e8	000003e8	00000001	6a824d44	00000000	00000030	00000000	00000000	00000000
usr/lib/aarch64-linux-gnu/libharfbuzz.so.0.61232.0	000001ab	000081a4	000003e8	000003e8	00000001	69963f3a	00000000	00000030	00000000	00000000	00000000
usr/lib/aarch64-linux-gnu/libkmod.so.2	000001ac	0000a1ff	000003e8	000003e8	00000001	6a824d46	00000000	00000030	00000000	00000000	00000000
usr/lib/aarch64-linux-gnu/libkmod.so.2.5.1	000001ad	000081a4	000003e8	000003e8	00000001	69810919	00000000	00000030	00000000	00000000	00000000
usr/lib/aarch64-linux-gnu/libm.so.6	000001b0	000081a4	000003e8	000003e8	00000001	6a60fcdf	00000000	00000030	00000000	00000000	00000000
usr/lib/aarch64-linux-gnu/libmount.so.1	000001ae	0000a1ff	000003e8	000003e8	00000001	6a824d42	00000000	00000030	00000000	00000000	00000000
usr/lib/aarch64-linux-gnu/libmount.so.1.1.0	000001af	000081a4	000003e8	000003e8	00000001	69b3f063	00000000	00000030	00000000	00000000	00000000
usr/lib/aarch64-linux-gnu/libnss_dns.so.2	000001b1	000081a4	000003e8	000003e8	00000001	6a60fcdf	00000000	00000030	00000000	00000000	00000000
usr/lib/aarch64-linux-gnu/libnss_files.so.2	000001b2	000081a4	000003e8	000003e8	00000001	6a60fcdf	00000000	00000030	00000000	00000000	00000000
usr/lib/aarch64-linux-gnu/libntfs-3g.so.89	000001b3	0000a1ff	000003e8	000003e8	00000001	6a824d47	00000000	00000030	00000000	00000000	00000000
usr/lib/aarch64-linux-gnu/libntfs-3g.so.89.0.0	000001b4	000081a4	000003e8	000003e8	00000001	6a526784	00000000	00000030	00000000	00000000	00000000
usr/lib/aarch64-linux-gnu/libpango-1.0.so.0	000001b5	0000a1ff	000003e8	000003e8	00000001	6a824d44	00000000	00000030	00000000	00000000	00000000
usr/lib/aarch64-linux-gnu/libpango-1.0.so.0.5700.0	000001b6	000081a4	000003e8	000003e8	00000001	69665c22	00000000	00000030	00000000	00000000	00000000
usr/lib/aarch64-linux-gnu/libpangocairo-1.0.so.0	000001b7	0000a1ff	000003e8	000003e8	00000001	6a824d44	00000000	00000030	00000000	00000000	00000000
usr/lib/aarch64-linux-gnu/libpangocairo-1.0.so.0.5700.0	000001b8	000081a4	000003e8	000003e8	00000001	69665c22	00000000	00000030	00000000	00000000	00000000
usr/lib/aarch64-linux-gnu/libpangoft2-1.0.so.0	000001b9	0000a1ff	000003e8	000003e8	00000001	6a824d44	00000000	00000030	00000000	00000000	00000000
usr/lib/aarch64-linux-gnu/libpangoft2-1.0.so.0.5700.0	000001ba	000081a4	000003e8	000003e8	00000001	69665c22	00000000	00000030	00000000	00000000	00000000
usr/lib/aarch64-linux-gnu/libpcre2-8.so.0	000001bb	0000a1ff	000003e8	000003e8	00000001	6a824d42	00000000	00000030	00000000	00000000	00000000
usr/lib/aarch64-linux-gnu/libpcre2-8.so.0.14.0	000001bc	000081a4	000003e8	000003e8	00000001	69810a4a	00000000	00000030	00000000	00000000	00000000
usr/lib/aarch64-linux-gnu/libpixman-1.so.0	000001bd	0000a1ff	000003e8	000003e8	00000001	6a824d44	00000000	00000030	00000000	00000000	00000000
usr/lib/aarch64-linux-gnu/libpixman-1.so.0.46.4	000001be	000081a4	000003e8	000003e8	00000001	68da495e	00000000	00000030	00000000	00000000	00000000
usr/lib/aarch64-linux-gnu/libply-splash-core.so.5	000001c1	0000a1ff	000003e8	000003e8	00000001	6a824d43	00000000	00000030	00000000	00000000	00000000
usr/lib/aarch64-linux-gnu/libply-splash-core.so.5.0.0	000001c2	000081a4	000003e8	000003e8	00000001	69b2cd38	00000000	00000030	00000000	00000000	00000000
usr/lib/aarch64-linux-gnu/libply-splash-graphics.so.5	000001c3	0000a1ff	000003e8	000003e8	00000001	6a824d44	00000000	00000030	00000000	00000000	00000000
usr/lib/aarch64-linux-gnu/libply-splash-graphics.so.5.0.0	000001c4	000081a4	000003e8	000003e8	00000001	69b2cd38	00000000	00000030	00000000	00000000	00000000
usr/lib/aarch64-linux-gnu/libply.so.5	000001bf	0000a1ff	000003e8	000003e8	00000001	6a824d43	00000000	00000030	00000000	00000000	00000000
usr/lib/aarch64-linux-gnu/libply.so.5.0.0	000001c0	000081a4	000003e8	000003e8	00000001	69b2cd38	00000000	00000030	00000000	00000000	00000000
usr/lib/aarch64-linux-gnu/libpng16.so.16	000001c5	0000a1ff	000003e8	000003e8	00000001	6a824d44	00000000	00000030	00000000	00000000	00000000
usr/lib/aarch64-linux-gnu/libpng16.so.16.57.0	000001c6	000081a4	000003e8	000003e8	00000001	69dbc379	00000000	00000030	00000000	00000000	00000000
usr/lib/aarch64-linux-gnu/libpthread.so.0	000001c7	000081a4	000003e8	000003e8	00000001	6a60fcdf	00000000	00000030	00000000	00000000	00000000
usr/lib/aarch64-linux-gnu/libreadline.so.8	000001c8	0000a1ff	000003e8	000003e8	00000001	6a824d42	00000000	00000030	00000000	00000000	00000000
usr/lib/aarch64-linux-gnu/libreadline.so.8.3	000001c9	000081a4	000003e8	000003e8	00000001	698efc15	00000000	00000030	00000000	00000000	00000000
usr/lib/aarch64-linux-gnu/libresolv.so.2	000001ca	000081a4	000003e8	000003e8	00000001	6a60fcdf	00000000	00000030	00000000	00000000	00000000
usr/lib/aarch64-linux-gnu/libselinux.so.1	000001cb	000081a4	000003e8	000003e8	00000001	69bd29f3	00000000	00000030	00000000	00000000	00000000
usr/lib/aarch64-linux-gnu/libsmartcols.so.1	000001cc	0000a1ff	000003e8	000003e8	00000001	6a824d42	00000000	00000030	00000000	00000000	00000000
usr/lib/aarch64-linux-gnu/libsmartcols.so.1.1.0	000001cd	000081a4	000003e8	000003e8	00000001	69b3f063	00000000	00000030	00000000	00000000	00000000
usr/lib/aarch64-linux-gnu/libtalloc.so.2	000001ce	0000a1ff	000003e8	000003e8	00000001	6a824d42	00000000	00000030	00000000	00000000	00000000
usr/lib/aarch64-linux-gnu/libtalloc.so.2.4.3	000001cf	000081a4	000003e8	000003e8	00000001	6a638be7	00000000	00000030	00000000	00000000	00000000
usr/lib/aarch64-linux-gnu/libthai.so.0	000001d0	0000a1ff	000003e8	000003e8	00000001	6a824d44	00000000	00000030	00000000	00000000	00000000
usr/lib/aarch64-linux-gnu/libthai.so.0.3.2	000001d1	000081a4	000003e8	000003e8	00000001	6957b418	00000000	00000030	00000000	00000000	00000000
usr/lib/aarch64-linux-gnu/libtinfo.so.6	000001d2	0000a1ff	000003e8	000003e8	00000001	6a824d42	00000000	00000030	00000000	00000000	00000000
usr/lib/aarch64-linux-gnu/libtinfo.so.6.6	000001d3	000081a4	000003e8	000003e8	00000001	6958cb16	00000000	00000030	00000000	00000000	00000000
usr/lib/aarch64-linux-gnu/libudev.so.1	000001d4	0000a1ff	000003e8	000003e8	00000001	6a824d3a	00000000	00000030	00000000	00000000	00000000
usr/lib/aarch64-linux-gnu/libudev.so.1.7.12	000001d5	000081a4	000003e8	000003e8	00000001	6a67c312	00000000	00000030	00000000	00000000	00000000
usr/lib/aarch64-linux-gnu/libuuid.so.1	000001d6	0000a1ff	000003e8	000003e8	00000001	6a824d42	00000000	00000030	00000000	00000000	00000000
usr/lib/aarch64-linux-gnu/libuuid.so.1.3.0	000001d7	000081a4	000003e8	000003e8	00000001	69b3f063	00000000	00000030	00000000	00000000	00000000
usr/lib/aarch64-linux-gnu/libxcb-render.so.0	000001dc	0000a1ff	000003e8	000003e8	00000001	6a824d44	00000000	00000030	00000000	00000000	00000000
usr/lib/aarch64-linux-gnu/libxcb-render.so.0.0.0	000001dd	000081a4	000003e8	000003e8	00000001	697330f5	00000000	00000030	00000000	00000000	00000000
usr/lib/aarch64-linux-gnu/libxcb-shm.so.0	000001de	0000a1ff	000003e8	000003e8	00000001	6a824d44	00000000	00000030	00000000	00000000	00000000
usr/lib/aarch64-linux-gnu/libxcb-shm.so.0.0.0	000001df	000081a4	000003e8	000003e8	00000001	697330f5	00000000	00000030	00000000	00000000	00000000
usr/lib/aarch64-linux-gnu/libxcb.so.1	000001e0	0000a1ff	000003e8	000003e8	00000001	6a824d44	00000000	00000030	00000000	00000000	00000000
usr/lib/aarch64-linux-gnu/libxcb.so.1.1.0	000001e1	000081a4	000003e8	000003e8	00000001	697330f5	00000000	00000030	00000000	00000000	00000000
usr/lib/aarch64-linux-gnu/libxkbcommon.so.0	000001e6	0000a1ff	000003e8	000003e8	00000001	6a824d44	00000000	00000030	00000000	00000000	00000000
usr/lib/aarch64-linux-gnu/libxkbcommon.so.0.13.1	000001e7	000081a4	000003e8	000003e8	00000001	69804706	00000000	00000030	00000000	00000000	00000000
usr/lib/aarch64-linux-gnu/libz.so.1	000001ea	0000a1ff	000003e8	000003e8	00000001	6a824d3a	00000000	00000030	00000000	00000000	00000000
usr/lib/aarch64-linux-gnu/libz.so.1.3.1	000001eb	000081a4	000003e8	000003e8	00000001	69735a80	00000000	00000030	00000000	00000000	00000000
usr/lib/aarch64-linux-gnu/libzstd.so.1	000001ec	0000a1ff	000003e8	000003e8	00000001	6a824d3a	00000000	00000030	00000000	00000000	00000000
usr/lib/aarch64-linux-gnu/libzstd.so.1.5.7	000001ed	000081a4	000003e8	000003e8	00000001	695bbcf0	00000000	00000030	00000000	00000000	00000000
usr/lib/aarch64-linux-gnu/plymouth	000001ee	000041ed	000003e8	000003e8	00000003	6a8eba6c	00000000	00000030	00000000	00000000	00000000
usr/lib/aarch64-linux-gnu/plymouth/details.so	000001ef	000081a4	000003e8	000003e8	00000001	69b2cd38	00000000	00000030	00000000	00000000	00000000
usr/lib/aarch64-linux-gnu/plymouth/label-pango.so	000001f0	000081a4	000003e8	000003e8	00000001	69b2cd38	00000000	00000030	00000000	00000000	00000000
usr/lib/aarch64-linux-gnu/plymouth/renderers	000001f1	000041ed	000003e8	000003e8	00000002	6a8eba6c	00000000	00000030	00000000	00000000	00000000
usr/lib/aarch64-linux-gnu/plymouth/renderers/drm.so	000001f2	000081a4	000003e8	000003e8	00000001	69b2cd38	00000000	00000030	00000000	00000000	00000000
usr/lib/aarch64-linux-gnu/plymouth/renderers/frame-buffer.so	000001f3	000081a4	000003e8	000003e8	00000001	69b2cd38	00000000	00000030	00000000	00000000	00000000
usr/lib/aarch64-linux-gnu/plymouth/text.so	000001f4	000081a4	000003e8	000003e8	00000001	69b2cd38	00000000	00000030	00000000	00000000	00000000
usr/lib/aarch64-linux-gnu/plymouth/two-step.so	000001f5	000081a4	000003e8	000003e8	00000001	69b2cd38	00000000	00000030	00000000	00000000	00000000
usr/lib/aarch64-linux-gnu/plymouth/ubuntu-text.so	000001f6	000081a4	000003e8	000003e8	00000001	69b2cd38	00000000	00000030	00000000	00000000	00000000
usr/lib/aarch64-linux-gnu/systemd	000001f7	000041ed	000003e8	000003e8	00000002	6a8eba6c	00000000	00000030	00000000	00000000	00000000
usr/lib/aarch64-linux-gnu/systemd/libsystemd-shared-259.so	000001f8	000081a4	000003e8	000003e8	00000001	6a67c312	00000000	00000030	00000000	00000000	00000000
usr/lib/brltty	000001f9	000041ed	000003e8	000003e8	00000002	6a8eba6c	00000000	00000030	00000000	00000000	00000000
usr/lib/brltty/brltty.sh	000001fa	000081a4	000003e8	000003e8	00000001	67404a74	00000000	00000030	00000000	00000000	00000000
usr/lib/casper	000001fb	000041ed	000003e8	000003e8	00000002	6a824d42	00000000	00000030	00000000	00000000	00000000
usr/lib/firmware	00000204	000041ed	000003e8	000003e8	00000021	6a8eba6d	00000000	00000030	00000000	00000000	00000000
usr/lib/firmware/3com	00000205	000041ed	000003e8	000003e8	00000002	6a8eba6c	00000000	00000030	00000000	00000000	00000000
usr/lib/firmware/3com/typhoon.bin.zst	00000206	000081a4	000003e8	000003e8	00000001	69df7d24	00000000	00000030	00000000	00000000	00000000
usr/lib/firmware/adaptec	00000207	000041ed	000003e8	000003e8	00000002	6a8eba6c	00000000	00000030	00000000	00000000	00000000
usr/lib/firmware/adaptec/starfire_rx.bin.zst	00000208	000081a4	000003e8	000003e8	00000001	69df7d24	00000000	00000030	00000000	00000000	00000000
usr/lib/firmware/adaptec/starfire_tx.bin.zst	00000209	0000a1ff	000003e8	000003e8	00000001	6a824d3e	00000000	00000030	00000000	00000000	00000000
usr/lib/firmware/advansys	0000020a	000041ed	000003e8	000003e8	00000002	6a8eba6c	00000000	00000030	00000000	00000000	00000000
usr/lib/firmware/advansys/3550.bin.zst	0000020b	000081a4	000003e8	000003e8	00000001	69df7d24	00000000	00000030	00000000	00000000	00000000
usr/lib/firmware/advansys/38C0800.bin.zst	0000020c	000081a4	000003e8	000003e8	00000001	69df7d24	00000000	00000030	00000000	00000000	00000000
usr/lib/firmware/advansys/38C1600.bin.zst	0000020d	000081a4	000003e8	000003e8	00000001	69df7d24	00000000	00000030	00000000	00000000	00000000
usr/lib/firmware/advansys/mcode.bin.zst	0000020e	000081a4	000003e8	000003e8	00000001	69df7d24	00000000	00000030	00000000	00000000	00000000
usr/lib/firmware/airoha	0000020f	000041ed	000003e8	000003e8	00000003	6a8eba6c	00000000	00000030	00000000	00000000	00000000
usr/lib/firmware/airoha/EthMD32.DSP.bin.zst	00000214	000081a4	000003e8	000003e8	00000001	69df7d24	00000000	00000030	00000000	00000000	00000000
usr/lib/firmware/airoha/EthMD32.dm.bin.zst	00000213	000081a4	000003e8	000003e8	00000001	69df7d24	00000000	00000030	00000000	00000000	00000000
usr/lib/firmware/airoha/an8811hb	00000210	000041ed	000003e8	000003e8	00000002	6a8eba6c	00000000	00000030	00000000	00000000	00000000
usr/lib/firmware/airoha/an8811hb/EthMD32_CRC.DM.bin.zst	00000211	000081a4	000003e8	000003e8	00000001	69df7d24	00000000	00000030	00000000	00000000	00000000
usr/lib/firmware/airoha/an8811hb/EthMD32_CRC.DSP.bin.zst	00000212	000081a4	000003e8	000003e8	00000001	69df7d24	00000000	00000030	00000000	00000000	00000000
usr/lib/firmware/ath11k	00000215	000041ed	000003e8	000003e8	00000003	6a8eba6c	00000000	00000030	00000000	00000000	00000000
usr/lib/firmware/ath11k/IPQ6018	00000216	000041ed	000003e8	000003e8	00000003	6a8eba6c	00000000	00000030	00000000	00000000	00000000
usr/lib/firmware/ath11k/IPQ6018/hw1.0	00000217	000041ed	000003e8	000003e8	00000002	6a8eba6c	00000000	00000030	00000000	00000000	00000000
usr/lib/firmware/ath11k/IPQ6018/hw1.0/Notice.txt.zst	00000218	000081a4	000003e8	000003e8	00000001	69bbeccf	00000000	00000030	00000000	00000000	00000000
usr/lib/firmware/ath12k	00000219	000041ed	000003e8	000003e8	00000004	6a8eba6c	00000000	00000030	00000000	00000000	00000000
usr/lib/firmware/ath12k/QCN9274	0000021a	000041ed	000003e8	000003e8	00000003	6a8eba6c	00000000	00000030	00000000	00000000	00000000
usr/lib/firmware/ath12k/QCN9274/hw2.0	0000021b	000041ed	000003e8	000003e8	00000002	6a8eba6c	00000000	00000030	00000000	00000000	00000000
usr/lib/firmware/ath12k/QCN9274/hw2.0/Notice.txt.zst	0000021e	0000a1ff	000003e8	000003e8	00000001	6a824d48	00000000	00000030	00000000	00000000	00000000
usr/lib/firmware/ath12k/QCN9274/hw2.0/board-2.bin.zst	0000021c	000081a4	000003e8	000003e8	00000001	69bbeccf	00000000	00000030	00000000	00000000	00000000
usr/lib/firmware/ath12k/QCN9274/hw2.0/firmware-2.bin.zst	0000021d	000081a4	000003e8	000003e8	00000001	69bbeccf	00000000	00000030	00000000	00000000	00000000
usr/lib/firmware/ath12k/WCN7850	0000021f	000041ed	000003e8	000003e8	00000003	6a8eba6c	00000000	00000030	00000000	00000000	00000000
usr/lib/firmware/ath12k/WCN7850/hw2.0	00000220	000041ed	000003e8	000003e8	00000003	6a8eba6c	00000000	00000030	00000000	00000000	00000000
usr/lib/firmware/ath12k/WCN7850/hw2.0/Notice.txt.zst	00000225	000081a4	000003e8	000003e8	00000001	69bbeccf	00000000	00000030	00000000	00000000	00000000
usr/lib/firmware/ath12k/WCN7850/hw2.0/amss.bin.zst	00000221	000081a4	000003e8	000003e8	00000001	69bbeccf	00000000	00000030	00000000	00000000	00000000
usr/lib/firmware/ath12k/WCN7850/hw2.0/board-2.bin.zst	00000222	000081a4	000003e8	000003e8	00000001	6a537e00	00000000	00000030	00000000	00000000	00000000
usr/lib/firmware/ath12k/WCN7850/hw2.0/m3.bin.zst	00000223	000081a4	000003e8	000003e8	00000001	69bbeccf	00000000	00000030	00000000	00000000	00000000
usr/lib/firmware/ath12k/WCN7850/hw2.0/ncm865	00000224	000041ed	000003e8	000003e8	00000002	6a824d48	00000000	00000030	00000000	00000000	00000000
usr/lib/firmware/bnx2	00000226	000041ed	000003e8	000003e8	00000002	6a8eba6c	00000000	00000030	00000000	00000000	00000000
usr/lib/firmware/bnx2/bnx2-mips-06-6.2.3.fw.zst	00000227	000081a4	000003e8	000003e8	00000001	69df7d24	00000000	00000030	00000000	00000000	00000000
usr/lib/firmware/bnx2/bnx2-mips-09-6.2.1b.fw.zst	00000228	000081a4	000003e8	000003e8	00000001	69df7d24	00000000	00000030	00000000	00000000	00000000
usr/lib/firmware/bnx2/bnx2-rv2p-06-6.0.15.fw.zst	00000229	000081a4	000003e8	000003e8	00000001	69df7d24	00000000	00000030	00000000	00000000	00000000
usr/lib/firmware/bnx2/bnx2-rv2p-09-6.0.17.fw.zst	0000022a	000081a4	000003e8	000003e8	00000001	69df7d24	00000000	00000030	00000000	00000000	00000000
usr/lib/firmware/bnx2/bnx2-rv2p-09ax-6.0.17.fw.zst	0000022b	000081a4	000003e8	000003e8	00000001	69df7d24	00000000	00000030	00000000	00000000	00000000
usr/lib/firmware/bnx2x	0000022c	000041ed	000003e8	000003e8	00000002	6a8eba6c	00000000	00000030	00000000	00000000	00000000
usr/lib/firmware/bnx2x/bnx2x-e1-7.13.15.0.fw.zst	0000022d	000081a4	000003e8	000003e8	00000001	69df7d24	00000000	00000030	00000000	00000000	00000000
usr/lib/firmware/bnx2x/bnx2x-e1-7.13.21.0.fw.zst	0000022e	000081a4	000003e8	000003e8	00000001	69df7d24	00000000	00000030	00000000	00000000	00000000
usr/lib/firmware/bnx2x/bnx2x-e1h-7.13.15.0.fw.zst	0000022f	000081a4	000003e8	000003e8	00000001	69df7d24	00000000	00000030	00000000	00000000	00000000
usr/lib/firmware/bnx2x/bnx2x-e1h-7.13.21.0.fw.zst	00000230	000081a4	000003e8	000003e8	00000001	69df7d24	00000000	00000030	00000000	00000000	00000000
usr/lib/firmware/bnx2x/bnx2x-e2-7.13.15.0.fw.zst	00000231	000081a4	000003e8	000003e8	00000001	69df7d24	00000000	00000030	00000000	00000000	00000000
usr/lib/firmware/bnx2x/bnx2x-e2-7.13.21.0.fw.zst	00000232	000081a4	000003e8	000003e8	00000001	69df7d24	00000000	00000030	00000000	00000000	00000000
usr/lib/firmware/cadence	00000233	000041ed	000003e8	000003e8	00000002	6a8eba6c	00000000	00000030	00000000	00000000	00000000
usr/lib/firmware/cadence/mhdp8546.bin.zst	00000234	000081a4	000003e8	000003e8	00000001	69df7d24	00000000	00000030	00000000	00000000	00000000
usr/lib/firmware/cbfw-3.2.5.1.bin.zst	00000235	000081a4	000003e8	000003e8	00000001	6a3d2383	00000000	00000030	00000000	00000000	00000000
usr/lib/firmware/cs42l43.bin.zst	00000236	000081a4	000003e8	000003e8	00000001	69df7d24	00000000	00000030	00000000	00000000	00000000
usr/lib/firmware/ct2fw-3.2.5.1.bin.zst	00000237	000081a4	000003e8	000003e8	00000001	6a3d2383	00000000	00000030	00000000	00000000	00000000
usr/lib/firmware/ctfw-3.2.5.1.bin.zst	00000238	000081a4	000003e8	000003e8	00000001	6a3d2383	00000000	00000030	00000000	00000000	00000000
usr/lib/firmware/cxgb3	00000239	000041ed	000003e8	000003e8	00000002	6a8eba6c	00000000	00000030	00000000	00000000	00000000
usr/lib/firmware/cxgb3/ael2005_opt_edc.bin.zst	0000023a	000081a4	000003e8	000003e8	00000001	69df7d24	00000000	00000030	00000000	00000000	00000000
usr/lib/firmware/cxgb3/ael2005_twx_edc.bin.zst	0000023b	000081a4	000003e8	000003e8	00000001	69df7d24	00000000	00000030	00000000	00000000	00000000
usr/lib/firmware/cxgb3/ael2020_twx_edc.bin.zst	0000023c	000081a4	000003e8	000003e8	00000001	69df7d24	00000000	00000030	00000000	00000000	00000000
usr/lib/firmware/cxgb3/t3b_psram-1.1.0.bin.zst	0000023d	000081a4	000003e8	000003e8	00000001	69df7d24	00000000	00000030	00000000	00000000	00000000
usr/lib/firmware/cxgb3/t3c_psram-1.1.0.bin.zst	0000023e	000081a4	000003e8	000003e8	00000001	69df7d24	00000000	00000030	00000000	00000000	00000000
usr/lib/firmware/cxgb3/t3fw-7.12.0.bin.zst	0000023f	000081a4	000003e8	000003e8	00000001	69df7d24	00000000	00000030	00000000	00000000	00000000
usr/lib/firmware/cxgb4	00000240	000041ed	000003e8	000003e8	00000002	6a8eba6c	00000000	00000030	00000000	00000000	00000000
usr/lib/firmware/cxgb4/t4fw-1.27.5.0.bin.zst	00000241	000081a4	000003e8	000003e8	00000001	69df7d24	00000000	00000030	00000000	00000000	00000000
usr/lib/firmware/cxgb4/t4fw.bin.zst	00000242	0000a1ff	000003e8	000003e8	00000001	6a824d38	00000000	00000030	00000000	00000000	00000000
usr/lib/firmware/cxgb4/t5fw-1.27.5.0.bin.zst	00000243	000081a4	000003e8	000003e8	00000001	69df7d24	00000000	00000030	00000000	00000000	00000000
usr/lib/firmware/cxgb4/t5fw.bin.zst	00000244	0000a1ff	000003e8	000003e8	00000001	6a824d38	00000000	00000030	00000000	00000000	00000000
usr/lib/firmware/cxgb4/t6fw-1.27.5.0.bin.zst	00000245	000081a4	000003e8	000003e8	00000001	69df7d24	00000000	00000030	00000000	00000000	00000000
usr/lib/firmware/cxgb4/t6fw.bin.zst	00000246	0000a1ff	000003e8	000003e8	00000001	6a824d38	00000000	00000030	00000000	00000000	00000000
usr/lib/firmware/e100	00000247	000041ed	000003e8	000003e8	00000002	6a8eba6c	00000000	00000030	00000000	00000000	00000000
usr/lib/firmware/e100/d101m_ucode.bin.zst	00000248	000081a4	000003e8	000003e8	00000001	69bbeccd	00000000	00000030	00000000	00000000	00000000
usr/lib/firmware/e100/d101s_ucode.bin.zst	00000249	000081a4	000003e8	000003e8	00000001	69bbeccd	00000000	00000030	00000000	00000000	00000000
usr/lib/firmware/e100/d102e_ucode.bin.zst	0000024a	000081a4	000003e8	000003e8	00000001	69bbeccd	00000000	00000030	00000000	00000000	00000000
usr/lib/firmware/ene-ub6250	0000024b	000041ed	000003e8	000003e8	00000002	6a8eba6c	00000000	00000030	00000000	00000000	00000000
usr/lib/firmware/ene-ub6250/ms_init.bin.zst	0000024c	000081a4	000003e8	000003e8	00000001	69df7d24	00000000	00000030	00000000	00000000	00000000
usr/lib/firmware/ene-ub6250/ms_rdwr.bin.zst	0000024e	000081a4	000003e8	000003e8	00000001	69df7d24	00000000	00000030	00000000	00000000	00000000
usr/lib/firmware/ene-ub6250/msp_rdwr.bin.zst	0000024d	000081a4	000003e8	000003e8	00000001	69df7d24	00000000	00000030	00000000	00000000	00000000
usr/lib/firmware/ene-ub6250/sd_init1.bin.zst	0000024f	000081a4	000003e8	000003e8	00000001	69df7d24	00000000	00000030	00000000	00000000	00000000
usr/lib/firmware/ene-ub6250/sd_init2.bin.zst	00000250	000081a4	000003e8	000003e8	00000001	69df7d24	00000000	00000030	00000000	00000000	00000000
usr/lib/firmware/ene-ub6250/sd_rdwr.bin.zst	00000251	000081a4	000003e8	000003e8	00000001	69df7d24	00000000	00000030	00000000	00000000	00000000
usr/lib/firmware/imx	00000252	000041ed	000003e8	000003e8	00000003	6a8eba6c	00000000	00000030	00000000	00000000	00000000
usr/lib/firmware/imx/sdma	00000253	000041ed	000003e8	000003e8	00000002	6a8eba6c	00000000	00000030	00000000	00000000	00000000
usr/lib/firmware/imx/sdma/sdma-imx7d.bin.zst	00000254	000081a4	000003e8	000003e8	00000001	69df7d24	00000000	00000030	00000000	00000000	00000000
usr/lib/firmware/intel	00000255	000041ed	000003e8	000003e8	00000003	6a8eba6c	00000000	00000030	00000000	00000000	00000000
usr/lib/firmware/intel/ibt-11-5.ddc.zst	00000256	000081a4	000003e8	000003e8	00000001	6a3d2384	00000000	00000030	00000000	00000000	00000000
usr/lib/firmware/intel/ibt-11-5.sfi.zst	00000257	000081a4	000003e8	000003e8	00000001	6a3d2384	00000000	00000030	00000000	00000000	00000000
usr/lib/firmware/intel/ibt-12-16.ddc.zst	00000258	000081a4	000003e8	000003e8	00000001	6a3d2384	00000000	00000030	00000000	00000000	00000000
usr/lib/firmware/intel/ibt-12-16.sfi.zst	00000259	000081a4	000003e8	000003e8	00000001	6a3d2384	00000000	00000030	00000000	00000000	00000000
usr/lib/firmware/intel/ice	0000025a	000041ed	000003e8	000003e8	00000003	6a8eba6c	00000000	00000030	00000000	00000000	00000000
usr/lib/firmware/intel/ice/ddp	0000025b	000041ed	000003e8	000003e8	00000002	6a8eba6c	00000000	00000030	00000000	00000000	00000000
usr/lib/firmware/intel/ice/ddp/ice-1.3.43.0.pkg.zst	0000025c	000081a4	000003e8	000003e8	00000001	69bbeccd	00000000	00000030	00000000	00000000	00000000
usr/lib/firmware/intel/ice/ddp/ice.pkg.zst	0000025d	0000a1ff	000003e8	000003e8	00000001	6a824d3e	00000000	00000030	00000000	00000000	00000000
usr/lib/firmware/kaweth	0000025e	000041ed	000003e8	000003e8	00000002	6a8eba6c	00000000	00000030	00000000	00000000	00000000
usr/lib/firmware/kaweth/new_code.bin.zst	0000025f	000081a4	000003e8	000003e8	00000001	69df7d24	00000000	00000030	00000000	00000000	00000000
usr/lib/firmware/kaweth/new_code_fix.bin.zst	00000260	000081a4	000003e8	000003e8	00000001	69df7d24	00000000	00000030	00000000	00000000	00000000
usr/lib/firmware/kaweth/trigger_code.bin.zst	00000261	000081a4	000003e8	000003e8	00000001	69df7d24	00000000	00000030	00000000	00000000	00000000
usr/lib/firmware/kaweth/trigger_code_fix.bin.zst	00000262	000081a4	000003e8	000003e8	00000001	69df7d24	00000000	00000030	00000000	00000000	00000000
usr/lib/firmware/liquidio	00000263	000041ed	000003e8	000003e8	00000002	6a8eba6c	00000000	00000030	00000000	00000000	00000000
usr/lib/firmware/liquidio/lio_210nv_nic.bin.zst	00000264	000081a4	000003e8	000003e8	00000001	69df7d24	00000000	00000030	00000000	00000000	00000000
usr/lib/firmware/liquidio/lio_210sv_nic.bin.zst	00000265	000081a4	000003e8	000003e8	00000001	69df7d24	00000000	00000030	00000000	00000000	00000000
usr/lib/firmware/liquidio/lio_23xx_nic.bin.zst	00000266	000081a4	000003e8	000003e8	00000001	69df7d24	00000000	00000030	00000000	00000000	00000000
usr/lib/firmware/liquidio/lio_410nv_nic.bin.zst	00000267	000081a4	000003e8	000003e8	00000001	69df7d24	00000000	00000030	00000000	00000000	00000000
usr/lib/firmware/lt9611uxc_fw.bin.zst	00000268	000081a4	000003e8	000003e8	00000001	69df7d24	00000000	00000030	00000000	00000000	00000000
usr/lib/firmware/mellanox	00000269	000041ed	000003e8	000003e8	00000002	6a8eba6c	00000000	00000030	00000000	00000000	00000000
usr/lib/firmware/mellanox/lc_ini_bundle_2010_1006.bin.zst	0000026a	000081a4	000003e8	000003e8	00000001	6a3d2383	00000000	00000030	00000000	00000000	00000000
usr/lib/firmware/mellanox/mlxsw_spectrum-13.2010.1006.mfa2.zst	0000026b	000081a4	000003e8	000003e8	00000001	6a3d2383	00000000	00000030	00000000	00000000	00000000
usr/lib/firmware/mellanox/mlxsw_spectrum2-29.2010.1006.mfa2.zst	0000026c	000081a4	000003e8	000003e8	00000001	6a3d2383	00000000	00000030	00000000	00000000	00000000
usr/lib/firmware/mellanox/mlxsw_spectrum3-30.2010.1006.mfa2.zst	0000026d	000081a4	000003e8	000003e8	00000001	6a3d2383	00000000	00000030	00000000	00000000	00000000
usr/lib/firmware/microchip	0000026e	000041ed	000003e8	000003e8	00000002	6a8eba6c	00000000	00000030	00000000	00000000	00000000
usr/lib/firmware/microchip/mscc_vsc8574_revb_int8051_29e8.bin.zst	0000026f	000081a4	000003e8	000003e8	00000001	69df7d24	00000000	00000030	00000000	00000000	00000000
usr/lib/firmware/microchip/mscc_vsc8584_revb_int8051_fb48.bin.zst	00000270	000081a4	000003e8	000003e8	00000001	69df7d24	00000000	00000030	00000000	00000000	00000000
usr/lib/firmware/myri10ge_eth_z8e.dat.zst	00000272	000081a4	000003e8	000003e8	00000001	69df7d24	00000000	00000030	00000000	00000000	00000000
usr/lib/firmware/myri10ge_ethp_z8e.dat.zst	00000271	000081a4	000003e8	000003e8	00000001	69df7d24	00000000	00000030	00000000	00000000	00000000
usr/lib/firmware/myri10ge_rss_eth_z8e.dat.zst	00000274	000081a4	000003e8	000003e8	00000001	69df7d24	00000000	00000030	00000000	00000000	00000000
usr/lib/firmware/myri10ge_rss_ethp_z8e.dat.zst	00000273	000081a4	000003e8	000003e8	00000001	69df7d24	00000000	00000030	00000000	00000000	00000000
usr/lib/firmware/netronome	00000275	000041ed	000003e8	000003e8	00000003	6a8eba6c	00000000	00000030	00000000	00000000	00000000
usr/lib/firmware/netronome/nic	00000276	000041ed	000003e8	000003e8	00000002	6a8eba6c	00000000	00000030	00000000	00000000	00000000
usr/lib/firmware/netronome/nic/nic_AMDA0058-0011_2x40.nffw.zst	00000282	000081a4	000003e8	000003e8	00000001	6a3d2383	00000000	00000030	00000000	00000000	00000000
usr/lib/firmware/netronome/nic/nic_AMDA0058-0012_2x40.nffw.zst	00000283	000081a4	000003e8	000003e8	00000001	6a3d2383	00000000	00000030	00000000	00000000	00000000
usr/lib/firmware/netronome/nic/nic_AMDA0081-0001_1x40.nffw.zst	00000284	000081a4	000003e8	000003e8	00000001	6a3d2383	00000000	00000030	00000000	00000000	00000000
usr/lib/firmware/netronome/nic/nic_AMDA0081-0001_4x10.nffw.zst	00000285	000081a4	000003e8	000003e8	00000001	6a3d2383	00000000	00000030	00000000	00000000	00000000
usr/lib/firmware/netronome/nic/nic_AMDA0096-0001_2x10.nffw.zst	00000286	000081a4	000003e8	000003e8	00000001	6a3d2383	00000000	00000030	00000000	00000000	00000000
usr/lib/firmware/netronome/nic/nic_AMDA0097-0001_2x40.nffw.zst	00000287	000081a4	000003e8	000003e8	00000001	6a3d2383	00000000	00000030	00000000	00000000	00000000
usr/lib/firmware/netronome/nic/nic_AMDA0097-0001_4x10_1x40.nffw.zst	00000288	000081a4	000003e8	000003e8	00000001	6a3d2383	00000000	00000030	00000000	00000000	00000000
usr/lib/firmware/netronome/nic/nic_AMDA0097-0001_8x10.nffw.zst	00000289	000081a4	000003e8	000003e8	00000001	6a3d2383	00000000	00000030	00000000	00000000	00000000
usr/lib/firmware/netronome/nic/nic_AMDA0099-0001_1x10_1x25.nffw.zst	0000028a	000081a4	000003e8	000003e8	00000001	6a3d2383	00000000	00000030	00000000	00000000	00000000
usr/lib/firmware/netronome/nic/nic_AMDA0099-0001_2x10.nffw.zst	0000028b	000081a4	000003e8	000003e8	00000001	6a3d2383	00000000	00000030	00000000	00000000	00000000
usr/lib/firmware/netronome/nic/nic_AMDA0099-0001_2x25.nffw.zst	0000028c	000081a4	000003e8	000003e8	00000001	6a3d2383	00000000	00000030	00000000	00000000	00000000
usr/lib/firmware/netronome/nic_AMDA0058-0011_2x40.nffw.zst	00000277	0000a1ff	000003e8	000003e8	00000001	6a824d3e	00000000	00000030	00000000	00000000	00000000
usr/lib/firmware/netronome/nic_AMDA0058-0012_2x40.nffw.zst	00000278	0000a1ff	000003e8	000003e8	00000001	6a824d3e	00000000	00000030	00000000	00000000	00000000
usr/lib/firmware/netronome/nic_AMDA0081-0001_1x40.nffw.zst	00000279	0000a1ff	000003e8	000003e8	00000001	6a824d3e	00000000	00000030	00000000	00000000	00000000
usr/lib/firmware/netronome/nic_AMDA0081-0001_4x10.nffw.zst	0000027a	0000a1ff	000003e8	000003e8	00000001	6a824d3e	00000000	00000030	00000000	00000000	00000000
usr/lib/firmware/netronome/nic_AMDA0096-0001_2x10.nffw.zst	0000027b	0000a1ff	000003e8	000003e8	00000001	6a824d3e	00000000	00000030	00000000	00000000	00000000
usr/lib/firmware/netronome/nic_AMDA0097-0001_2x40.nffw.zst	0000027c	0000a1ff	000003e8	000003e8	00000001	6a824d3e	00000000	00000030	00000000	00000000	00000000
usr/lib/firmware/netronome/nic_AMDA0097-0001_4x10_1x40.nffw.zst	0000027d	0000a1ff	000003e8	000003e8	00000001	6a824d3e	00000000	00000030	00000000	00000000	00000000
usr/lib/firmware/netronome/nic_AMDA0097-0001_8x10.nffw.zst	0000027e	0000a1ff	000003e8	000003e8	00000001	6a824d3e	00000000	00000030	00000000	00000000	00000000
usr/lib/firmware/netronome/nic_AMDA0099-0001_1x10_1x25.nffw.zst	0000027f	0000a1ff	000003e8	000003e8	00000001	6a824d3e	00000000	00000030	00000000	00000000	00000000
usr/lib/firmware/netronome/nic_AMDA0099-0001_2x10.nffw.zst	00000280	0000a1ff	000003e8	000003e8	00000001	6a824d3e	00000000	00000030	00000000	00000000	00000000
usr/lib/firmware/netronome/nic_AMDA0099-0001_2x25.nffw.zst	00000281	0000a1ff	000003e8	000003e8	00000001	6a824d3e	00000000	00000030	00000000	00000000	00000000
usr/lib/firmware/nvidia	0000028d	000041ed	000003e8	000003e8	00000006	6a8eba6c	00000000	00000030	00000000	00000000	00000000
usr/lib/firmware/nvidia/tegra124	0000028e	000041ed	000003e8	000003e8	00000002	6a8eba6c	00000000	00000030	00000000	00000000	00000000
usr/lib/firmware/nvidia/tegra124/xusb.bin.zst	0000028f	000081a4	000003e8	000003e8	00000001	69df7d24	00000000	00000030	00000000	00000000	00000000
usr/lib/firmware/nvidia/tegra186	00000290	000041ed	000003e8	000003e8	00000002	6a8eba6c	00000000	00000030	00000000	00000000	00000000
usr/lib/firmware/nvidia/tegra186/xusb.bin.zst	00000291	000081a4	000003e8	000003e8	00000001	69df7d24	00000000	00000030	00000000	00000000	00000000
usr/lib/firmware/nvidia/tegra194	00000292	000041ed	000003e8	000003e8	00000002	6a8eba6c	00000000	00000030	00000000	00000000	00000000
usr/lib/firmware/nvidia/tegra194/xusb.bin.zst	00000293	000081a4	000003e8	000003e8	00000001	69df7d24	00000000	00000030	00000000	00000000	00000000
usr/lib/firmware/nvidia/tegra210	00000294	000041ed	000003e8	000003e8	00000002	6a8eba6c	00000000	00000030	00000000	00000000	00000000
usr/lib/firmware/nvidia/tegra210/xusb.bin.zst	00000295	000081a4	000003e8	000003e8	00000001	69df7d24	00000000	00000030	00000000	00000000	00000000
usr/lib/firmware/phanfw.bin.zst	00000296	000081a4	000003e8	000003e8	00000001	6a3d2383	00000000	00000030	00000000	00000000	00000000
usr/lib/firmware/qcom	00000297	000041ed	000003e8	000003e8	00000004	6a8eba6d	00000000	00000030	00000000	00000000	00000000
usr/lib/firmware/qcom/x1e80100	00000298	000041ed	000003e8	000003e8	00000005	6a8eba6d	00000000	00000030	00000000	00000000	00000000
usr/lib/firmware/qcom/x1e80100/LENOVO	000002a8	000041ed	000003e8	000003e8	00000004	6a8eba6c	00000000	00000030	00000000	00000000	00000000
usr/lib/firmware/qcom/x1e80100/LENOVO/21N1	000002a9	000041ed	000003e8	000003e8	00000002	6a8eba6c	00000000	00000030	00000000	00000000	00000000
usr/lib/firmware/qcom/x1e80100/LENOVO/21N1/adsp_dtbs.elf.zst	000002aa	000081a4	000003e8	000003e8	00000001	6a3d2382	00000000	00000030	00000000	00000000	00000000
usr/lib/firmware/qcom/x1e80100/LENOVO/21N1/adspr.jsn	000002ab	000081a4	000003e8	000003e8	00000001	6a3d2382	00000000	00000030	00000000	00000000	00000000
usr/lib/firmware/qcom/x1e80100/LENOVO/21N1/adsps.jsn	000002ac	000081a4	000003e8	000003e8	00000001	6a3d2382	00000000	00000030	00000000	00000000	00000000
usr/lib/firmware/qcom/x1e80100/LENOVO/21N1/adspua.jsn	000002ad	000081a4	000003e8	000003e8	00000001	6a3d2382	00000000	00000030	00000000	00000000	00000000
usr/lib/firmware/qcom/x1e80100/LENOVO/21N1/battmgr.jsn	000002ae	000081a4	000003e8	000003e8	00000001	6a3d2382	00000000	00000030	00000000	00000000	00000000
usr/lib/firmware/qcom/x1e80100/LENOVO/21N1/cdsp_dtbs.elf.zst	000002af	000081a4	000003e8	000003e8	00000001	6a3d2382	00000000	00000030	00000000	00000000	00000000
usr/lib/firmware/qcom/x1e80100/LENOVO/21N1/cdspr.jsn	000002b0	000081a4	000003e8	000003e8	00000001	6a3d2382	00000000	00000030	00000000	00000000	00000000
usr/lib/firmware/qcom/x1e80100/LENOVO/21N1/qcadsp8380.mbn.zst	000002b1	000081a4	000003e8	000003e8	00000001	6a3d2382	00000000	00000030	00000000	00000000	00000000
usr/lib/firmware/qcom/x1e80100/LENOVO/21N1/qccdsp8380.mbn.zst	000002b2	000081a4	000003e8	000003e8	00000001	6a3d2382	00000000	00000030	00000000	00000000	00000000
usr/lib/firmware/qcom/x1e80100/LENOVO/21N1/qcdxkmsuc8380.mbn.zst	000002b3	000081a4	000003e8	000003e8	00000001	6a3d2382	00000000	00000030	00000000	00000000	00000000
usr/lib/firmware/qcom/x1e80100/LENOVO/21N1/qcvss8380.mbn.zst	000002b4	000081a4	000003e8	000003e8	00000001	6a3d2382	00000000	00000030	00000000	00000000	00000000
usr/lib/firmware/qcom/x1e80100/LENOVO/83ED	000002b5	000041ed	000003e8	000003e8	00000002	6a8eba6c	00000000	00000030	00000000	00000000	00000000
usr/lib/firmware/qcom/x1e80100/LENOVO/83ED/X1E80100-LENOVO-Yoga-Slim7x-tplg.bin.zst	000002bd	000081a4	000003e8	000003e8	00000001	6a3d2382	00000000	00000030	00000000	00000000	00000000
usr/lib/firmware/qcom/x1e80100/LENOVO/83ED/adsp_dtbs.elf.zst	000002b6	000081a4	000003e8	000003e8	00000001	6a3d2382	00000000	00000030	00000000	00000000	00000000
usr/lib/firmware/qcom/x1e80100/LENOVO/83ED/adspr.jsn	000002b7	000081a4	000003e8	000003e8	00000001	6a3d2382	00000000	00000030	00000000	00000000	00000000
usr/lib/firmware/qcom/x1e80100/LENOVO/83ED/qcadsp8380.mbn.zst	000002b8	000081a4	000003e8	000003e8	00000001	6a3d2382	00000000	00000030	00000000	00000000	00000000
usr/lib/firmware/qcom/x1e80100/LENOVO/83ED/qcav1e8380.mbn.zst	000002b9	000081a4	000003e8	000003e8	00000001	6a3d2382	00000000	00000030	00000000	00000000	00000000
usr/lib/firmware/qcom/x1e80100/LENOVO/83ED/qccdsp8380.mbn.zst	000002ba	000081a4	000003e8	000003e8	00000001	6a3d2382	00000000	00000030	00000000	00000000	00000000
usr/lib/firmware/qcom/x1e80100/LENOVO/83ED/qcdxkmsuc8380.mbn.zst	000002bb	000081a4	000003e8	000003e8	00000001	6a3d2382	00000000	00000030	00000000	00000000	00000000
usr/lib/firmware/qcom/x1e80100/LENOVO/83ED/qcvss8380.mbn.zst	000002bc	000081a4	000003e8	000003e8	00000001	6a3d2382	00000000	00000030	00000000	00000000	00000000
usr/lib/firmware/qcom/x1e80100/X1E001DE-DEVKIT-tplg.bin.zst	000002c6	000081a4	000003e8	000003e8	00000001	6a3d2382	00000000	00000030	00000000	00000000	00000000
usr/lib/firmware/qcom/x1e80100/X1E80100-Microsoft-Surface-Pro-11-CPS-Headroom-Test-tplg.bin	000002c7	000081a4	000003e8	000003e8	00000001	6a7cc109	00000000	00000030	00000000	00000000	00000000
usr/lib/firmware/qcom/x1e80100/X1E80100-Microsoft-Surface-Pro-11-CPS-Parity-V2-tplg.bin	000002c8	000081a4	000003e8	000003e8	00000001	6a7b844e	00000000	00000030	00000000	00000000	00000000
usr/lib/firmware/qcom/x1e80100/X1E80100-Microsoft-Surface-Pro-11-Render-Parity-tplg.bin	000002c9	000081a4	000003e8	000003e8	00000001	6a7e52b3	00000000	00000030	00000000	00000000	00000000
usr/lib/firmware/qcom/x1e80100/X1E80100-Microsoft-Surface-Pro-11-tplg.bin	000002ca	000081a4	000003e8	000003e8	00000001	6a6e81b1	00000000	00000030	00000000	00000000	00000000
usr/lib/firmware/qcom/x1e80100/X1E80100-Romulus-tplg.bin.zst	000002cb	000081a4	000003e8	000003e8	00000001	6a3d2382	00000000	00000030	00000000	00000000	00000000
usr/lib/firmware/qcom/x1e80100/adsp.mbn.zst	0000029a	000081a4	000003e8	000003e8	00000001	6a3d2382	00000000	00000030	00000000	00000000	00000000
usr/lib/firmware/qcom/x1e80100/adsp_dtb.mbn.zst	00000299	000081a4	000003e8	000003e8	00000001	6a3d2382	00000000	00000030	00000000	00000000	00000000
usr/lib/firmware/qcom/x1e80100/cdsp.mbn.zst	0000029c	000081a4	000003e8	000003e8	00000001	6a3d2382	00000000	00000030	00000000	00000000	00000000
usr/lib/firmware/qcom/x1e80100/cdsp_dtb.mbn.zst	0000029b	000081a4	000003e8	000003e8	00000001	6a3d2382	00000000	00000030	00000000	00000000	00000000
usr/lib/firmware/qcom/x1e80100/dell	0000029d	000041ed	000003e8	000003e8	00000004	6a8eba6c	00000000	00000030	00000000	00000000	00000000
usr/lib/firmware/qcom/x1e80100/dell/inspiron-14-plus-7441	0000029e	000041ed	000003e8	000003e8	00000002	6a8eba6c	00000000	00000030	00000000	00000000	00000000
usr/lib/firmware/qcom/x1e80100/dell/inspiron-14-plus-7441/X1E80100-Dell-Inspiron-14p-7441-tplg.bin.zst	0000029f	000081a4	000003e8	000003e8	00000001	6a3d2382	00000000	00000030	00000000	00000000	00000000
usr/lib/firmware/qcom/x1e80100/dell/xps13-9345	000002a0	000041ed	000003e8	000003e8	00000002	6a8eba6c	00000000	00000030	00000000	00000000	00000000
usr/lib/firmware/qcom/x1e80100/dell/xps13-9345/X1E80100-Dell-XPS-13-9345-tplg.bin.zst	000002a6	000081a4	000003e8	000003e8	00000001	6a3d2382	00000000	00000030	00000000	00000000	00000000
usr/lib/firmware/qcom/x1e80100/dell/xps13-9345/adsp_dtbs.elf.zst	000002a1	000081a4	000003e8	000003e8	00000001	6a3d2382	00000000	00000030	00000000	00000000	00000000
usr/lib/firmware/qcom/x1e80100/dell/xps13-9345/cdsp_dtbs.elf.zst	000002a2	000081a4	000003e8	000003e8	00000001	6a3d2382	00000000	00000030	00000000	00000000	00000000
usr/lib/firmware/qcom/x1e80100/dell/xps13-9345/qcadsp8380.mbn.zst	000002a3	000081a4	000003e8	000003e8	00000001	6a3d2382	00000000	00000030	00000000	00000000	00000000
usr/lib/firmware/qcom/x1e80100/dell/xps13-9345/qccdsp8380.mbn.zst	000002a4	000081a4	000003e8	000003e8	00000001	6a3d2382	00000000	00000030	00000000	00000000	00000000
usr/lib/firmware/qcom/x1e80100/dell/xps13-9345/qcdxkmsuc8380.mbn.zst	000002a5	000081a4	000003e8	000003e8	00000001	6a3d2382	00000000	00000030	00000000	00000000	00000000
usr/lib/firmware/qcom/x1e80100/gen70500_zap.mbn.zst	000002a7	000081a4	000003e8	000003e8	00000001	6a3d2383	00000000	00000030	00000000	00000000	00000000
usr/lib/firmware/qcom/x1e80100/microsoft	000002be	000041ed	000003e8	000003e8	00000003	6a8eba6d	00000000	00000030	00000000	00000000	00000000
usr/lib/firmware/qcom/x1e80100/microsoft/Denali	000002bf	000041ed	000003e8	000003e8	00000002	6a8eba6d	00000000	00000030	00000000	00000000	00000000
usr/lib/firmware/qcom/x1e80100/microsoft/Denali/adsp_dtb.mbn	000002c0	000081a4	000003e8	000003e8	00000001	6a5378d5	00000000	00000030	00000000	00000000	00000000
usr/lib/firmware/qcom/x1e80100/microsoft/Denali/cdsp_dtb.mbn	000002c1	000081a4	000003e8	000003e8	00000001	6a5378d5	00000000	00000030	00000000	00000000	00000000
usr/lib/firmware/qcom/x1e80100/microsoft/Denali/qcadsp8380.mbn	000002c2	000081a4	000003e8	000003e8	00000001	6a5378d5	00000000	00000030	00000000	00000000	00000000
usr/lib/firmware/qcom/x1e80100/microsoft/Denali/qccdsp8380.mbn	000002c3	000081a4	000003e8	000003e8	00000001	6a5378d5	00000000	00000030	00000000	00000000	00000000
usr/lib/firmware/qcom/x1e80100/microsoft/qcdxkmsuc8380.mbn	000002c4	000081a4	000003e8	000003e8	00000001	6a5378d5	00000000	00000030	00000000	00000000	00000000
usr/lib/firmware/qcom/x1e80100/qupv3fw.elf.zst	000002c5	000081a4	000003e8	000003e8	00000001	6a3d2382	00000000	00000030	00000000	00000000	00000000
usr/lib/firmware/qcom/x1p42100	000002cc	000041ed	000003e8	000003e8	00000002	6a8eba6d	00000000	00000030	00000000	00000000	00000000
usr/lib/firmware/qcom/x1p42100/gen71500_zap.mbn.zst	000002cd	000081a4	000003e8	000003e8	00000001	6a3d2383	00000000	00000030	00000000	00000000	00000000
usr/lib/firmware/qed	000002ce	000041ed	000003e8	000003e8	00000002	6a8eba6d	00000000	00000030	00000000	00000000	00000000
usr/lib/firmware/qed/qed_init_values_zipped-8.59.1.0.bin.zst	000002cf	000081a4	000003e8	000003e8	00000001	6a3d2383	00000000	00000030	00000000	00000000	00000000
usr/lib/firmware/ql2100_fw.bin.zst	000002d0	000081a4	000003e8	000003e8	00000001	6a3d2383	00000000	00000030	00000000	00000000	00000000
usr/lib/firmware/ql2200_fw.bin.zst	000002d1	000081a4	000003e8	000003e8	00000001	6a3d2383	00000000	00000030	00000000	00000000	00000000
usr/lib/firmware/ql2300_fw.bin.zst	000002d2	000081a4	000003e8	000003e8	00000001	6a3d2383	00000000	00000030	00000000	00000000	00000000
usr/lib/firmware/ql2322_fw.bin.zst	000002d3	000081a4	000003e8	000003e8	00000001	6a3d2383	00000000	00000030	00000000	00000000	00000000
usr/lib/firmware/ql2400_fw.bin.zst	000002d4	000081a4	000003e8	000003e8	00000001	6a3d2383	00000000	00000030	00000000	00000000	00000000
usr/lib/firmware/ql2500_fw.bin.zst	000002d5	000081a4	000003e8	000003e8	00000001	6a3d2383	00000000	00000030	00000000	00000000	00000000
usr/lib/firmware/qlogic	000002d6	000041ed	000003e8	000003e8	00000002	6a8eba6d	00000000	00000030	00000000	00000000	00000000
usr/lib/firmware/qlogic/1040.bin.zst	000002d7	000081a4	000003e8	000003e8	00000001	6a3d2383	00000000	00000030	00000000	00000000	00000000
usr/lib/firmware/qlogic/12160.bin.zst	000002d8	000081a4	000003e8	000003e8	00000001	6a3d2383	00000000	00000030	00000000	00000000	00000000
usr/lib/firmware/qlogic/1280.bin.zst	000002d9	000081a4	000003e8	000003e8	00000001	6a3d2383	00000000	00000030	00000000	00000000	00000000
usr/lib/firmware/r8a779x_usb3_v1.dlmem.zst	000002da	000081a4	000003e8	000003e8	00000001	69df7d24	00000000	00000030	00000000	00000000	00000000
usr/lib/firmware/r8a779x_usb3_v3.dlmem.zst	000002db	000081a4	000003e8	000003e8	00000001	69df7d24	00000000	00000030	00000000	00000000	00000000
usr/lib/firmware/rcar_gen4_pcie.bin.zst	000002dc	000081a4	000003e8	000003e8	00000001	69df7d24	00000000	00000030	00000000	00000000	00000000
usr/lib/firmware/regulatory.db	000002dd	000081a4	000003e8	000003e8	00000001	69ba4e2e	00000000	00000030	00000000	00000000	00000000
usr/lib/firmware/regulatory.db.p7s	000002de	000081a4	000003e8	000003e8	00000001	69ba4e2e	00000000	00000030	00000000	00000000	00000000
usr/lib/firmware/rockchip	000002df	000041ed	000003e8	000003e8	00000002	6a8eba6d	00000000	00000030	00000000	00000000	00000000
usr/lib/firmware/rockchip/dptx.bin.zst	000002e0	000081a4	000003e8	000003e8	00000001	69df7d24	00000000	00000030	00000000	00000000	00000000
usr/lib/firmware/rp2.fw.zst	000002e1	000081a4	000003e8	000003e8	00000001	69df7d24	00000000	00000030	00000000	00000000	00000000
usr/lib/firmware/rtl_bt	000002e2	000041ed	000003e8	000003e8	00000002	6a8eba6d	00000000	00000030	00000000	00000000	00000000
usr/lib/firmware/rtl_bt/rtl8723a_fw.bin.zst	000002e3	000081a4	000003e8	000003e8	00000001	6a3ba8e9	00000000	00000030	00000000	00000000	00000000
usr/lib/firmware/rtl_bt/rtl8723b_config.bin.zst	000002e4	0000a1ff	000003e8	000003e8	00000001	6a824d48	00000000	00000030	00000000	00000000	00000000
usr/lib/firmware/rtl_bt/rtl8723b_fw.bin.zst	000002e5	000081a4	000003e8	000003e8	00000001	6a3ba8e9	00000000	00000030	00000000	00000000	00000000
usr/lib/firmware/rtl_bt/rtl8723bs_config.bin.zst	000002e6	000081a4	000003e8	000003e8	00000001	6a3ba8e9	00000000	00000030	00000000	00000000	00000000
usr/lib/firmware/rtl_bt/rtl8723bs_fw.bin.zst	000002e7	000081a4	000003e8	000003e8	00000001	6a3ba8e9	00000000	00000030	00000000	00000000	00000000
usr/lib/firmware/rtl_bt/rtl8723cs_xx_config.bin.zst	000002e8	000081a4	000003e8	000003e8	00000001	6a3ba8e9	00000000	00000030	00000000	00000000	00000000
usr/lib/firmware/rtl_bt/rtl8723cs_xx_fw.bin.zst	000002e9	000081a4	000003e8	000003e8	00000001	6a3ba8e9	00000000	00000030	00000000	00000000	00000000
usr/lib/firmware/rtl_bt/rtl8723d_config.bin.zst	000002ea	0000a1ff	000003e8	000003e8	00000001	6a824d48	00000000	00000030	00000000	00000000	00000000
usr/lib/firmware/rtl_bt/rtl8723d_fw.bin.zst	000002eb	000081a4	000003e8	000003e8	00000001	6a3ba8e9	00000000	00000030	00000000	00000000	00000000
usr/lib/firmware/rtl_bt/rtl8761a_fw.bin.zst	000002ec	000081a4	000003e8	000003e8	00000001	6a3ba8e9	00000000	00000030	00000000	00000000	00000000
usr/lib/firmware/rtl_bt/rtl8761b_config.bin.zst	000002ed	000081a4	000003e8	000003e8	00000001	6a3ba8e9	00000000	00000030	00000000	00000000	00000000
usr/lib/firmware/rtl_bt/rtl8761b_fw.bin.zst	000002ee	000081a4	000003e8	000003e8	00000001	6a3ba8e9	00000000	00000030	00000000	00000000	00000000
usr/lib/firmware/rtl_bt/rtl8761bu_config.bin.zst	000002ef	000081a4	000003e8	000003e8	00000001	6a3ba8e9	00000000	00000030	00000000	00000000	00000000
usr/lib/firmware/rtl_bt/rtl8761bu_fw.bin.zst	000002f0	000081a4	000003e8	000003e8	00000001	6a3ba8e9	00000000	00000030	00000000	00000000	00000000
usr/lib/firmware/rtl_bt/rtl8761cu_config.bin.zst	000002f1	000081a4	000003e8	000003e8	00000001	6a3ba8e9	00000000	00000030	00000000	00000000	00000000
usr/lib/firmware/rtl_bt/rtl8761cu_fw.bin.zst	000002f2	000081a4	000003e8	000003e8	00000001	6a3ba8e9	00000000	00000030	00000000	00000000	00000000
usr/lib/firmware/rtl_bt/rtl8821a_config.bin.zst	000002f3	0000a1ff	000003e8	000003e8	00000001	6a824d48	00000000	00000030	00000000	00000000	00000000
usr/lib/firmware/rtl_bt/rtl8821a_fw.bin.zst	000002f4	000081a4	000003e8	000003e8	00000001	6a3ba8e9	00000000	00000030	00000000	00000000	00000000
usr/lib/firmware/rtl_bt/rtl8821c_config.bin.zst	000002f5	000081a4	000003e8	000003e8	00000001	6a3ba8e9	00000000	00000030	00000000	00000000	00000000
usr/lib/firmware/rtl_bt/rtl8821c_fw.bin.zst	000002f6	000081a4	000003e8	000003e8	00000001	6a3ba8e9	00000000	00000030	00000000	00000000	00000000
usr/lib/firmware/rtl_bt/rtl8821cs_config.bin.zst	000002f7	0000a1ff	000003e8	000003e8	00000001	6a824d48	00000000	00000030	00000000	00000000	00000000
usr/lib/firmware/rtl_bt/rtl8821cs_fw.bin.zst	000002f8	000081a4	000003e8	000003e8	00000001	6a3ba8e9	00000000	00000030	00000000	00000000	00000000
usr/lib/firmware/rtl_bt/rtl8822b_config.bin.zst	000002f9	000081a4	000003e8	000003e8	00000001	6a3ba8e9	00000000	00000030	00000000	00000000	00000000
usr/lib/firmware/rtl_bt/rtl8822b_fw.bin.zst	000002fa	000081a4	000003e8	000003e8	00000001	6a3ba8e9	00000000	00000030	00000000	00000000	00000000
usr/lib/firmware/rtl_bt/rtl8822cs_config.bin.zst	000002fb	000081a4	000003e8	000003e8	00000001	6a3ba8e9	00000000	00000030	00000000	00000000	00000000
usr/lib/firmware/rtl_bt/rtl8822cs_fw.bin.zst	000002fc	000081a4	000003e8	000003e8	00000001	6a3ba8e9	00000000	00000030	00000000	00000000	00000000
usr/lib/firmware/rtl_bt/rtl8822cu_config.bin.zst	000002fd	0000a1ff	000003e8	000003e8	00000001	6a824d48	00000000	00000030	00000000	00000000	00000000
usr/lib/firmware/rtl_bt/rtl8822cu_fw.bin.zst	000002fe	000081a4	000003e8	000003e8	00000001	6a3ba8e9	00000000	00000030	00000000	00000000	00000000
usr/lib/firmware/rtl_bt/rtl8851bu_config.bin.zst	000002ff	0000a1ff	000003e8	000003e8	00000001	6a824d48	00000000	00000030	00000000	00000000	00000000
usr/lib/firmware/rtl_bt/rtl8851bu_fw.bin.zst	00000300	000081a4	000003e8	000003e8	00000001	6a3ba8e9	00000000	00000030	00000000	00000000	00000000
usr/lib/firmware/rtl_bt/rtl8852au_config.bin.zst	00000301	0000a1ff	000003e8	000003e8	00000001	6a824d48	00000000	00000030	00000000	00000000	00000000
usr/lib/firmware/rtl_bt/rtl8852au_fw.bin.zst	00000302	000081a4	000003e8	000003e8	00000001	6a3ba8e9	00000000	00000030	00000000	00000000	00000000
usr/lib/firmware/rtl_bt/rtl8852btu_config.bin.zst	00000303	0000a1ff	000003e8	000003e8	00000001	6a824d48	00000000	00000030	00000000	00000000	00000000
usr/lib/firmware/rtl_bt/rtl8852btu_fw.bin.zst	00000304	000081a4	000003e8	000003e8	00000001	6a3ba8e9	00000000	00000030	00000000	00000000	00000000
usr/lib/firmware/rtl_bt/rtl8852bu_config.bin.zst	00000305	0000a1ff	000003e8	000003e8	00000001	6a824d48	00000000	00000030	00000000	00000000	00000000
usr/lib/firmware/rtl_bt/rtl8852bu_fw.bin.zst	00000306	000081a4	000003e8	000003e8	00000001	6a3ba8e9	00000000	00000030	00000000	00000000	00000000
usr/lib/firmware/rtl_bt/rtl8852cu_config.bin.zst	00000307	0000a1ff	000003e8	000003e8	00000001	6a824d48	00000000	00000030	00000000	00000000	00000000
usr/lib/firmware/rtl_bt/rtl8852cu_fw.bin.zst	00000308	000081a4	000003e8	000003e8	00000001	6a3ba8e9	00000000	00000030	00000000	00000000	00000000
usr/lib/firmware/rtl_bt/rtl8852cu_fw_v2.bin.zst	00000309	000081a4	000003e8	000003e8	00000001	6a3ba8e9	00000000	00000030	00000000	00000000	00000000
usr/lib/firmware/rtl_bt/rtl8922au_config.bin.zst	0000030a	0000a1ff	000003e8	000003e8	00000001	6a824d48	00000000	00000030	00000000	00000000	00000000
usr/lib/firmware/rtl_bt/rtl8922au_fw.bin.zst	0000030b	000081a4	000003e8	000003e8	00000001	6a3ba8e9	00000000	00000030	00000000	00000000	00000000
usr/lib/firmware/rtl_nic	0000030c	000041ed	000003e8	000003e8	00000002	6a8eba6d	00000000	00000030	00000000	00000000	00000000
usr/lib/firmware/rtl_nic/rtl8105e-1.fw.zst	0000030d	000081a4	000003e8	000003e8	00000001	6a3ba8e9	00000000	00000030	00000000	00000000	00000000
usr/lib/firmware/rtl_nic/rtl8106e-1.fw.zst	0000030e	000081a4	000003e8	000003e8	00000001	6a3ba8e9	00000000	00000030	00000000	00000000	00000000
usr/lib/firmware/rtl_nic/rtl8106e-2.fw.zst	0000030f	000081a4	000003e8	000003e8	00000001	6a3ba8e9	00000000	00000030	00000000	00000000	00000000
usr/lib/firmware/rtl_nic/rtl8107e-2.fw.zst	00000310	000081a4	000003e8	000003e8	00000001	6a3ba8e9	00000000	00000030	00000000	00000000	00000000
usr/lib/firmware/rtl_nic/rtl8125a-3.fw.zst	00000311	000081a4	000003e8	000003e8	00000001	6a3ba8e9	00000000	00000030	00000000	00000000	00000000
usr/lib/firmware/rtl_nic/rtl8125b-2.fw.zst	00000312	000081a4	000003e8	000003e8	00000001	6a3ba8e9	00000000	00000030	00000000	00000000	00000000
usr/lib/firmware/rtl_nic/rtl8125bp-2.fw.zst	00000313	000081a4	000003e8	000003e8	00000001	6a3ba8e9	00000000	00000030	00000000	00000000	00000000
usr/lib/firmware/rtl_nic/rtl8125cp-1.fw.zst	00000314	000081a4	000003e8	000003e8	00000001	6a3ba8e9	00000000	00000030	00000000	00000000	00000000
usr/lib/firmware/rtl_nic/rtl8125d-1.fw.zst	00000315	000081a4	000003e8	000003e8	00000001	6a3ba8e9	00000000	00000030	00000000	00000000	00000000
usr/lib/firmware/rtl_nic/rtl8125d-2.fw.zst	00000316	000081a4	000003e8	000003e8	00000001	6a3ba8e9	00000000	00000030	00000000	00000000	00000000
usr/lib/firmware/rtl_nic/rtl8125k-1.fw.zst	00000317	000081a4	000003e8	000003e8	00000001	6a3ba8e9	00000000	00000030	00000000	00000000	00000000
usr/lib/firmware/rtl_nic/rtl8126a-2.fw.zst	00000318	000081a4	000003e8	000003e8	00000001	6a3ba8e9	00000000	00000030	00000000	00000000	00000000
usr/lib/firmware/rtl_nic/rtl8126a-3.fw.zst	00000319	000081a4	000003e8	000003e8	00000001	6a3ba8e9	00000000	00000030	00000000	00000000	00000000
usr/lib/firmware/rtl_nic/rtl8127a-1.fw.zst	0000031a	000081a4	000003e8	000003e8	00000001	6a3ba8e9	00000000	00000030	00000000	00000000	00000000
usr/lib/firmware/rtl_nic/rtl8153a-2.fw.zst	0000031b	000081a4	000003e8	000003e8	00000001	6a3ba8e9	00000000	00000030	00000000	00000000	00000000
usr/lib/firmware/rtl_nic/rtl8153a-3.fw.zst	0000031c	000081a4	000003e8	000003e8	00000001	6a3ba8e9	00000000	00000030	00000000	00000000	00000000
usr/lib/firmware/rtl_nic/rtl8153a-4.fw.zst	0000031d	000081a4	000003e8	000003e8	00000001	6a3ba8e9	00000000	00000030	00000000	00000000	00000000
usr/lib/firmware/rtl_nic/rtl8153b-2.fw.zst	0000031e	000081a4	000003e8	000003e8	00000001	6a3ba8e9	00000000	00000030	00000000	00000000	00000000
usr/lib/firmware/rtl_nic/rtl8153c-1.fw.zst	0000031f	000081a4	000003e8	000003e8	00000001	6a3ba8e9	00000000	00000030	00000000	00000000	00000000
usr/lib/firmware/rtl_nic/rtl8156a-2.fw.zst	00000320	000081a4	000003e8	000003e8	00000001	6a3ba8e9	00000000	00000030	00000000	00000000	00000000
usr/lib/firmware/rtl_nic/rtl8156b-2.fw.zst	00000321	000081a4	000003e8	000003e8	00000001	6a3ba8e9	00000000	00000030	00000000	00000000	00000000
usr/lib/firmware/rtl_nic/rtl8168d-1.fw.zst	00000322	000081a4	000003e8	000003e8	00000001	6a3ba8e9	00000000	00000030	00000000	00000000	00000000
usr/lib/firmware/rtl_nic/rtl8168d-2.fw.zst	00000323	000081a4	000003e8	000003e8	00000001	6a3ba8e9	00000000	00000030	00000000	00000000	00000000
usr/lib/firmware/rtl_nic/rtl8168e-1.fw.zst	00000324	000081a4	000003e8	000003e8	00000001	6a3ba8e9	00000000	00000030	00000000	00000000	00000000
usr/lib/firmware/rtl_nic/rtl8168e-2.fw.zst	00000325	000081a4	000003e8	000003e8	00000001	6a3ba8e9	00000000	00000030	00000000	00000000	00000000
usr/lib/firmware/rtl_nic/rtl8168e-3.fw.zst	00000326	000081a4	000003e8	000003e8	00000001	6a3ba8e9	00000000	00000030	00000000	00000000	00000000
usr/lib/firmware/rtl_nic/rtl8168f-1.fw.zst	00000327	000081a4	000003e8	000003e8	00000001	6a3ba8e9	00000000	00000030	00000000	00000000	00000000
usr/lib/firmware/rtl_nic/rtl8168f-2.fw.zst	00000328	000081a4	000003e8	000003e8	00000001	6a3ba8e9	00000000	00000030	00000000	00000000	00000000
usr/lib/firmware/rtl_nic/rtl8168fp-3.fw.zst	00000329	000081a4	000003e8	000003e8	00000001	6a3ba8e9	00000000	00000030	00000000	00000000	00000000
usr/lib/firmware/rtl_nic/rtl8168g-2.fw.zst	0000032a	000081a4	000003e8	000003e8	00000001	6a3ba8e9	00000000	00000030	00000000	00000000	00000000
usr/lib/firmware/rtl_nic/rtl8168g-3.fw.zst	0000032b	000081a4	000003e8	000003e8	00000001	6a3ba8e9	00000000	00000030	00000000	00000000	00000000
usr/lib/firmware/rtl_nic/rtl8168h-2.fw.zst	0000032c	000081a4	000003e8	000003e8	00000001	6a3ba8e9	00000000	00000030	00000000	00000000	00000000
usr/lib/firmware/rtl_nic/rtl8402-1.fw.zst	0000032d	000081a4	000003e8	000003e8	00000001	6a3ba8e9	00000000	00000030	00000000	00000000	00000000
usr/lib/firmware/rtl_nic/rtl8411-1.fw.zst	0000032e	000081a4	000003e8	000003e8	00000001	6a3ba8e9	00000000	00000030	00000000	00000000	00000000
usr/lib/firmware/rtl_nic/rtl8411-2.fw.zst	0000032f	000081a4	000003e8	000003e8	00000001	6a3ba8e9	00000000	00000030	00000000	00000000	00000000
usr/lib/firmware/rtl_nic/rtl9151a-1.fw.zst	00000330	000081a4	000003e8	000003e8	00000001	6a3ba8e9	00000000	00000030	00000000	00000000	00000000
usr/lib/firmware/slicoss	00000331	000041ed	000003e8	000003e8	00000002	6a8eba6d	00000000	00000030	00000000	00000000	00000000
usr/lib/firmware/slicoss/gbdownload.sys.zst	00000332	000081a4	000003e8	000003e8	00000001	69df7d24	00000000	00000030	00000000	00000000	00000000
usr/lib/firmware/slicoss/gbrcvucode.sys.zst	00000333	000081a4	000003e8	000003e8	00000001	69df7d24	00000000	00000030	00000000	00000000	00000000
usr/lib/firmware/slicoss/oasisdownload.sys.zst	00000334	000081a4	000003e8	000003e8	00000001	69df7d24	00000000	00000030	00000000	00000000	00000000
usr/lib/firmware/slicoss/oasisrcvucode.sys.zst	00000335	000081a4	000003e8	000003e8	00000001	69df7d24	00000000	00000030	00000000	00000000	00000000
usr/lib/firmware/sun	00000336	000041ed	000003e8	000003e8	00000002	6a8eba6d	00000000	00000030	00000000	00000000	00000000
usr/lib/firmware/sun/cassini.bin.zst	00000337	000081a4	000003e8	000003e8	00000001	69df7d24	00000000	00000030	00000000	00000000	00000000
usr/lib/firmware/tehuti	00000338	000041ed	000003e8	000003e8	00000002	6a8eba6d	00000000	00000030	00000000	00000000	00000000
usr/lib/firmware/tehuti/bdx.bin.zst	00000339	000081a4	000003e8	000003e8	00000001	69df7d24	00000000	00000030	00000000	00000000	00000000
usr/lib/firmware/tigon	0000033a	000041ed	000003e8	000003e8	00000002	6a8eba6d	00000000	00000030	00000000	00000000	00000000
usr/lib/firmware/tigon/tg3.bin.zst	0000033c	000081a4	000003e8	000003e8	00000001	69df7d24	00000000	00000030	00000000	00000000	00000000
usr/lib/firmware/tigon/tg357766.bin.zst	0000033b	000081a4	000003e8	000003e8	00000001	69df7d24	00000000	00000030	00000000	00000000	00000000
usr/lib/firmware/tigon/tg3_tso.bin.zst	0000033e	000081a4	000003e8	000003e8	00000001	69df7d24	00000000	00000030	00000000	00000000	00000000
usr/lib/firmware/tigon/tg3_tso5.bin.zst	0000033d	000081a4	000003e8	000003e8	00000001	69df7d24	00000000	00000030	00000000	00000000	00000000
usr/lib/initramfs-tools	0000033f	000041ed	000003e8	000003e8	00000003	6a8eba6d	00000000	00000030	00000000	00000000	00000000
usr/lib/initramfs-tools/bin	00000340	000041ed	000003e8	000003e8	00000002	6a8eba6d	00000000	00000030	00000000	00000000	00000000
usr/lib/initramfs-tools/bin/gcc_s1-stub	00000341	000081ed	000003e8	000003e8	00000001	69ce463f	00000000	00000030	00000000	00000000	00000000
usr/lib/klibc-7uGazioE-lBk83cENvUL6ipsEX8.so	00000342	000081ed	000003e8	000003e8	00000001	69646296	00000000	00000030	00000000	00000000	00000000
usr/lib/ld-linux-aarch64.so.1	00000343	0000a1ff	000003e8	000003e8	00000001	6a824d3a	00000000	00000030	00000000	00000000	00000000
usr/lib/linux-sound-base	00000344	000041ed	000003e8	000003e8	00000002	6a8eba6d	00000000	00000030	00000000	00000000	00000000
usr/lib/linux-sound-base/noOSS.modprobe.conf	00000345	000081a4	000003e8	000003e8	00000001	6933f8f7	00000000	00000030	00000000	00000000	00000000
usr/lib/modprobe.d	00000346	000041ed	000003e8	000003e8	00000002	6a8eba6d	00000000	00000030	00000000	00000000	00000000
usr/lib/modprobe.d/aliases.conf	00000347	000081a4	000003e8	000003e8	00000001	68494ab2	00000000	00000030	00000000	00000000	00000000
usr/lib/modprobe.d/blacklist_linux-qcom-x1e_7.0.0-32-qcom-x1e.conf	00000348	000081a4	000003e8	000003e8	00000001	69e6a6aa	00000000	00000030	00000000	00000000	00000000
usr/lib/modprobe.d/fbdev-blacklist.conf	00000349	000081a4	000003e8	000003e8	00000001	6a5e52d8	00000000	00000030	00000000	00000000	00000000
usr/lib/modprobe.d/systemd.conf	0000034a	000081a4	000003e8	000003e8	00000001	69b42eac	00000000	00000030	00000000	00000000	00000000
usr/lib/modules	0000034b	000041ed	000003e8	000003e8	00000003	6a8eba6d	00000000	00000030	00000000	00000000	00000000
usr/lib/modules/7.1.5-sp11-render-parity-v4+	0000034c	000041ed	000003e8	000003e8	00000004	6a8eba6d	00000000	00000030	00000000	00000000	00000000
usr/lib/modules/7.1.5-sp11-render-parity-v4+/kernel	0000034d	000041ed	000003e8	000003e8	00000008	6a8eba6d	00000000	00000030	00000000	00000000	00000000
usr/lib/modules/7.1.5-sp11-render-parity-v4+/kernel/crypto	0000034e	000041ed	000003e8	000003e8	00000003	6a8eba6d	00000000	00000030	00000000	00000000	00000000
usr/lib/modules/7.1.5-sp11-render-parity-v4+/kernel/crypto/blake2b.ko.zst	0000034f	000081a4	000003e8	000003e8	00000001	6a7f650d	00000000	00000030	00000000	00000000	00000000
usr/lib/modules/7.1.5-sp11-render-parity-v4+/kernel/crypto/crc32-cryptoapi.ko.zst	00000350	000081a4	000003e8	000003e8	00000001	6a7f650d	00000000	00000030	00000000	00000000	00000000
usr/lib/modules/7.1.5-sp11-render-parity-v4+/kernel/crypto/des_generic.ko.zst	00000351	000081a4	000003e8	000003e8	00000001	6a7f650d	00000000	00000030	00000000	00000000	00000000
usr/lib/modules/7.1.5-sp11-render-parity-v4+/kernel/crypto/krb5	00000352	000041ed	000003e8	000003e8	00000002	6a8eba6d	00000000	00000030	00000000	00000000	00000000
usr/lib/modules/7.1.5-sp11-render-parity-v4+/kernel/crypto/krb5/krb5.ko.zst	00000353	000081a4	000003e8	000003e8	00000001	6a7f650e	00000000	00000030	00000000	00000000	00000000
usr/lib/modules/7.1.5-sp11-render-parity-v4+/kernel/crypto/md4.ko.zst	00000354	000081a4	000003e8	000003e8	00000001	6a7f650d	00000000	00000030	00000000	00000000	00000000
usr/lib/modules/7.1.5-sp11-render-parity-v4+/kernel/crypto/xxhash_generic.ko.zst	00000355	000081a4	000003e8	000003e8	00000001	6a7f650e	00000000	00000030	00000000	00000000	00000000
usr/lib/modules/7.1.5-sp11-render-parity-v4+/kernel/drivers	00000356	000041ed	000003e8	000003e8	0000004d	6a8eba6d	00000000	00000030	00000000	00000000	00000000
usr/lib/modules/7.1.5-sp11-render-parity-v4+/kernel/drivers/acpi	00000357	000041ed	000003e8	000003e8	00000003	6a8eba6d	00000000	00000030	00000000	00000000	00000000
usr/lib/modules/7.1.5-sp11-render-parity-v4+/kernel/drivers/acpi/nfit	00000358	000041ed	000003e8	000003e8	00000002	6a8eba6d	00000000	00000030	00000000	00000000	00000000
usr/lib/modules/7.1.5-sp11-render-parity-v4+/kernel/drivers/acpi/nfit/nfit.ko.zst	00000359	000081a4	000003e8	000003e8	00000001	6a7f651d	00000000	00000030	00000000	00000000	00000000
usr/lib/modules/7.1.5-sp11-render-parity-v4+/kernel/drivers/ata	0000035a	000041ed	000003e8	000003e8	00000003	6a8eba6d	00000000	00000030	00000000	00000000	00000000
usr/lib/modules/7.1.5-sp11-render-parity-v4+/kernel/drivers/ata/acard-ahci.ko.zst	0000035b	000081a4	000003e8	000003e8	00000001	6a7f6540	00000000	00000030	00000000	00000000	00000000
usr/lib/modules/7.1.5-sp11-render-parity-v4+/kernel/drivers/ata/ahci.ko.zst	0000035e	000081a4	000003e8	000003e8	00000001	6a7f6540	00000000	00000030	00000000	00000000	00000000
usr/lib/modules/7.1.5-sp11-render-parity-v4+/kernel/drivers/ata/ahci_ceva.ko.zst	0000035c	000081a4	000003e8	000003e8	00000001	6a7f6540	00000000	00000030	00000000	00000000	00000000
usr/lib/modules/7.1.5-sp11-render-parity-v4+/kernel/drivers/ata/ahci_dwc.ko.zst	0000035d	000081a4	000003e8	000003e8	00000001	6a7f6540	00000000	00000030	00000000	00000000	00000000
usr/lib/modules/7.1.5-sp11-render-parity-v4+/kernel/drivers/ata/ahci_mtk.ko.zst	0000035f	000081a4	000003e8	000003e8	00000001	6a7f6540	00000000	00000030	00000000	00000000	00000000
usr/lib/modules/7.1.5-sp11-render-parity-v4+/kernel/drivers/ata/ahci_mvebu.ko.zst	00000360	000081a4	000003e8	000003e8	00000001	6a7f6541	00000000	00000030	00000000	00000000	00000000
usr/lib/modules/7.1.5-sp11-render-parity-v4+/kernel/drivers/ata/ahci_platform.ko.zst	00000361	000081a4	000003e8	000003e8	00000001	6a7f6540	00000000	00000030	00000000	00000000	00000000
usr/lib/modules/7.1.5-sp11-render-parity-v4+/kernel/drivers/ata/ahci_qoriq.ko.zst	00000362	000081a4	000003e8	000003e8	00000001	6a7f6541	00000000	00000030	00000000	00000000	00000000
usr/lib/modules/7.1.5-sp11-render-parity-v4+/kernel/drivers/ata/ahci_seattle.ko.zst	00000363	000081a4	000003e8	000003e8	00000001	6a7f6540	00000000	00000030	00000000	00000000	00000000
usr/lib/modules/7.1.5-sp11-render-parity-v4+/kernel/drivers/ata/ahci_tegra.ko.zst	00000364	000081a4	000003e8	000003e8	00000001	6a7f6541	00000000	00000030	00000000	00000000	00000000
usr/lib/modules/7.1.5-sp11-render-parity-v4+/kernel/drivers/ata/ahci_xgene.ko.zst	00000365	000081a4	000003e8	000003e8	00000001	6a7f6541	00000000	00000030	00000000	00000000	00000000
usr/lib/modules/7.1.5-sp11-render-parity-v4+/kernel/drivers/ata/ata_generic.ko.zst	00000366	000081a4	000003e8	000003e8	00000001	6a7f6542	00000000	00000030	00000000	00000000	00000000
usr/lib/modules/7.1.5-sp11-render-parity-v4+/kernel/drivers/ata/ata_piix.ko.zst	00000367	000081a4	000003e8	000003e8	00000001	6a7f6541	00000000	00000030	00000000	00000000	00000000
usr/lib/modules/7.1.5-sp11-render-parity-v4+/kernel/drivers/ata/pata_acpi.ko.zst	00000368	000081a4	000003e8	000003e8	00000001	6a7f6542	00000000	00000030	00000000	00000000	00000000
usr/lib/modules/7.1.5-sp11-render-parity-v4+/kernel/drivers/ata/pata_ali.ko.zst	00000369	000081a4	000003e8	000003e8	00000001	6a7f6541	00000000	00000030	00000000	00000000	00000000
usr/lib/modules/7.1.5-sp11-render-parity-v4+/kernel/drivers/ata/pata_amd.ko.zst	0000036a	000081a4	000003e8	000003e8	00000001	6a7f6541	00000000	00000030	00000000	00000000	00000000
usr/lib/modules/7.1.5-sp11-render-parity-v4+/kernel/drivers/ata/pata_artop.ko.zst	0000036b	000081a4	000003e8	000003e8	00000001	6a7f6541	00000000	00000030	00000000	00000000	00000000
usr/lib/modules/7.1.5-sp11-render-parity-v4+/kernel/drivers/ata/pata_atiixp.ko.zst	0000036c	000081a4	000003e8	000003e8	00000001	6a7f6541	00000000	00000030	00000000	00000000	00000000
usr/lib/modules/7.1.5-sp11-render-parity-v4+/kernel/drivers/ata/pata_atp867x.ko.zst	0000036d	000081a4	000003e8	000003e8	00000001	6a7f6541	00000000	00000030	00000000	00000000	00000000
usr/lib/modules/7.1.5-sp11-render-parity-v4+/kernel/drivers/ata/pata_cmd640.ko.zst	0000036e	000081a4	000003e8	000003e8	00000001	6a7f6542	00000000	00000030	00000000	00000000	00000000
usr/lib/modules/7.1.5-sp11-render-parity-v4+/kernel/drivers/ata/pata_cmd64x.ko.zst	0000036f	000081a4	000003e8	000003e8	00000001	6a7f6541	00000000	00000030	00000000	00000000	00000000
usr/lib/modules/7.1.5-sp11-render-parity-v4+/kernel/drivers/ata/pata_cypress.ko.zst	00000370	000081a4	000003e8	000003e8	00000001	6a7f6541	00000000	00000030	00000000	00000000	00000000
usr/lib/modules/7.1.5-sp11-render-parity-v4+/kernel/drivers/ata/pata_efar.ko.zst	00000371	000081a4	000003e8	000003e8	00000001	6a7f6541	00000000	00000030	00000000	00000000	00000000
usr/lib/modules/7.1.5-sp11-render-parity-v4+/kernel/drivers/ata/pata_hpt366.ko.zst	00000372	000081a4	000003e8	000003e8	00000001	6a7f6541	00000000	00000030	00000000	00000000	00000000
usr/lib/modules/7.1.5-sp11-render-parity-v4+/kernel/drivers/ata/pata_hpt37x.ko.zst	00000373	000081a4	000003e8	000003e8	00000001	6a7f6541	00000000	00000030	00000000	00000000	00000000
usr/lib/modules/7.1.5-sp11-render-parity-v4+/kernel/drivers/ata/pata_hpt3x2n.ko.zst	00000374	000081a4	000003e8	000003e8	00000001	6a7f6541	00000000	00000030	00000000	00000000	00000000
usr/lib/modules/7.1.5-sp11-render-parity-v4+/kernel/drivers/ata/pata_hpt3x3.ko.zst	00000375	000081a4	000003e8	000003e8	00000001	6a7f6541	00000000	00000030	00000000	00000000	00000000
usr/lib/modules/7.1.5-sp11-render-parity-v4+/kernel/drivers/ata/pata_imx.ko.zst	00000376	000081a4	000003e8	000003e8	00000001	6a7f6541	00000000	00000030	00000000	00000000	00000000
usr/lib/modules/7.1.5-sp11-render-parity-v4+/kernel/drivers/ata/pata_it8213.ko.zst	00000377	000081a4	000003e8	000003e8	00000001	6a7f6541	00000000	00000030	00000000	00000000	00000000
usr/lib/modules/7.1.5-sp11-render-parity-v4+/kernel/drivers/ata/pata_it821x.ko.zst	00000378	000081a4	000003e8	000003e8	00000001	6a7f6541	00000000	00000030	00000000	00000000	00000000
usr/lib/modules/7.1.5-sp11-render-parity-v4+/kernel/drivers/ata/pata_jmicron.ko.zst	00000379	000081a4	000003e8	000003e8	00000001	6a7f6541	00000000	00000030	00000000	00000000	00000000
usr/lib/modules/7.1.5-sp11-render-parity-v4+/kernel/drivers/ata/pata_legacy.ko.zst	0000037a	000081a4	000003e8	000003e8	00000001	6a7f6542	00000000	00000030	00000000	00000000	00000000
usr/lib/modules/7.1.5-sp11-render-parity-v4+/kernel/drivers/ata/pata_marvell.ko.zst	0000037b	000081a4	000003e8	000003e8	00000001	6a7f6541	00000000	00000030	00000000	00000000	00000000
usr/lib/modules/7.1.5-sp11-render-parity-v4+/kernel/drivers/ata/pata_mpiix.ko.zst	0000037c	000081a4	000003e8	000003e8	00000001	6a7f6542	00000000	00000030	00000000	00000000	00000000
usr/lib/modules/7.1.5-sp11-render-parity-v4+/kernel/drivers/ata/pata_netcell.ko.zst	0000037d	000081a4	000003e8	000003e8	00000001	6a7f6541	00000000	00000030	00000000	00000000	00000000
usr/lib/modules/7.1.5-sp11-render-parity-v4+/kernel/drivers/ata/pata_ninja32.ko.zst	0000037e	000081a4	000003e8	000003e8	00000001	6a7f6541	00000000	00000030	00000000	00000000	00000000
usr/lib/modules/7.1.5-sp11-render-parity-v4+/kernel/drivers/ata/pata_ns87410.ko.zst	0000037f	000081a4	000003e8	000003e8	00000001	6a7f6542	00000000	00000030	00000000	00000000	00000000
usr/lib/modules/7.1.5-sp11-render-parity-v4+/kernel/drivers/ata/pata_ns87415.ko.zst	00000380	000081a4	000003e8	000003e8	00000001	6a7f6541	00000000	00000030	00000000	00000000	00000000
usr/lib/modules/7.1.5-sp11-render-parity-v4+/kernel/drivers/ata/pata_of_platform.ko.zst	00000381	000081a4	000003e8	000003e8	00000001	6a7f6542	00000000	00000030	00000000	00000000	00000000
usr/lib/modules/7.1.5-sp11-render-parity-v4+/kernel/drivers/ata/pata_oldpiix.ko.zst	00000382	000081a4	000003e8	000003e8	00000001	6a7f6542	00000000	00000030	00000000	00000000	00000000
usr/lib/modules/7.1.5-sp11-render-parity-v4+/kernel/drivers/ata/pata_opti.ko.zst	00000384	000081a4	000003e8	000003e8	00000001	6a7f6542	00000000	00000030	00000000	00000000	00000000
usr/lib/modules/7.1.5-sp11-render-parity-v4+/kernel/drivers/ata/pata_optidma.ko.zst	00000383	000081a4	000003e8	000003e8	00000001	6a7f6542	00000000	00000030	00000000	00000000	00000000
usr/lib/modules/7.1.5-sp11-render-parity-v4+/kernel/drivers/ata/pata_parport	00000385	000041ed	000003e8	000003e8	00000002	6a8eba6d	00000000	00000030	00000000	00000000	00000000
usr/lib/modules/7.1.5-sp11-render-parity-v4+/kernel/drivers/ata/pata_parport/pata_parport.ko.zst	00000386	000081a4	000003e8	000003e8	00000001	6a7f6542	00000000	00000030	00000000	00000000	00000000
usr/lib/modules/7.1.5-sp11-render-parity-v4+/kernel/drivers/ata/pata_pdc2027x.ko.zst	00000387	000081a4	000003e8	000003e8	00000001	6a7f6542	00000000	00000030	00000000	00000000	00000000
usr/lib/modules/7.1.5-sp11-render-parity-v4+/kernel/drivers/ata/pata_pdc202xx_old.ko.zst	00000388	000081a4	000003e8	000003e8	00000001	6a7f6542	00000000	00000030	00000000	00000000	00000000
usr/lib/modules/7.1.5-sp11-render-parity-v4+/kernel/drivers/ata/pata_piccolo.ko.zst	00000389	000081a4	000003e8	000003e8	00000001	6a7f6542	00000000	00000030	00000000	00000000	00000000
usr/lib/modules/7.1.5-sp11-render-parity-v4+/kernel/drivers/ata/pata_platform.ko.zst	0000038a	000081a4	000003e8	000003e8	00000001	6a7f6542	00000000	00000030	00000000	00000000	00000000
usr/lib/modules/7.1.5-sp11-render-parity-v4+/kernel/drivers/ata/pata_radisys.ko.zst	0000038b	000081a4	000003e8	000003e8	00000001	6a7f6542	00000000	00000030	00000000	00000000	00000000
usr/lib/modules/7.1.5-sp11-render-parity-v4+/kernel/drivers/ata/pata_rdc.ko.zst	0000038c	000081a4	000003e8	000003e8	00000001	6a7f6542	00000000	00000030	00000000	00000000	00000000
usr/lib/modules/7.1.5-sp11-render-parity-v4+/kernel/drivers/ata/pata_rz1000.ko.zst	0000038d	000081a4	000003e8	000003e8	00000001	6a7f6542	00000000	00000030	00000000	00000000	00000000
usr/lib/modules/7.1.5-sp11-render-parity-v4+/kernel/drivers/ata/pata_sch.ko.zst	0000038e	000081a4	000003e8	000003e8	00000001	6a7f6542	00000000	00000030	00000000	00000000	00000000
usr/lib/modules/7.1.5-sp11-render-parity-v4+/kernel/drivers/ata/pata_serverworks.ko.zst	0000038f	000081a4	000003e8	000003e8	00000001	6a7f6542	00000000	00000030	00000000	00000000	00000000
usr/lib/modules/7.1.5-sp11-render-parity-v4+/kernel/drivers/ata/pata_sil680.ko.zst	00000390	000081a4	000003e8	000003e8	00000001	6a7f6542	00000000	00000030	00000000	00000000	00000000
usr/lib/modules/7.1.5-sp11-render-parity-v4+/kernel/drivers/ata/pata_sis.ko.zst	00000391	000081a4	000003e8	000003e8	00000001	6a7f6542	00000000	00000030	00000000	00000000	00000000
usr/lib/modules/7.1.5-sp11-render-parity-v4+/kernel/drivers/ata/pata_sl82c105.ko.zst	00000392	000081a4	000003e8	000003e8	00000001	6a7f6542	00000000	00000030	00000000	00000000	00000000
usr/lib/modules/7.1.5-sp11-render-parity-v4+/kernel/drivers/ata/pata_triflex.ko.zst	00000393	000081a4	000003e8	000003e8	00000001	6a7f6542	00000000	00000030	00000000	00000000	00000000
usr/lib/modules/7.1.5-sp11-render-parity-v4+/kernel/drivers/ata/pata_via.ko.zst	00000394	000081a4	000003e8	000003e8	00000001	6a7f6542	00000000	00000030	00000000	00000000	00000000
usr/lib/modules/7.1.5-sp11-render-parity-v4+/kernel/drivers/ata/pdc_adma.ko.zst	00000395	000081a4	000003e8	000003e8	00000001	6a7f6541	00000000	00000030	00000000	00000000	00000000
usr/lib/modules/7.1.5-sp11-render-parity-v4+/kernel/drivers/ata/sata_dwc_460ex.ko.zst	00000396	000081a4	000003e8	000003e8	00000001	6a7f6540	00000000	00000030	00000000	00000000	00000000
usr/lib/modules/7.1.5-sp11-render-parity-v4+/kernel/drivers/ata/sata_inic162x.ko.zst	00000397	000081a4	000003e8	000003e8	00000001	6a7f6540	00000000	00000030	00000000	00000000	00000000
usr/lib/modules/7.1.5-sp11-render-parity-v4+/kernel/drivers/ata/sata_mv.ko.zst	00000398	000081a4	000003e8	000003e8	00000001	6a7f6541	00000000	00000030	00000000	00000000	00000000
usr/lib/modules/7.1.5-sp11-render-parity-v4+/kernel/drivers/ata/sata_nv.ko.zst	00000399	000081a4	000003e8	000003e8	00000001	6a7f6541	00000000	00000030	00000000	00000000	00000000
usr/lib/modules/7.1.5-sp11-render-parity-v4+/kernel/drivers/ata/sata_promise.ko.zst	0000039a	000081a4	000003e8	000003e8	00000001	6a7f6541	00000000	00000030	00000000	00000000	00000000
usr/lib/modules/7.1.5-sp11-render-parity-v4+/kernel/drivers/ata/sata_qstor.ko.zst	0000039b	000081a4	000003e8	000003e8	00000001	6a7f6541	00000000	00000030	00000000	00000000	00000000
usr/lib/modules/7.1.5-sp11-render-parity-v4+/kernel/drivers/ata/sata_rcar.ko.zst	0000039c	000081a4	000003e8	000003e8	00000001	6a7f6541	00000000	00000030	00000000	00000000	00000000
usr/lib/modules/7.1.5-sp11-render-parity-v4+/kernel/drivers/ata/sata_sil.ko.zst	0000039e	000081a4	000003e8	000003e8	00000001	6a7f6541	00000000	00000030	00000000	00000000	00000000
usr/lib/modules/7.1.5-sp11-render-parity-v4+/kernel/drivers/ata/sata_sil24.ko.zst	0000039d	000081a4	000003e8	000003e8	00000001	6a7f6540	00000000	00000030	00000000	00000000	00000000
usr/lib/modules/7.1.5-sp11-render-parity-v4+/kernel/drivers/ata/sata_sis.ko.zst	0000039f	000081a4	000003e8	000003e8	00000001	6a7f6541	00000000	00000030	00000000	00000000	00000000
usr/lib/modules/7.1.5-sp11-render-parity-v4+/kernel/drivers/ata/sata_svw.ko.zst	000003a0	000081a4	000003e8	000003e8	00000001	6a7f6541	00000000	00000030	00000000	00000000	00000000
usr/lib/modules/7.1.5-sp11-render-parity-v4+/kernel/drivers/ata/sata_sx4.ko.zst	000003a1	000081a4	000003e8	000003e8	00000001	6a7f6541	00000000	00000030	00000000	00000000	00000000
usr/lib/modules/7.1.5-sp11-render-parity-v4+/kernel/drivers/ata/sata_uli.ko.zst	000003a2	000081a4	000003e8	000003e8	00000001	6a7f6541	00000000	00000030	00000000	00000000	00000000
usr/lib/modules/7.1.5-sp11-render-parity-v4+/kernel/drivers/ata/sata_via.ko.zst	000003a3	000081a4	000003e8	000003e8	00000001	6a7f6541	00000000	00000030	00000000	00000000	00000000
usr/lib/modules/7.1.5-sp11-render-parity-v4+/kernel/drivers/ata/sata_vsc.ko.zst	000003a4	000081a4	000003e8	000003e8	00000001	6a7f6541	00000000	00000030	00000000	00000000	00000000
usr/lib/modules/7.1.5-sp11-render-parity-v4+/kernel/drivers/base	000003a5	000041ed	000003e8	000003e8	00000003	6a8eba6d	00000000	00000030	00000000	00000000	00000000
usr/lib/modules/7.1.5-sp11-render-parity-v4+/kernel/drivers/base/regmap	000003a6	000041ed	000003e8	000003e8	00000002	6a8eba6d	00000000	00000030	00000000	00000000	00000000
usr/lib/modules/7.1.5-sp11-render-parity-v4+/kernel/drivers/base/regmap/regmap-sdw.ko.zst	000003a7	000081a4	000003e8	000003e8	00000001	6a7f6537	00000000	00000030	00000000	00000000	00000000
usr/lib/modules/7.1.5-sp11-render-parity-v4+/kernel/drivers/base/regmap/regmap-slimbus.ko.zst	000003a8	000081a4	000003e8	000003e8	00000001	6a7f6537	00000000	00000030	00000000	00000000	00000000
usr/lib/modules/7.1.5-sp11-render-parity-v4+/kernel/drivers/base/regmap/regmap-spi-avmm.ko.zst	000003a9	000081a4	000003e8	000003e8	00000001	6a7f6537	00000000	00000030	00000000	00000000	00000000
usr/lib/modules/7.1.5-sp11-render-parity-v4+/kernel/drivers/base/regmap/regmap-w1.ko.zst	000003aa	000081a4	000003e8	000003e8	00000001	6a7f6537	00000000	00000030	00000000	00000000	00000000
usr/lib/modules/7.1.5-sp11-render-parity-v4+/kernel/drivers/bcma	000003ab	000041ed	000003e8	000003e8	00000002	6a8eba6d	00000000	00000030	00000000	00000000	00000000
usr/lib/modules/7.1.5-sp11-render-parity-v4+/kernel/drivers/bcma/bcma.ko.zst	000003ac	000081a4	000003e8	000003e8	00000001	6a7f65a9	00000000	00000030	00000000	00000000	00000000
usr/lib/modules/7.1.5-sp11-render-parity-v4+/kernel/drivers/block	000003ad	000041ed	000003e8	000003e8	00000006	6a8eba6d	00000000	00000030	00000000	00000000	00000000
usr/lib/modules/7.1.5-sp11-render-parity-v4+/kernel/drivers/block/aoe	000003ae	000041ed	000003e8	000003e8	00000002	6a8eba6d	00000000	00000030	00000000	00000000	00000000
usr/lib/modules/7.1.5-sp11-render-parity-v4+/kernel/drivers/block/aoe/aoe.ko.zst	000003af	000081a4	000003e8	000003e8	00000001	6a7f65a6	00000000	00000030	00000000	00000000	00000000
usr/lib/modules/7.1.5-sp11-render-parity-v4+/kernel/drivers/block/mtip32xx	000003b0	000041ed	000003e8	000003e8	00000002	6a8eba6d	00000000	00000030	00000000	00000000	00000000
usr/lib/modules/7.1.5-sp11-render-parity-v4+/kernel/drivers/block/mtip32xx/mtip32xx.ko.zst	000003b1	000081a4	000003e8	000003e8	00000001	6a7f6538	00000000	00000030	00000000	00000000	00000000
usr/lib/modules/7.1.5-sp11-render-parity-v4+/kernel/drivers/block/nbd.ko.zst	000003b2	000081a4	000003e8	000003e8	00000001	6a7f6538	00000000	00000030	00000000	00000000	00000000
usr/lib/modules/7.1.5-sp11-render-parity-v4+/kernel/drivers/block/null_blk	000003b3	000041ed	000003e8	000003e8	00000002	6a8eba6d	00000000	00000030	00000000	00000000	00000000
usr/lib/modules/7.1.5-sp11-render-parity-v4+/kernel/drivers/block/null_blk/null_blk.ko.zst	000003b4	000081a4	000003e8	000003e8	00000001	6a7f6538	00000000	00000030	00000000	00000000	00000000
usr/lib/modules/7.1.5-sp11-render-parity-v4+/kernel/drivers/block/rbd.ko.zst	000003b5	000081a4	000003e8	000003e8	00000001	6a7f6538	00000000	00000030	00000000	00000000	00000000
usr/lib/modules/7.1.5-sp11-render-parity-v4+/kernel/drivers/block/rnbd	000003b6	000041ed	000003e8	000003e8	00000002	6a8eba6d	00000000	00000030	00000000	00000000	00000000
usr/lib/modules/7.1.5-sp11-render-parity-v4+/kernel/drivers/block/rnbd/rnbd-client.ko.zst	000003b7	000081a4	000003e8	000003e8	00000001	6a7f6537	00000000	00000030	00000000	00000000	00000000
usr/lib/modules/7.1.5-sp11-render-parity-v4+/kernel/drivers/block/ublk_drv.ko.zst	000003b8	000081a4	000003e8	000003e8	00000001	6a7f6538	00000000	00000030	00000000	00000000	00000000
usr/lib/modules/7.1.5-sp11-render-parity-v4+/kernel/drivers/bluetooth	000003b9	000041ed	000003e8	000003e8	00000002	6a8eba6d	00000000	00000030	00000000	00000000	00000000
usr/lib/modules/7.1.5-sp11-render-parity-v4+/kernel/drivers/bluetooth/btbcm.ko.zst	000003ba	000081a4	000003e8	000003e8	00000001	6a7f65a8	00000000	00000030	00000000	00000000	00000000
usr/lib/modules/7.1.5-sp11-render-parity-v4+/kernel/drivers/bluetooth/btintel.ko.zst	000003bb	000081a4	000003e8	000003e8	00000001	6a7f65a7	00000000	00000030	00000000	00000000	00000000
usr/lib/modules/7.1.5-sp11-render-parity-v4+/kernel/drivers/bluetooth/btqca.ko.zst	000003bc	000081a4	000003e8	000003e8	00000001	6a7f65a8	00000000	00000030	00000000	00000000	00000000
usr/lib/modules/7.1.5-sp11-render-parity-v4+/kernel/drivers/bluetooth/btrtl.ko.zst	000003bd	000081a4	000003e8	000003e8	00000001	6a7f65a8	00000000	00000030	00000000	00000000	00000000
usr/lib/modules/7.1.5-sp11-render-parity-v4+/kernel/drivers/bluetooth/hci_uart.ko.zst	000003be	000081a4	000003e8	000003e8	00000001	6a7f65a7	00000000	00000030	00000000	00000000	00000000
usr/lib/modules/7.1.5-sp11-render-parity-v4+/kernel/drivers/bus	000003bf	000041ed	000003e8	000003e8	00000003	6a8eba6d	00000000	00000030	00000000	00000000	00000000
usr/lib/modules/7.1.5-sp11-render-parity-v4+/kernel/drivers/bus/mhi	000003c0	000041ed	000003e8	000003e8	00000004	6a8eba6d	00000000	00000030	00000000	00000000	00000000
usr/lib/modules/7.1.5-sp11-render-parity-v4+/kernel/drivers/bus/mhi/ep	000003c1	000041ed	000003e8	000003e8	00000002	6a8eba6d	00000000	00000030	00000000	00000000	00000000
usr/lib/modules/7.1.5-sp11-render-parity-v4+/kernel/drivers/bus/mhi/ep/mhi_ep.ko.zst	000003c2	000081a4	000003e8	000003e8	00000001	6a7f650f	00000000	00000030	00000000	00000000	00000000
usr/lib/modules/7.1.5-sp11-render-parity-v4+/kernel/drivers/bus/mhi/host	000003c3	000041ed	000003e8	000003e8	00000002	6a8eba6d	00000000	00000030	00000000	00000000	00000000
usr/lib/modules/7.1.5-sp11-render-parity-v4+/kernel/drivers/bus/mhi/host/mhi.ko.zst	000003c4	000081a4	000003e8	000003e8	00000001	6a7f650f	00000000	00000030	00000000	00000000	00000000
usr/lib/modules/7.1.5-sp11-render-parity-v4+/kernel/drivers/bus/mhi/host/mhi_pci_generic.ko.zst	000003c5	000081a4	000003e8	000003e8	00000001	6a7f650f	00000000	00000030	00000000	00000000	00000000
usr/lib/modules/7.1.5-sp11-render-parity-v4+/kernel/drivers/bus/moxtet.ko.zst	000003c6	000081a4	000003e8	000003e8	00000001	6a7f650f	00000000	00000030	00000000	00000000	00000000
usr/lib/modules/7.1.5-sp11-render-parity-v4+/kernel/drivers/bus/sunxi-rsb.ko.zst	000003c7	000081a4	000003e8	000003e8	00000001	6a7f650f	00000000	00000030	00000000	00000000	00000000
usr/lib/modules/7.1.5-sp11-render-parity-v4+/kernel/drivers/bus/tegra-aconnect.ko.zst	000003c8	000081a4	000003e8	000003e8	00000001	6a7f650f	00000000	00000030	00000000	00000000	00000000
usr/lib/modules/7.1.5-sp11-render-parity-v4+/kernel/drivers/bus/tegra-gmi.ko.zst	000003c9	000081a4	000003e8	000003e8	00000001	6a7f650f	00000000	00000030	00000000	00000000	00000000
usr/lib/modules/7.1.5-sp11-render-parity-v4+/kernel/drivers/char	000003ca	000041ed	000003e8	000003e8	00000003	6a8eba6d	00000000	00000030	00000000	00000000	00000000
usr/lib/modules/7.1.5-sp11-render-parity-v4+/kernel/drivers/char/hw_random	000003cb	000041ed	000003e8	000003e8	00000002	6a8eba6d	00000000	00000030	00000000	00000000	00000000
usr/lib/modules/7.1.5-sp11-render-parity-v4+/kernel/drivers/char/hw_random/arm_smccc_trng.ko.zst	000003cc	000081a4	000003e8	000003e8	00000001	6a7f652d	00000000	00000030	00000000	00000000	00000000
usr/lib/modules/7.1.5-sp11-render-parity-v4+/kernel/drivers/char/hw_random/ba431-rng.ko.zst	000003cd	000081a4	000003e8	000003e8	00000001	6a7f652d	00000000	00000030	00000000	00000000	00000000
usr/lib/modules/7.1.5-sp11-render-parity-v4+/kernel/drivers/char/hw_random/cavium-rng-vf.ko.zst	000003cf	000081a4	000003e8	000003e8	00000001	6a7f652d	00000000	00000030	00000000	00000000	00000000
usr/lib/modules/7.1.5-sp11-render-parity-v4+/kernel/drivers/char/hw_random/cavium-rng.ko.zst	000003ce	000081a4	000003e8	000003e8	00000001	6a7f652d	00000000	00000030	00000000	00000000	00000000
usr/lib/modules/7.1.5-sp11-render-parity-v4+/kernel/drivers/char/hw_random/cctrng.ko.zst	000003d0	000081a4	000003e8	000003e8	00000001	6a7f652d	00000000	00000030	00000000	00000000	00000000
usr/lib/modules/7.1.5-sp11-render-parity-v4+/kernel/drivers/char/hw_random/cn10k-rng.ko.zst	000003d1	000081a4	000003e8	000003e8	00000001	6a7f652d	00000000	00000030	00000000	00000000	00000000
usr/lib/modules/7.1.5-sp11-render-parity-v4+/kernel/drivers/char/hw_random/hisi-rng.ko.zst	000003d2	000081a4	000003e8	000003e8	00000001	6a7f652d	00000000	00000030	00000000	00000000	00000000
usr/lib/modules/7.1.5-sp11-render-parity-v4+/kernel/drivers/char/hw_random/histb-rng.ko.zst	000003d3	000081a4	000003e8	000003e8	00000001	6a7f652d	00000000	00000030	00000000	00000000	00000000
usr/lib/modules/7.1.5-sp11-render-parity-v4+/kernel/drivers/char/hw_random/meson-rng.ko.zst	000003d4	000081a4	000003e8	000003e8	00000001	6a7f652d	00000000	00000030	00000000	00000000	00000000
usr/lib/modules/7.1.5-sp11-render-parity-v4+/kernel/drivers/char/hw_random/mtk-rng.ko.zst	000003d5	000081a4	000003e8	000003e8	00000001	6a7f652d	00000000	00000030	00000000	00000000	00000000
usr/lib/modules/7.1.5-sp11-render-parity-v4+/kernel/drivers/char/hw_random/npcm-rng.ko.zst	000003d6	000081a4	000003e8	000003e8	00000001	6a7f652d	00000000	00000030	00000000	00000000	00000000
usr/lib/modules/7.1.5-sp11-render-parity-v4+/kernel/drivers/char/hw_random/omap-rng.ko.zst	000003d7	000081a4	000003e8	000003e8	00000001	6a7f652d	00000000	00000030	00000000	00000000	00000000
usr/lib/modules/7.1.5-sp11-render-parity-v4+/kernel/drivers/char/hw_random/optee-rng.ko.zst	000003d8	000081a4	000003e8	000003e8	00000001	6a7f652d	00000000	00000030	00000000	00000000	00000000
usr/lib/modules/7.1.5-sp11-render-parity-v4+/kernel/drivers/char/hw_random/stm32-rng.ko.zst	000003d9	000081a4	000003e8	000003e8	00000001	6a7f652d	00000000	00000030	00000000	00000000	00000000
usr/lib/modules/7.1.5-sp11-render-parity-v4+/kernel/drivers/char/hw_random/timeriomem-rng.ko.zst	000003da	000081a4	000003e8	000003e8	00000001	6a7f652d	00000000	00000030	00000000	00000000	00000000
usr/lib/modules/7.1.5-sp11-render-parity-v4+/kernel/drivers/char/hw_random/virtio-rng.ko.zst	000003db	000081a4	000003e8	000003e8	00000001	6a7f652d	00000000	00000030	00000000	00000000	00000000
usr/lib/modules/7.1.5-sp11-render-parity-v4+/kernel/drivers/char/hw_random/xgene-rng.ko.zst	000003dc	000081a4	000003e8	000003e8	00000001	6a7f652d	00000000	00000030	00000000	00000000	00000000
usr/lib/modules/7.1.5-sp11-render-parity-v4+/kernel/drivers/char/hw_random/xiphera-trng.ko.zst	000003dd	000081a4	000003e8	000003e8	00000001	6a7f652d	00000000	00000030	00000000	00000000	00000000
usr/lib/modules/7.1.5-sp11-render-parity-v4+/kernel/drivers/clk	000003de	000041ed	000003e8	000003e8	0000000c	6a8eba6d	00000000	00000030	00000000	00000000	00000000
usr/lib/modules/7.1.5-sp11-render-parity-v4+/kernel/drivers/clk/clk-apple-nco.ko.zst	000003df	000081a4	000003e8	000003e8	00000001	6a7f6523	00000000	00000030	00000000	00000000	00000000
usr/lib/modules/7.1.5-sp11-render-parity-v4+/kernel/drivers/clk/clk-axi-clkgen.ko.zst	000003e0	000081a4	000003e8	000003e8	00000001	6a7f6523	00000000	00000030	00000000	00000000	00000000
usr/lib/modules/7.1.5-sp11-render-parity-v4+/kernel/drivers/clk/clk-bd718x7.ko.zst	000003e1	000081a4	000003e8	000003e8	00000001	6a7f6523	00000000	00000030	00000000	00000000	00000000
usr/lib/modules/7.1.5-sp11-render-parity-v4+/kernel/drivers/clk/clk-cdce706.ko.zst	000003e2	000081a4	000003e8	000003e8	00000001	6a7f6523	00000000	00000030	00000000	00000000	00000000
usr/lib/modules/7.1.5-sp11-render-parity-v4+/kernel/drivers/clk/clk-cdce925.ko.zst	000003e3	000081a4	000003e8	000003e8	00000001	6a7f6523	00000000	00000030	00000000	00000000	00000000
usr/lib/modules/7.1.5-sp11-render-parity-v4+/kernel/drivers/clk/clk-cs2000-cp.ko.zst	000003e4	000081a4	000003e8	000003e8	00000001	6a7f6523	00000000	00000030	00000000	00000000	00000000
usr/lib/modules/7.1.5-sp11-render-parity-v4+/kernel/drivers/clk/clk-fsl-flexspi.ko.zst	000003e5	000081a4	000003e8	000003e8	00000001	6a7f6523	00000000	00000030	00000000	00000000	00000000
usr/lib/modules/7.1.5-sp11-render-parity-v4+/kernel/drivers/clk/clk-hi655x.ko.zst	000003e6	000081a4	000003e8	000003e8	00000001	6a7f6524	00000000	00000030	00000000	00000000	00000000
usr/lib/modules/7.1.5-sp11-render-parity-v4+/kernel/drivers/clk/clk-lmk04832.ko.zst	000003e7	000081a4	000003e8	000003e8	00000001	6a7f6523	00000000	00000030	00000000	00000000	00000000
usr/lib/modules/7.1.5-sp11-render-parity-v4+/kernel/drivers/clk/clk-lochnagar.ko.zst	000003e8	000081a4	000003e8	000003e8	00000001	6a7f6523	00000000	00000030	00000000	00000000	00000000
usr/lib/modules/7.1.5-sp11-render-parity-v4+/kernel/drivers/clk/clk-max77686.ko.zst	000003e9	000081a4	000003e8	000003e8	00000001	6a7f6523	00000000	00000030	00000000	00000000	00000000
usr/lib/modules/7.1.5-sp11-render-parity-v4+/kernel/drivers/clk/clk-max9485.ko.zst	000003ea	000081a4	000003e8	000003e8	00000001	6a7f6524	00000000	00000030	00000000	00000000	00000000
usr/lib/modules/7.1.5-sp11-render-parity-v4+/kernel/drivers/clk/clk-npcm8xx.ko.zst	000003eb	000081a4	000003e8	000003e8	00000001	6a7f6524	00000000	00000030	00000000	00000000	00000000
usr/lib/modules/7.1.5-sp11-render-parity-v4+/kernel/drivers/clk/clk-palmas.ko.zst	000003ec	000081a4	000003e8	000003e8	00000001	6a7f6524	00000000	00000030	00000000	00000000	00000000
usr/lib/modules/7.1.5-sp11-render-parity-v4+/kernel/drivers/clk/clk-plldig.ko.zst	000003ed	000081a4	000003e8	000003e8	00000001	6a7f6524	00000000	00000030	00000000	00000000	00000000
usr/lib/modules/7.1.5-sp11-render-parity-v4+/kernel/drivers/clk/clk-pwm.ko.zst	000003ee	000081a4	000003e8	000003e8	00000001	6a7f6524	00000000	00000030	00000000	00000000	00000000
usr/lib/modules/7.1.5-sp11-render-parity-v4+/kernel/drivers/clk/clk-renesas-pcie.ko.zst	000003ef	000081a4	000003e8	000003e8	00000001	6a7f6524	00000000	00000030	00000000	00000000	00000000
usr/lib/modules/7.1.5-sp11-render-parity-v4+/kernel/drivers/clk/clk-rk808.ko.zst	000003f0	000081a4	000003e8	000003e8	00000001	6a7f6524	00000000	00000030	00000000	00000000	00000000
usr/lib/modules/7.1.5-sp11-render-parity-v4+/kernel/drivers/clk/clk-scpi.ko.zst	000003f1	000081a4	000003e8	000003e8	00000001	6a7f6524	00000000	00000030	00000000	00000000	00000000
usr/lib/modules/7.1.5-sp11-render-parity-v4+/kernel/drivers/clk/clk-si514.ko.zst	000003f2	000081a4	000003e8	000003e8	00000001	6a7f6524	00000000	00000030	00000000	00000000	00000000
usr/lib/modules/7.1.5-sp11-render-parity-v4+/kernel/drivers/clk/clk-si521xx.ko.zst	000003f3	000081a4	000003e8	000003e8	00000001	6a7f6524	00000000	00000030	00000000	00000000	00000000
usr/lib/modules/7.1.5-sp11-render-parity-v4+/kernel/drivers/clk/clk-si5341.ko.zst	000003f4	000081a4	000003e8	000003e8	00000001	6a7f6524	00000000	00000030	00000000	00000000	00000000
usr/lib/modules/7.1.5-sp11-render-parity-v4+/kernel/drivers/clk/clk-si5351.ko.zst	000003f5	000081a4	000003e8	000003e8	00000001	6a7f6524	00000000	00000030	00000000	00000000	00000000
usr/lib/modules/7.1.5-sp11-render-parity-v4+/kernel/drivers/clk/clk-si544.ko.zst	000003f6	000081a4	000003e8	000003e8	00000001	6a7f6524	00000000	00000030	00000000	00000000	00000000
usr/lib/modules/7.1.5-sp11-render-parity-v4+/kernel/drivers/clk/clk-si570.ko.zst	000003f7	000081a4	000003e8	000003e8	00000001	6a7f6524	00000000	00000030	00000000	00000000	00000000
usr/lib/modules/7.1.5-sp11-render-parity-v4+/kernel/drivers/clk/clk-twl.ko.zst	000003f9	000081a4	000003e8	000003e8	00000001	6a7f6524	00000000	00000030	00000000	00000000	00000000
usr/lib/modules/7.1.5-sp11-render-parity-v4+/kernel/drivers/clk/clk-twl6040.ko.zst	000003f8	000081a4	000003e8	000003e8	00000001	6a7f6524	00000000	00000030	00000000	00000000	00000000
usr/lib/modules/7.1.5-sp11-render-parity-v4+/kernel/drivers/clk/clk-versaclock3.ko.zst	000003fa	000081a4	000003e8	000003e8	00000001	6a7f6524	00000000	00000030	00000000	00000000	00000000
usr/lib/modules/7.1.5-sp11-render-parity-v4+/kernel/drivers/clk/clk-versaclock5.ko.zst	000003fb	000081a4	000003e8	000003e8	00000001	6a7f6524	00000000	00000030	00000000	00000000	00000000
usr/lib/modules/7.1.5-sp11-render-parity-v4+/kernel/drivers/clk/clk-versaclock7.ko.zst	000003fc	000081a4	000003e8	000003e8	00000001	6a7f6524	00000000	00000030	00000000	00000000	00000000
usr/lib/modules/7.1.5-sp11-render-parity-v4+/kernel/drivers/clk/clk-wm831x.ko.zst	000003fd	000081a4	000003e8	000003e8	00000001	6a7f6524	00000000	00000030	00000000	00000000	00000000
usr/lib/modules/7.1.5-sp11-render-parity-v4+/kernel/drivers/clk/hisilicon	000003fe	000041ed	000003e8	000003e8	00000002	6a8eba6d	00000000	00000030	00000000	00000000	00000000
usr/lib/modules/7.1.5-sp11-render-parity-v4+/kernel/drivers/clk/hisilicon/clk-hi3519.ko.zst	000003ff	000081a4	000003e8	000003e8	00000001	6a7f651d	00000000	00000030	00000000	00000000	00000000
usr/lib/modules/7.1.5-sp11-render-parity-v4+/kernel/drivers/clk/hisilicon/crg-hi3516cv300.ko.zst	00000400	000081a4	000003e8	000003e8	00000001	6a7f651d	00000000	00000030	00000000	00000000	00000000
usr/lib/modules/7.1.5-sp11-render-parity-v4+/kernel/drivers/clk/hisilicon/crg-hi3798cv200.ko.zst	00000401	000081a4	000003e8	000003e8	00000001	6a7f651d	00000000	00000030	00000000	00000000	00000000
usr/lib/modules/7.1.5-sp11-render-parity-v4+/kernel/drivers/clk/imx	00000402	000041ed	000003e8	000003e8	00000002	6a8eba6d	00000000	00000030	00000000	00000000	00000000
usr/lib/modules/7.1.5-sp11-render-parity-v4+/kernel/drivers/clk/imx/clk-imx8ulp-sim-lpav.ko.zst	00000404	000081a4	000003e8	000003e8	00000001	6a7f651d	00000000	00000030	00000000	00000000	00000000
usr/lib/modules/7.1.5-sp11-render-parity-v4+/kernel/drivers/clk/imx/clk-imx8ulp.ko.zst	00000403	000081a4	000003e8	000003e8	00000001	6a7f651d	00000000	00000030	00000000	00000000	00000000
usr/lib/modules/7.1.5-sp11-render-parity-v4+/kernel/drivers/clk/imx/clk-imx93.ko.zst	00000405	000081a4	000003e8	000003e8	00000001	6a7f651d	00000000	00000030	00000000	00000000	00000000
usr/lib/modules/7.1.5-sp11-render-parity-v4+/kernel/drivers/clk/imx/clk-imx95-blk-ctl.ko.zst	00000406	000081a4	000003e8	000003e8	00000001	6a7f651d	00000000	00000030	00000000	00000000	00000000
usr/lib/modules/7.1.5-sp11-render-parity-v4+/kernel/drivers/clk/keystone	00000407	000041ed	000003e8	000003e8	00000002	6a8eba6d	00000000	00000030	00000000	00000000	00000000
usr/lib/modules/7.1.5-sp11-render-parity-v4+/kernel/drivers/clk/keystone/sci-clk.ko.zst	00000408	000081a4	000003e8	000003e8	00000001	6a7f651d	00000000	00000030	00000000	00000000	00000000
usr/lib/modules/7.1.5-sp11-render-parity-v4+/kernel/drivers/clk/mediatek	00000409	000041ed	000003e8	000003e8	00000002	6a8eba6d	00000000	00000030	00000000	00000000	00000000
usr/lib/modules/7.1.5-sp11-render-parity-v4+/kernel/drivers/clk/mediatek/clk-mt6735-apmixedsys.ko.zst	0000040a	000081a4	000003e8	000003e8	00000001	6a7f651d	00000000	00000030	00000000	00000000	00000000
usr/lib/modules/7.1.5-sp11-render-parity-v4+/kernel/drivers/clk/mediatek/clk-mt6735-imgsys.ko.zst	0000040b	000081a4	000003e8	000003e8	00000001	6a7f651d	00000000	00000030	00000000	00000000	00000000
usr/lib/modules/7.1.5-sp11-render-parity-v4+/kernel/drivers/clk/mediatek/clk-mt6735-infracfg.ko.zst	0000040c	000081a4	000003e8	000003e8	00000001	6a7f651d	00000000	00000030	00000000	00000000	00000000
usr/lib/modules/7.1.5-sp11-render-parity-v4+/kernel/drivers/clk/mediatek/clk-mt6735-mfgcfg.ko.zst	0000040d	000081a4	000003e8	000003e8	00000001	6a7f651d	00000000	00000030	00000000	00000000	00000000
usr/lib/modules/7.1.5-sp11-render-parity-v4+/kernel/drivers/clk/mediatek/clk-mt6735-pericfg.ko.zst	0000040e	000081a4	000003e8	000003e8	00000001	6a7f651d	00000000	00000030	00000000	00000000	00000000
usr/lib/modules/7.1.5-sp11-render-parity-v4+/kernel/drivers/clk/mediatek/clk-mt6735-topckgen.ko.zst	0000040f	000081a4	000003e8	000003e8	00000001	6a7f651d	00000000	00000030	00000000	00000000	00000000
usr/lib/modules/7.1.5-sp11-render-parity-v4+/kernel/drivers/clk/mediatek/clk-mt6735-vdecsys.ko.zst	00000410	000081a4	000003e8	000003e8	00000001	6a7f651d	00000000	00000030	00000000	00000000	00000000
usr/lib/modules/7.1.5-sp11-render-parity-v4+/kernel/drivers/clk/mediatek/clk-mt6735-vencsys.ko.zst	00000411	000081a4	000003e8	000003e8	00000001	6a7f651d	00000000	00000030	00000000	00000000	00000000
usr/lib/modules/7.1.5-sp11-render-parity-v4+/kernel/drivers/clk/mediatek/clk-mt6795-apmixedsys.ko.zst	00000412	000081a4	000003e8	000003e8	00000001	6a7f651d	00000000	00000030	00000000	00000000	00000000
usr/lib/modules/7.1.5-sp11-render-parity-v4+/kernel/drivers/clk/mediatek/clk-mt6795-infracfg.ko.zst	00000413	000081a4	000003e8	000003e8	00000001	6a7f651d	00000000	00000030	00000000	00000000	00000000
usr/lib/modules/7.1.5-sp11-render-parity-v4+/kernel/drivers/clk/mediatek/clk-mt6795-mfg.ko.zst	00000414	000081a4	000003e8	000003e8	00000001	6a7f651d	00000000	00000030	00000000	00000000	00000000
usr/lib/modules/7.1.5-sp11-render-parity-v4+/kernel/drivers/clk/mediatek/clk-mt6795-mm.ko.zst	00000415	000081a4	000003e8	000003e8	00000001	6a7f651e	00000000	00000030	00000000	00000000	00000000
usr/lib/modules/7.1.5-sp11-render-parity-v4+/kernel/drivers/clk/mediatek/clk-mt6795-pericfg.ko.zst	00000416	000081a4	000003e8	000003e8	00000001	6a7f651d	00000000	00000030	00000000	00000000	00000000
usr/lib/modules/7.1.5-sp11-render-parity-v4+/kernel/drivers/clk/mediatek/clk-mt6795-topckgen.ko.zst	00000417	000081a4	000003e8	000003e8	00000001	6a7f651d	00000000	00000030	00000000	00000000	00000000
usr/lib/modules/7.1.5-sp11-render-parity-v4+/kernel/drivers/clk/mediatek/clk-mt6795-vdecsys.ko.zst	00000418	000081a4	000003e8	000003e8	00000001	6a7f651e	00000000	00000030	00000000	00000000	00000000
usr/lib/modules/7.1.5-sp11-render-parity-v4+/kernel/drivers/clk/mediatek/clk-mt6795-vencsys.ko.zst	00000419	000081a4	000003e8	000003e8	00000001	6a7f651e	00000000	00000030	00000000	00000000	00000000
usr/lib/modules/7.1.5-sp11-render-parity-v4+/kernel/drivers/clk/mediatek/clk-mt7981-eth.ko.zst	0000041a	000081a4	000003e8	000003e8	00000001	6a7f651e	00000000	00000030	00000000	00000000	00000000
usr/lib/modules/7.1.5-sp11-render-parity-v4+/kernel/drivers/clk/mediatek/clk-mt7988-apmixed.ko.zst	0000041b	000081a4	000003e8	000003e8	00000001	6a7f651e	00000000	00000030	00000000	00000000	00000000
usr/lib/modules/7.1.5-sp11-render-parity-v4+/kernel/drivers/clk/mediatek/clk-mt7988-eth.ko.zst	0000041c	000081a4	000003e8	000003e8	00000001	6a7f651e	00000000	00000030	00000000	00000000	00000000
usr/lib/modules/7.1.5-sp11-render-parity-v4+/kernel/drivers/clk/mediatek/clk-mt7988-infracfg.ko.zst	0000041d	000081a4	000003e8	000003e8	00000001	6a7f651e	00000000	00000030	00000000	00000000	00000000
usr/lib/modules/7.1.5-sp11-render-parity-v4+/kernel/drivers/clk/mediatek/clk-mt7988-topckgen.ko.zst	0000041e	000081a4	000003e8	000003e8	00000001	6a7f651e	00000000	00000030	00000000	00000000	00000000
usr/lib/modules/7.1.5-sp11-render-parity-v4+/kernel/drivers/clk/mediatek/clk-mt7988-xfipll.ko.zst	0000041f	000081a4	000003e8	000003e8	00000001	6a7f651e	00000000	00000030	00000000	00000000	00000000
usr/lib/modules/7.1.5-sp11-render-parity-v4+/kernel/drivers/clk/mediatek/clk-mt8173-img.ko.zst	00000420	000081a4	000003e8	000003e8	00000001	6a7f651e	00000000	00000030	00000000	00000000	00000000
usr/lib/modules/7.1.5-sp11-render-parity-v4+/kernel/drivers/clk/mediatek/clk-mt8173-vdecsys.ko.zst	00000421	000081a4	000003e8	000003e8	00000001	6a7f651e	00000000	00000030	00000000	00000000	00000000
usr/lib/modules/7.1.5-sp11-render-parity-v4+/kernel/drivers/clk/mediatek/clk-mt8173-vencsys.ko.zst	00000422	000081a4	000003e8	000003e8	00000001	6a7f651e	00000000	00000030	00000000	00000000	00000000
usr/lib/modules/7.1.5-sp11-render-parity-v4+/kernel/drivers/clk/mediatek/clk-mt8186-cam.ko.zst	00000423	000081a4	000003e8	000003e8	00000001	6a7f651e	00000000	00000030	00000000	00000000	00000000
usr/lib/modules/7.1.5-sp11-render-parity-v4+/kernel/drivers/clk/mediatek/clk-mt8186-img.ko.zst	00000424	000081a4	000003e8	000003e8	00000001	6a7f651e	00000000	00000030	00000000	00000000	00000000
usr/lib/modules/7.1.5-sp11-render-parity-v4+/kernel/drivers/clk/mediatek/clk-mt8186-imp_iic_wrap.ko.zst	00000425	000081a4	000003e8	000003e8	00000001	6a7f651e	00000000	00000030	00000000	00000000	00000000
usr/lib/modules/7.1.5-sp11-render-parity-v4+/kernel/drivers/clk/mediatek/clk-mt8186-ipe.ko.zst	00000426	000081a4	000003e8	000003e8	00000001	6a7f651e	00000000	00000030	00000000	00000000	00000000
usr/lib/modules/7.1.5-sp11-render-parity-v4+/kernel/drivers/clk/mediatek/clk-mt8186-mcu.ko.zst	00000427	000081a4	000003e8	000003e8	00000001	6a7f651e	00000000	00000030	00000000	00000000	00000000
usr/lib/modules/7.1.5-sp11-render-parity-v4+/kernel/drivers/clk/mediatek/clk-mt8186-mdp.ko.zst	00000428	000081a4	000003e8	000003e8	00000001	6a7f651e	00000000	00000030	00000000	00000000	00000000
usr/lib/modules/7.1.5-sp11-render-parity-v4+/kernel/drivers/clk/mediatek/clk-mt8186-mfg.ko.zst	00000429	000081a4	000003e8	000003e8	00000001	6a7f651e	00000000	00000030	00000000	00000000	00000000
usr/lib/modules/7.1.5-sp11-render-parity-v4+/kernel/drivers/clk/mediatek/clk-mt8186-mm.ko.zst	0000042a	000081a4	000003e8	000003e8	00000001	6a7f651e	00000000	00000030	00000000	00000000	00000000
usr/lib/modules/7.1.5-sp11-render-parity-v4+/kernel/drivers/clk/mediatek/clk-mt8186-vdec.ko.zst	0000042b	000081a4	000003e8	000003e8	00000001	6a7f651e	00000000	00000030	00000000	00000000	00000000
usr/lib/modules/7.1.5-sp11-render-parity-v4+/kernel/drivers/clk/mediatek/clk-mt8186-venc.ko.zst	0000042c	000081a4	000003e8	000003e8	00000001	6a7f651e	00000000	00000030	00000000	00000000	00000000
usr/lib/modules/7.1.5-sp11-render-parity-v4+/kernel/drivers/clk/mediatek/clk-mt8186-wpe.ko.zst	0000042d	000081a4	000003e8	000003e8	00000001	6a7f651e	00000000	00000030	00000000	00000000	00000000
usr/lib/modules/7.1.5-sp11-render-parity-v4+/kernel/drivers/clk/mediatek/clk-mt8188-adsp_audio26m.ko.zst	0000042e	000081a4	000003e8	000003e8	00000001	6a7f651e	00000000	00000030	00000000	00000000	00000000
usr/lib/modules/7.1.5-sp11-render-parity-v4+/kernel/drivers/clk/mediatek/clk-mt8188-apmixedsys.ko.zst	0000042f	000081a4	000003e8	000003e8	00000001	6a7f651e	00000000	00000030	00000000	00000000	00000000
usr/lib/modules/7.1.5-sp11-render-parity-v4+/kernel/drivers/clk/mediatek/clk-mt8188-cam.ko.zst	00000430	000081a4	000003e8	000003e8	00000001	6a7f651e	00000000	00000030	00000000	00000000	00000000
usr/lib/modules/7.1.5-sp11-render-parity-v4+/kernel/drivers/clk/mediatek/clk-mt8188-ccu.ko.zst	00000431	000081a4	000003e8	000003e8	00000001	6a7f651e	00000000	00000030	00000000	00000000	00000000
usr/lib/modules/7.1.5-sp11-render-parity-v4+/kernel/drivers/clk/mediatek/clk-mt8188-img.ko.zst	00000432	000081a4	000003e8	000003e8	00000001	6a7f651e	00000000	00000030	00000000	00000000	00000000
usr/lib/modules/7.1.5-sp11-render-parity-v4+/kernel/drivers/clk/mediatek/clk-mt8188-imp_iic_wrap.ko.zst	00000433	000081a4	000003e8	000003e8	00000001	6a7f651e	00000000	00000030	00000000	00000000	00000000
usr/lib/modules/7.1.5-sp11-render-parity-v4+/kernel/drivers/clk/mediatek/clk-mt8188-infra_ao.ko.zst	00000434	000081a4	000003e8	000003e8	00000001	6a7f651e	00000000	00000030	00000000	00000000	00000000
usr/lib/modules/7.1.5-sp11-render-parity-v4+/kernel/drivers/clk/mediatek/clk-mt8188-ipe.ko.zst	00000435	000081a4	000003e8	000003e8	00000001	6a7f651e	00000000	00000030	00000000	00000000	00000000
usr/lib/modules/7.1.5-sp11-render-parity-v4+/kernel/drivers/clk/mediatek/clk-mt8188-mfg.ko.zst	00000436	000081a4	000003e8	000003e8	00000001	6a7f651e	00000000	00000030	00000000	00000000	00000000
usr/lib/modules/7.1.5-sp11-render-parity-v4+/kernel/drivers/clk/mediatek/clk-mt8188-peri_ao.ko.zst	00000437	000081a4	000003e8	000003e8	00000001	6a7f651e	00000000	00000030	00000000	00000000	00000000
usr/lib/modules/7.1.5-sp11-render-parity-v4+/kernel/drivers/clk/mediatek/clk-mt8188-topckgen.ko.zst	00000438	000081a4	000003e8	000003e8	00000001	6a7f651e	00000000	00000030	00000000	00000000	00000000
usr/lib/modules/7.1.5-sp11-render-parity-v4+/kernel/drivers/clk/mediatek/clk-mt8188-vdec.ko.zst	00000439	000081a4	000003e8	000003e8	00000001	6a7f651e	00000000	00000030	00000000	00000000	00000000
usr/lib/modules/7.1.5-sp11-render-parity-v4+/kernel/drivers/clk/mediatek/clk-mt8188-vdo0.ko.zst	0000043a	000081a4	000003e8	000003e8	00000001	6a7f651e	00000000	00000030	00000000	00000000	00000000
usr/lib/modules/7.1.5-sp11-render-parity-v4+/kernel/drivers/clk/mediatek/clk-mt8188-vdo1.ko.zst	0000043b	000081a4	000003e8	000003e8	00000001	6a7f651e	00000000	00000030	00000000	00000000	00000000
usr/lib/modules/7.1.5-sp11-render-parity-v4+/kernel/drivers/clk/mediatek/clk-mt8188-venc.ko.zst	0000043c	000081a4	000003e8	000003e8	00000001	6a7f651e	00000000	00000030	00000000	00000000	00000000
usr/lib/modules/7.1.5-sp11-render-parity-v4+/kernel/drivers/clk/mediatek/clk-mt8188-vpp0.ko.zst	0000043d	000081a4	000003e8	000003e8	00000001	6a7f651e	00000000	00000030	00000000	00000000	00000000
usr/lib/modules/7.1.5-sp11-render-parity-v4+/kernel/drivers/clk/mediatek/clk-mt8188-vpp1.ko.zst	0000043e	000081a4	000003e8	000003e8	00000001	6a7f651f	00000000	00000030	00000000	00000000	00000000
usr/lib/modules/7.1.5-sp11-render-parity-v4+/kernel/drivers/clk/mediatek/clk-mt8188-wpe.ko.zst	0000043f	000081a4	000003e8	000003e8	00000001	6a7f651f	00000000	00000030	00000000	00000000	00000000
usr/lib/modules/7.1.5-sp11-render-parity-v4+/kernel/drivers/clk/mediatek/clk-mt8195-apusys_pll.ko.zst	00000440	000081a4	000003e8	000003e8	00000001	6a7f651f	00000000	00000030	00000000	00000000	00000000
usr/lib/modules/7.1.5-sp11-render-parity-v4+/kernel/drivers/clk/mediatek/clk-mt8195-cam.ko.zst	00000441	000081a4	000003e8	000003e8	00000001	6a7f651f	00000000	00000030	00000000	00000000	00000000
usr/lib/modules/7.1.5-sp11-render-parity-v4+/kernel/drivers/clk/mediatek/clk-mt8195-ccu.ko.zst	00000442	000081a4	000003e8	000003e8	00000001	6a7f651f	00000000	00000030	00000000	00000000	00000000
usr/lib/modules/7.1.5-sp11-render-parity-v4+/kernel/drivers/clk/mediatek/clk-mt8195-img.ko.zst	00000443	000081a4	000003e8	000003e8	00000001	6a7f651f	00000000	00000030	00000000	00000000	00000000
usr/lib/modules/7.1.5-sp11-render-parity-v4+/kernel/drivers/clk/mediatek/clk-mt8195-imp_iic_wrap.ko.zst	00000444	000081a4	000003e8	000003e8	00000001	6a7f651f	00000000	00000030	00000000	00000000	00000000
usr/lib/modules/7.1.5-sp11-render-parity-v4+/kernel/drivers/clk/mediatek/clk-mt8195-ipe.ko.zst	00000445	000081a4	000003e8	000003e8	00000001	6a7f651f	00000000	00000030	00000000	00000000	00000000
usr/lib/modules/7.1.5-sp11-render-parity-v4+/kernel/drivers/clk/mediatek/clk-mt8195-mfg.ko.zst	00000446	000081a4	000003e8	000003e8	00000001	6a7f651f	00000000	00000030	00000000	00000000	00000000
usr/lib/modules/7.1.5-sp11-render-parity-v4+/kernel/drivers/clk/mediatek/clk-mt8195-scp_adsp.ko.zst	00000447	000081a4	000003e8	000003e8	00000001	6a7f651f	00000000	00000030	00000000	00000000	00000000
usr/lib/modules/7.1.5-sp11-render-parity-v4+/kernel/drivers/clk/mediatek/clk-mt8195-vdec.ko.zst	00000448	000081a4	000003e8	000003e8	00000001	6a7f651f	00000000	00000030	00000000	00000000	00000000
usr/lib/modules/7.1.5-sp11-render-parity-v4+/kernel/drivers/clk/mediatek/clk-mt8195-vdo0.ko.zst	00000449	000081a4	000003e8	000003e8	00000001	6a7f651f	00000000	00000030	00000000	00000000	00000000
usr/lib/modules/7.1.5-sp11-render-parity-v4+/kernel/drivers/clk/mediatek/clk-mt8195-vdo1.ko.zst	0000044a	000081a4	000003e8	000003e8	00000001	6a7f651f	00000000	00000030	00000000	00000000	00000000
usr/lib/modules/7.1.5-sp11-render-parity-v4+/kernel/drivers/clk/mediatek/clk-mt8195-venc.ko.zst	0000044b	000081a4	000003e8	000003e8	00000001	6a7f651f	00000000	00000030	00000000	00000000	00000000
usr/lib/modules/7.1.5-sp11-render-parity-v4+/kernel/drivers/clk/mediatek/clk-mt8195-vpp0.ko.zst	0000044c	000081a4	000003e8	000003e8	00000001	6a7f651f	00000000	00000030	00000000	00000000	00000000
usr/lib/modules/7.1.5-sp11-render-parity-v4+/kernel/drivers/clk/mediatek/clk-mt8195-vpp1.ko.zst	0000044d	000081a4	000003e8	000003e8	00000001	6a7f651f	00000000	00000030	00000000	00000000	00000000
usr/lib/modules/7.1.5-sp11-render-parity-v4+/kernel/drivers/clk/mediatek/clk-mt8195-wpe.ko.zst	0000044e	000081a4	000003e8	000003e8	00000001	6a7f651f	00000000	00000030	00000000	00000000	00000000
usr/lib/modules/7.1.5-sp11-render-parity-v4+/kernel/drivers/clk/mediatek/clk-mt8196-disp0.ko.zst	0000044f	000081a4	000003e8	000003e8	00000001	6a7f651f	00000000	00000030	00000000	00000000	00000000
usr/lib/modules/7.1.5-sp11-render-parity-v4+/kernel/drivers/clk/mediatek/clk-mt8196-disp1.ko.zst	00000450	000081a4	000003e8	000003e8	00000001	6a7f651f	00000000	00000030	00000000	00000000	00000000
usr/lib/modules/7.1.5-sp11-render-parity-v4+/kernel/drivers/clk/mediatek/clk-mt8196-mfg.ko.zst	00000451	000081a4	000003e8	000003e8	00000001	6a7f651f	00000000	00000030	00000000	00000000	00000000
usr/lib/modules/7.1.5-sp11-render-parity-v4+/kernel/drivers/clk/mediatek/clk-mt8196-ovl0.ko.zst	00000452	000081a4	000003e8	000003e8	00000001	6a7f651f	00000000	00000030	00000000	00000000	00000000
usr/lib/modules/7.1.5-sp11-render-parity-v4+/kernel/drivers/clk/mediatek/clk-mt8196-ovl1.ko.zst	00000453	000081a4	000003e8	000003e8	00000001	6a7f651f	00000000	00000030	00000000	00000000	00000000
usr/lib/modules/7.1.5-sp11-render-parity-v4+/kernel/drivers/clk/mediatek/clk-mt8196-vdec.ko.zst	00000454	000081a4	000003e8	000003e8	00000001	6a7f651f	00000000	00000030	00000000	00000000	00000000
usr/lib/modules/7.1.5-sp11-render-parity-v4+/kernel/drivers/clk/mediatek/clk-mt8196-vdisp_ao.ko.zst	00000455	000081a4	000003e8	000003e8	00000001	6a7f651f	00000000	00000030	00000000	00000000	00000000
usr/lib/modules/7.1.5-sp11-render-parity-v4+/kernel/drivers/clk/mediatek/clk-mt8196-venc.ko.zst	00000456	000081a4	000003e8	000003e8	00000001	6a7f651f	00000000	00000030	00000000	00000000	00000000
usr/lib/modules/7.1.5-sp11-render-parity-v4+/kernel/drivers/clk/mediatek/clk-mt8365-apmixedsys.ko.zst	00000457	000081a4	000003e8	000003e8	00000001	6a7f651f	00000000	00000030	00000000	00000000	00000000
usr/lib/modules/7.1.5-sp11-render-parity-v4+/kernel/drivers/clk/mediatek/clk-mt8365-apu.ko.zst	00000458	000081a4	000003e8	000003e8	00000001	6a7f651f	00000000	00000030	00000000	00000000	00000000
usr/lib/modules/7.1.5-sp11-render-parity-v4+/kernel/drivers/clk/mediatek/clk-mt8365-cam.ko.zst	00000459	000081a4	000003e8	000003e8	00000001	6a7f651f	00000000	00000030	00000000	00000000	00000000
usr/lib/modules/7.1.5-sp11-render-parity-v4+/kernel/drivers/clk/mediatek/clk-mt8365-mfg.ko.zst	0000045b	000081a4	000003e8	000003e8	00000001	6a7f651f	00000000	00000030	00000000	00000000	00000000
usr/lib/modules/7.1.5-sp11-render-parity-v4+/kernel/drivers/clk/mediatek/clk-mt8365-mm.ko.zst	0000045c	000081a4	000003e8	000003e8	00000001	6a7f651f	00000000	00000030	00000000	00000000	00000000
usr/lib/modules/7.1.5-sp11-render-parity-v4+/kernel/drivers/clk/mediatek/clk-mt8365-vdec.ko.zst	0000045d	000081a4	000003e8	000003e8	00000001	6a7f651f	00000000	00000030	00000000	00000000	00000000
usr/lib/modules/7.1.5-sp11-render-parity-v4+/kernel/drivers/clk/mediatek/clk-mt8365-venc.ko.zst	0000045e	000081a4	000003e8	000003e8	00000001	6a7f651f	00000000	00000030	00000000	00000000	00000000
usr/lib/modules/7.1.5-sp11-render-parity-v4+/kernel/drivers/clk/mediatek/clk-mt8365.ko.zst	0000045a	000081a4	000003e8	000003e8	00000001	6a7f651f	00000000	00000030	00000000	00000000	00000000
usr/lib/modules/7.1.5-sp11-render-parity-v4+/kernel/drivers/clk/meson	0000045f	000041ed	000003e8	000003e8	00000002	6a8eba6d	00000000	00000030	00000000	00000000	00000000
usr/lib/modules/7.1.5-sp11-render-parity-v4+/kernel/drivers/clk/meson/a1-peripherals.ko.zst	00000460	000081a4	000003e8	000003e8	00000001	6a7f651f	00000000	00000030	00000000	00000000	00000000
usr/lib/modules/7.1.5-sp11-render-parity-v4+/kernel/drivers/clk/meson/a1-pll.ko.zst	00000461	000081a4	000003e8	000003e8	00000001	6a7f651f	00000000	00000030	00000000	00000000	00000000
usr/lib/modules/7.1.5-sp11-render-parity-v4+/kernel/drivers/clk/meson/axg-audio.ko.zst	00000462	000081a4	000003e8	000003e8	00000001	6a7f651f	00000000	00000030	00000000	00000000	00000000
usr/lib/modules/7.1.5-sp11-render-parity-v4+/kernel/drivers/clk/meson/c3-peripherals.ko.zst	00000463	000081a4	000003e8	000003e8	00000001	6a7f6520	00000000	00000030	00000000	00000000	00000000
usr/lib/modules/7.1.5-sp11-render-parity-v4+/kernel/drivers/clk/meson/clk-phase.ko.zst	00000464	000081a4	000003e8	000003e8	00000001	6a7f651f	00000000	00000030	00000000	00000000	00000000
usr/lib/modules/7.1.5-sp11-render-parity-v4+/kernel/drivers/clk/meson/s4-peripherals.ko.zst	00000465	000081a4	000003e8	000003e8	00000001	6a7f6520	00000000	00000030	00000000	00000000	00000000
usr/lib/modules/7.1.5-sp11-render-parity-v4+/kernel/drivers/clk/meson/s4-pll.ko.zst	00000466	000081a4	000003e8	000003e8	00000001	6a7f6520	00000000	00000030	00000000	00000000	00000000
usr/lib/modules/7.1.5-sp11-render-parity-v4+/kernel/drivers/clk/meson/sclk-div.ko.zst	00000467	000081a4	000003e8	000003e8	00000001	6a7f651f	00000000	00000030	00000000	00000000	00000000
usr/lib/modules/7.1.5-sp11-render-parity-v4+/kernel/drivers/clk/qcom	00000468	000041ed	000003e8	000003e8	00000002	6a8eba6d	00000000	00000030	00000000	00000000	00000000
usr/lib/modules/7.1.5-sp11-render-parity-v4+/kernel/drivers/clk/qcom/a7-pll.ko.zst	00000469	000081a4	000003e8	000003e8	00000001	6a7f6520	00000000	00000030	00000000	00000000	00000000
usr/lib/modules/7.1.5-sp11-render-parity-v4+/kernel/drivers/clk/qcom/apss-ipq-pll.ko.zst	0000046c	000081a4	000003e8	000003e8	00000001	6a7f6520	00000000	00000030	00000000	00000000	00000000
usr/lib/modules/7.1.5-sp11-render-parity-v4+/kernel/drivers/clk/qcom/apss-ipq5424.ko.zst	0000046a	000081a4	000003e8	000003e8	00000001	6a7f6520	00000000	00000030	00000000	00000000	00000000
usr/lib/modules/7.1.5-sp11-render-parity-v4+/kernel/drivers/clk/qcom/apss-ipq6018.ko.zst	0000046b	000081a4	000003e8	000003e8	00000001	6a7f6520	00000000	00000030	00000000	00000000	00000000
usr/lib/modules/7.1.5-sp11-render-parity-v4+/kernel/drivers/clk/qcom/camcc-sa8775p.ko.zst	0000046d	000081a4	000003e8	000003e8	00000001	6a7f6521	00000000	00000030	00000000	00000000	00000000
usr/lib/modules/7.1.5-sp11-render-parity-v4+/kernel/drivers/clk/qcom/camcc-sc7180.ko.zst	0000046e	000081a4	000003e8	000003e8	00000001	6a7f6521	00000000	00000030	00000000	00000000	00000000
usr/lib/modules/7.1.5-sp11-render-parity-v4+/kernel/drivers/clk/qcom/camcc-sc7280.ko.zst	0000046f	000081a4	000003e8	000003e8	00000001	6a7f6521	00000000	00000030	00000000	00000000	00000000
usr/lib/modules/7.1.5-sp11-render-parity-v4+/kernel/drivers/clk/qcom/camcc-sc8280xp.ko.zst	00000470	000081a4	000003e8	000003e8	00000001	6a7f6521	00000000	00000030	00000000	00000000	00000000
usr/lib/modules/7.1.5-sp11-render-parity-v4+/kernel/drivers/clk/qcom/camcc-sdm845.ko.zst	00000471	000081a4	000003e8	000003e8	00000001	6a7f6521	00000000	00000030	00000000	00000000	00000000
usr/lib/modules/7.1.5-sp11-render-parity-v4+/kernel/drivers/clk/qcom/camcc-sm6350.ko.zst	00000472	000081a4	000003e8	000003e8	00000001	6a7f6522	00000000	00000030	00000000	00000000	00000000
usr/lib/modules/7.1.5-sp11-render-parity-v4+/kernel/drivers/clk/qcom/camcc-sm7150.ko.zst	00000473	000081a4	000003e8	000003e8	00000001	6a7f6522	00000000	00000030	00000000	00000000	00000000
usr/lib/modules/7.1.5-sp11-render-parity-v4+/kernel/drivers/clk/qcom/camcc-sm8250.ko.zst	00000474	000081a4	000003e8	000003e8	00000001	6a7f6522	00000000	00000030	00000000	00000000	00000000
usr/lib/modules/7.1.5-sp11-render-parity-v4+/kernel/drivers/clk/qcom/camcc-sm8450.ko.zst	00000475	000081a4	000003e8	000003e8	00000001	6a7f6522	00000000	00000030	00000000	00000000	00000000
usr/lib/modules/7.1.5-sp11-render-parity-v4+/kernel/drivers/clk/qcom/camcc-sm8550.ko.zst	00000476	000081a4	000003e8	000003e8	00000001	6a7f6522	00000000	00000030	00000000	00000000	00000000
usr/lib/modules/7.1.5-sp11-render-parity-v4+/kernel/drivers/clk/qcom/camcc-sm8650.ko.zst	00000477	000081a4	000003e8	000003e8	00000001	6a7f6522	00000000	00000030	00000000	00000000	00000000
usr/lib/modules/7.1.5-sp11-render-parity-v4+/kernel/drivers/clk/qcom/clk-spmi-pmic-div.ko.zst	00000478	000081a4	000003e8	000003e8	00000001	6a7f6523	00000000	00000030	00000000	00000000	00000000
usr/lib/modules/7.1.5-sp11-render-parity-v4+/kernel/drivers/clk/qcom/dispcc-qcm2290.ko.zst	0000047b	000081a4	000003e8	000003e8	00000001	6a7f6520	00000000	00000030	00000000	00000000	00000000
usr/lib/modules/7.1.5-sp11-render-parity-v4+/kernel/drivers/clk/qcom/dispcc-sc7180.ko.zst	0000047c	000081a4	000003e8	000003e8	00000001	6a7f6521	00000000	00000030	00000000	00000000	00000000
usr/lib/modules/7.1.5-sp11-render-parity-v4+/kernel/drivers/clk/qcom/dispcc-sc7280.ko.zst	0000047d	000081a4	000003e8	000003e8	00000001	6a7f6521	00000000	00000030	00000000	00000000	00000000
usr/lib/modules/7.1.5-sp11-render-parity-v4+/kernel/drivers/clk/qcom/dispcc-sc8280xp.ko.zst	0000047e	000081a4	000003e8	000003e8	00000001	6a7f6521	00000000	00000030	00000000	00000000	00000000
usr/lib/modules/7.1.5-sp11-render-parity-v4+/kernel/drivers/clk/qcom/dispcc-sdm845.ko.zst	0000047f	000081a4	000003e8	000003e8	00000001	6a7f6521	00000000	00000030	00000000	00000000	00000000
usr/lib/modules/7.1.5-sp11-render-parity-v4+/kernel/drivers/clk/qcom/dispcc-sm6115.ko.zst	00000480	000081a4	000003e8	000003e8	00000001	6a7f6522	00000000	00000030	00000000	00000000	00000000
usr/lib/modules/7.1.5-sp11-render-parity-v4+/kernel/drivers/clk/qcom/dispcc-sm6125.ko.zst	00000481	000081a4	000003e8	000003e8	00000001	6a7f6522	00000000	00000030	00000000	00000000	00000000
usr/lib/modules/7.1.5-sp11-render-parity-v4+/kernel/drivers/clk/qcom/dispcc-sm6350.ko.zst	00000482	000081a4	000003e8	000003e8	00000001	6a7f6522	00000000	00000030	00000000	00000000	00000000
usr/lib/modules/7.1.5-sp11-render-parity-v4+/kernel/drivers/clk/qcom/dispcc-sm6375.ko.zst	00000483	000081a4	000003e8	000003e8	00000001	6a7f6522	00000000	00000030	00000000	00000000	00000000
usr/lib/modules/7.1.5-sp11-render-parity-v4+/kernel/drivers/clk/qcom/dispcc-sm7150.ko.zst	00000484	000081a4	000003e8	000003e8	00000001	6a7f6522	00000000	00000030	00000000	00000000	00000000
usr/lib/modules/7.1.5-sp11-render-parity-v4+/kernel/drivers/clk/qcom/dispcc-sm8250.ko.zst	00000485	000081a4	000003e8	000003e8	00000001	6a7f6522	00000000	00000030	00000000	00000000	00000000
usr/lib/modules/7.1.5-sp11-render-parity-v4+/kernel/drivers/clk/qcom/dispcc-sm8450.ko.zst	00000486	000081a4	000003e8	000003e8	00000001	6a7f6522	00000000	00000030	00000000	00000000	00000000
usr/lib/modules/7.1.5-sp11-render-parity-v4+/kernel/drivers/clk/qcom/dispcc-sm8550.ko.zst	00000487	000081a4	000003e8	000003e8	00000001	6a7f6522	00000000	00000030	00000000	00000000	00000000
usr/lib/modules/7.1.5-sp11-render-parity-v4+/kernel/drivers/clk/qcom/dispcc-sm8750.ko.zst	00000488	000081a4	000003e8	000003e8	00000001	6a7f6522	00000000	00000030	00000000	00000000	00000000
usr/lib/modules/7.1.5-sp11-render-parity-v4+/kernel/drivers/clk/qcom/dispcc-x1e80100.ko.zst	00000489	000081a4	000003e8	000003e8	00000001	6a7f6520	00000000	00000030	00000000	00000000	00000000
usr/lib/modules/7.1.5-sp11-render-parity-v4+/kernel/drivers/clk/qcom/dispcc0-sa8775p.ko.zst	00000479	000081a4	000003e8	000003e8	00000001	6a7f6521	00000000	00000030	00000000	00000000	00000000
usr/lib/modules/7.1.5-sp11-render-parity-v4+/kernel/drivers/clk/qcom/dispcc1-sa8775p.ko.zst	0000047a	000081a4	000003e8	000003e8	00000001	6a7f6521	00000000	00000030	00000000	00000000	00000000
usr/lib/modules/7.1.5-sp11-render-parity-v4+/kernel/drivers/clk/qcom/ecpricc-qdu1000.ko.zst	0000048a	000081a4	000003e8	000003e8	00000001	6a7f6521	00000000	00000030	00000000	00000000	00000000
usr/lib/modules/7.1.5-sp11-render-parity-v4+/kernel/drivers/clk/qcom/gcc-ipq4019.ko.zst	0000048b	000081a4	000003e8	000003e8	00000001	6a7f6520	00000000	00000030	00000000	00000000	00000000
usr/lib/modules/7.1.5-sp11-render-parity-v4+/kernel/drivers/clk/qcom/gcc-ipq5018.ko.zst	0000048c	000081a4	000003e8	000003e8	00000001	6a7f6520	00000000	00000030	00000000	00000000	00000000
usr/lib/modules/7.1.5-sp11-render-parity-v4+/kernel/drivers/clk/qcom/gcc-ipq5332.ko.zst	0000048d	000081a4	000003e8	000003e8	00000001	6a7f6520	00000000	00000030	00000000	00000000	00000000
usr/lib/modules/7.1.5-sp11-render-parity-v4+/kernel/drivers/clk/qcom/gcc-ipq5424.ko.zst	0000048e	000081a4	000003e8	000003e8	00000001	6a7f6520	00000000	00000030	00000000	00000000	00000000
usr/lib/modules/7.1.5-sp11-render-parity-v4+/kernel/drivers/clk/qcom/gcc-ipq6018.ko.zst	0000048f	000081a4	000003e8	000003e8	00000001	6a7f6520	00000000	00000030	00000000	00000000	00000000
usr/lib/modules/7.1.5-sp11-render-parity-v4+/kernel/drivers/clk/qcom/gcc-ipq8074.ko.zst	00000490	000081a4	000003e8	000003e8	00000001	6a7f6520	00000000	00000030	00000000	00000000	00000000
usr/lib/modules/7.1.5-sp11-render-parity-v4+/kernel/drivers/clk/qcom/gcc-ipq9574.ko.zst	00000491	000081a4	000003e8	000003e8	00000001	6a7f6520	00000000	00000030	00000000	00000000	00000000
usr/lib/modules/7.1.5-sp11-render-parity-v4+/kernel/drivers/clk/qcom/gcc-msm8917.ko.zst	00000492	000081a4	000003e8	000003e8	00000001	6a7f6520	00000000	00000030	00000000	00000000	00000000
usr/lib/modules/7.1.5-sp11-render-parity-v4+/kernel/drivers/clk/qcom/gcc-msm8939.ko.zst	00000493	000081a4	000003e8	000003e8	00000001	6a7f6520	00000000	00000030	00000000	00000000	00000000
usr/lib/modules/7.1.5-sp11-render-parity-v4+/kernel/drivers/clk/qcom/gcc-msm8953.ko.zst	00000494	000081a4	000003e8	000003e8	00000001	6a7f6520	00000000	00000030	00000000	00000000	00000000
usr/lib/modules/7.1.5-sp11-render-parity-v4+/kernel/drivers/clk/qcom/gcc-msm8976.ko.zst	00000495	000081a4	000003e8	000003e8	00000001	6a7f6520	00000000	00000030	00000000	00000000	00000000
usr/lib/modules/7.1.5-sp11-render-parity-v4+/kernel/drivers/clk/qcom/gcc-msm8994.ko.zst	00000496	000081a4	000003e8	000003e8	00000001	6a7f6520	00000000	00000030	00000000	00000000	00000000
usr/lib/modules/7.1.5-sp11-render-parity-v4+/kernel/drivers/clk/qcom/gcc-msm8996.ko.zst	00000497	000081a4	000003e8	000003e8	00000001	6a7f6520	00000000	00000030	00000000	00000000	00000000
usr/lib/modules/7.1.5-sp11-render-parity-v4+/kernel/drivers/clk/qcom/gcc-msm8998.ko.zst	00000498	000081a4	000003e8	000003e8	00000001	6a7f6520	00000000	00000030	00000000	00000000	00000000
usr/lib/modules/7.1.5-sp11-render-parity-v4+/kernel/drivers/clk/qcom/gcc-qcm2290.ko.zst	00000499	000081a4	000003e8	000003e8	00000001	6a7f6520	00000000	00000030	00000000	00000000	00000000
usr/lib/modules/7.1.5-sp11-render-parity-v4+/kernel/drivers/clk/qcom/gcc-qcs8300.ko.zst	0000049a	000081a4	000003e8	000003e8	00000001	6a7f6521	00000000	00000030	00000000	00000000	00000000
usr/lib/modules/7.1.5-sp11-render-parity-v4+/kernel/drivers/clk/qcom/gcc-qdu1000.ko.zst	0000049b	000081a4	000003e8	000003e8	00000001	6a7f6521	00000000	00000030	00000000	00000000	00000000
usr/lib/modules/7.1.5-sp11-render-parity-v4+/kernel/drivers/clk/qcom/gcc-sa8775p.ko.zst	0000049c	000081a4	000003e8	000003e8	00000001	6a7f6521	00000000	00000030	00000000	00000000	00000000
usr/lib/modules/7.1.5-sp11-render-parity-v4+/kernel/drivers/clk/qcom/gcc-sar2130p.ko.zst	0000049d	000081a4	000003e8	000003e8	00000001	6a7f6521	00000000	00000030	00000000	00000000	00000000
usr/lib/modules/7.1.5-sp11-render-parity-v4+/kernel/drivers/clk/qcom/gcc-sc7180.ko.zst	0000049e	000081a4	000003e8	000003e8	00000001	6a7f6521	00000000	00000030	00000000	00000000	00000000
usr/lib/modules/7.1.5-sp11-render-parity-v4+/kernel/drivers/clk/qcom/gcc-sc7280.ko.zst	0000049f	000081a4	000003e8	000003e8	00000001	6a7f6521	00000000	00000030	00000000	00000000	00000000
usr/lib/modules/7.1.5-sp11-render-parity-v4+/kernel/drivers/clk/qcom/gcc-sc8180x.ko.zst	000004a0	000081a4	000003e8	000003e8	00000001	6a7f6521	00000000	00000030	00000000	00000000	00000000
usr/lib/modules/7.1.5-sp11-render-parity-v4+/kernel/drivers/clk/qcom/gcc-sc8280xp.ko.zst	000004a1	000081a4	000003e8	000003e8	00000001	6a7f6521	00000000	00000030	00000000	00000000	00000000
usr/lib/modules/7.1.5-sp11-render-parity-v4+/kernel/drivers/clk/qcom/gcc-sdm660.ko.zst	000004a2	000081a4	000003e8	000003e8	00000001	6a7f6521	00000000	00000030	00000000	00000000	00000000
usr/lib/modules/7.1.5-sp11-render-parity-v4+/kernel/drivers/clk/qcom/gcc-sdm845.ko.zst	000004a3	000081a4	000003e8	000003e8	00000001	6a7f6522	00000000	00000030	00000000	00000000	00000000
usr/lib/modules/7.1.5-sp11-render-parity-v4+/kernel/drivers/clk/qcom/gcc-sdx75.ko.zst	000004a4	000081a4	000003e8	000003e8	00000001	6a7f6522	00000000	00000030	00000000	00000000	00000000
usr/lib/modules/7.1.5-sp11-render-parity-v4+/kernel/drivers/clk/qcom/gcc-sm4450.ko.zst	000004a5	000081a4	000003e8	000003e8	00000001	6a7f6522	00000000	00000030	00000000	00000000	00000000
usr/lib/modules/7.1.5-sp11-render-parity-v4+/kernel/drivers/clk/qcom/gcc-sm6115.ko.zst	000004a6	000081a4	000003e8	000003e8	00000001	6a7f6522	00000000	00000030	00000000	00000000	00000000
usr/lib/modules/7.1.5-sp11-render-parity-v4+/kernel/drivers/clk/qcom/gcc-sm6125.ko.zst	000004a7	000081a4	000003e8	000003e8	00000001	6a7f6522	00000000	00000030	00000000	00000000	00000000
usr/lib/modules/7.1.5-sp11-render-parity-v4+/kernel/drivers/clk/qcom/gcc-sm6350.ko.zst	000004a8	000081a4	000003e8	000003e8	00000001	6a7f6522	00000000	00000030	00000000	00000000	00000000
usr/lib/modules/7.1.5-sp11-render-parity-v4+/kernel/drivers/clk/qcom/gcc-sm6375.ko.zst	000004a9	000081a4	000003e8	000003e8	00000001	6a7f6522	00000000	00000030	00000000	00000000	00000000
usr/lib/modules/7.1.5-sp11-render-parity-v4+/kernel/drivers/clk/qcom/gcc-sm7150.ko.zst	000004aa	000081a4	000003e8	000003e8	00000001	6a7f6522	00000000	00000030	00000000	00000000	00000000
usr/lib/modules/7.1.5-sp11-render-parity-v4+/kernel/drivers/clk/qcom/gcc-sm8150.ko.zst	000004ab	000081a4	000003e8	000003e8	00000001	6a7f6522	00000000	00000030	00000000	00000000	00000000
usr/lib/modules/7.1.5-sp11-render-parity-v4+/kernel/drivers/clk/qcom/gcc-sm8250.ko.zst	000004ac	000081a4	000003e8	000003e8	00000001	6a7f6522	00000000	00000030	00000000	00000000	00000000
usr/lib/modules/7.1.5-sp11-render-parity-v4+/kernel/drivers/clk/qcom/gcc-sm8350.ko.zst	000004ad	000081a4	000003e8	000003e8	00000001	6a7f6522	00000000	00000030	00000000	00000000	00000000
usr/lib/modules/7.1.5-sp11-render-parity-v4+/kernel/drivers/clk/qcom/gcc-sm8450.ko.zst	000004ae	000081a4	000003e8	000003e8	00000001	6a7f6522	00000000	00000030	00000000	00000000	00000000
usr/lib/modules/7.1.5-sp11-render-parity-v4+/kernel/drivers/clk/qcom/gcc-sm8550.ko.zst	000004af	000081a4	000003e8	000003e8	00000001	6a7f6522	00000000	00000030	00000000	00000000	00000000
usr/lib/modules/7.1.5-sp11-render-parity-v4+/kernel/drivers/clk/qcom/gcc-sm8650.ko.zst	000004b0	000081a4	000003e8	000003e8	00000001	6a7f6522	00000000	00000030	00000000	00000000	00000000
usr/lib/modules/7.1.5-sp11-render-parity-v4+/kernel/drivers/clk/qcom/gcc-sm8750.ko.zst	000004b1	000081a4	000003e8	000003e8	00000001	6a7f6522	00000000	00000030	00000000	00000000	00000000
usr/lib/modules/7.1.5-sp11-render-parity-v4+/kernel/drivers/clk/qcom/gpucc-msm8998.ko.zst	000004b2	000081a4	000003e8	000003e8	00000001	6a7f6520	00000000	00000030	00000000	00000000	00000000
usr/lib/modules/7.1.5-sp11-render-parity-v4+/kernel/drivers/clk/qcom/gpucc-qcm2290.ko.zst	000004b3	000081a4	000003e8	000003e8	00000001	6a7f6520	00000000	00000030	00000000	00000000	00000000
usr/lib/modules/7.1.5-sp11-render-parity-v4+/kernel/drivers/clk/qcom/gpucc-sa8775p.ko.zst	000004b4	000081a4	000003e8	000003e8	00000001	6a7f6521	00000000	00000030	00000000	00000000	00000000
usr/lib/modules/7.1.5-sp11-render-parity-v4+/kernel/drivers/clk/qcom/gpucc-sar2130p.ko.zst	000004b5	000081a4	000003e8	000003e8	00000001	6a7f6521	00000000	00000030	00000000	00000000	00000000
usr/lib/modules/7.1.5-sp11-render-parity-v4+/kernel/drivers/clk/qcom/gpucc-sc7180.ko.zst	000004b6	000081a4	000003e8	000003e8	00000001	6a7f6521	00000000	00000030	00000000	00000000	00000000
usr/lib/modules/7.1.5-sp11-render-parity-v4+/kernel/drivers/clk/qcom/gpucc-sc7280.ko.zst	000004b7	000081a4	000003e8	000003e8	00000001	6a7f6521	00000000	00000030	00000000	00000000	00000000
usr/lib/modules/7.1.5-sp11-render-parity-v4+/kernel/drivers/clk/qcom/gpucc-sc8280xp.ko.zst	000004b8	000081a4	000003e8	000003e8	00000001	6a7f6521	00000000	00000030	00000000	00000000	00000000
usr/lib/modules/7.1.5-sp11-render-parity-v4+/kernel/drivers/clk/qcom/gpucc-sdm660.ko.zst	000004b9	000081a4	000003e8	000003e8	00000001	6a7f6522	00000000	00000030	00000000	00000000	00000000
usr/lib/modules/7.1.5-sp11-render-parity-v4+/kernel/drivers/clk/qcom/gpucc-sdm845.ko.zst	000004ba	000081a4	000003e8	000003e8	00000001	6a7f6522	00000000	00000030	00000000	00000000	00000000
usr/lib/modules/7.1.5-sp11-render-parity-v4+/kernel/drivers/clk/qcom/gpucc-sm6115.ko.zst	000004bb	000081a4	000003e8	000003e8	00000001	6a7f6522	00000000	00000030	00000000	00000000	00000000
usr/lib/modules/7.1.5-sp11-render-parity-v4+/kernel/drivers/clk/qcom/gpucc-sm6125.ko.zst	000004bc	000081a4	000003e8	000003e8	00000001	6a7f6523	00000000	00000030	00000000	00000000	00000000
usr/lib/modules/7.1.5-sp11-render-parity-v4+/kernel/drivers/clk/qcom/gpucc-sm6350.ko.zst	000004bd	000081a4	000003e8	000003e8	00000001	6a7f6523	00000000	00000030	00000000	00000000	00000000
usr/lib/modules/7.1.5-sp11-render-parity-v4+/kernel/drivers/clk/qcom/gpucc-sm6375.ko.zst	000004be	000081a4	000003e8	000003e8	00000001	6a7f6523	00000000	00000030	00000000	00000000	00000000
usr/lib/modules/7.1.5-sp11-render-parity-v4+/kernel/drivers/clk/qcom/gpucc-sm8150.ko.zst	000004bf	000081a4	000003e8	000003e8	00000001	6a7f6523	00000000	00000030	00000000	00000000	00000000
usr/lib/modules/7.1.5-sp11-render-parity-v4+/kernel/drivers/clk/qcom/gpucc-sm8250.ko.zst	000004c0	000081a4	000003e8	000003e8	00000001	6a7f6523	00000000	00000030	00000000	00000000	00000000
usr/lib/modules/7.1.5-sp11-render-parity-v4+/kernel/drivers/clk/qcom/gpucc-sm8350.ko.zst	000004c1	000081a4	000003e8	000003e8	00000001	6a7f6523	00000000	00000030	00000000	00000000	00000000
usr/lib/modules/7.1.5-sp11-render-parity-v4+/kernel/drivers/clk/qcom/gpucc-sm8450.ko.zst	000004c2	000081a4	000003e8	000003e8	00000001	6a7f6523	00000000	00000030	00000000	00000000	00000000
usr/lib/modules/7.1.5-sp11-render-parity-v4+/kernel/drivers/clk/qcom/gpucc-sm8550.ko.zst	000004c3	000081a4	000003e8	000003e8	00000001	6a7f6523	00000000	00000030	00000000	00000000	00000000
usr/lib/modules/7.1.5-sp11-render-parity-v4+/kernel/drivers/clk/qcom/gpucc-sm8650.ko.zst	000004c4	000081a4	000003e8	000003e8	00000001	6a7f6523	00000000	00000030	00000000	00000000	00000000
usr/lib/modules/7.1.5-sp11-render-parity-v4+/kernel/drivers/clk/qcom/gpucc-x1e80100.ko.zst	000004c5	000081a4	000003e8	000003e8	00000001	6a7f6520	00000000	00000030	00000000	00000000	00000000
usr/lib/modules/7.1.5-sp11-render-parity-v4+/kernel/drivers/clk/qcom/gpucc-x1p42100.ko.zst	000004c6	000081a4	000003e8	000003e8	00000001	6a7f6520	00000000	00000030	00000000	00000000	00000000
usr/lib/modules/7.1.5-sp11-render-parity-v4+/kernel/drivers/clk/qcom/kpss-xcc.ko.zst	000004c7	000081a4	000003e8	000003e8	00000001	6a7f6523	00000000	00000030	00000000	00000000	00000000
usr/lib/modules/7.1.5-sp11-render-parity-v4+/kernel/drivers/clk/qcom/lpass-gfm-sm8250.ko.zst	000004ce	000081a4	000003e8	000003e8	00000001	6a7f6520	00000000	00000030	00000000	00000000	00000000
usr/lib/modules/7.1.5-sp11-render-parity-v4+/kernel/drivers/clk/qcom/lpassaudiocc-sc7280.ko.zst	000004c8	000081a4	000003e8	000003e8	00000001	6a7f6521	00000000	00000030	00000000	00000000	00000000
usr/lib/modules/7.1.5-sp11-render-parity-v4+/kernel/drivers/clk/qcom/lpasscc-sc7280.ko.zst	000004c9	000081a4	000003e8	000003e8	00000001	6a7f6521	00000000	00000030	00000000	00000000	00000000
usr/lib/modules/7.1.5-sp11-render-parity-v4+/kernel/drivers/clk/qcom/lpasscc-sc8280xp.ko.zst	000004ca	000081a4	000003e8	000003e8	00000001	6a7f6521	00000000	00000030	00000000	00000000	00000000
usr/lib/modules/7.1.5-sp11-render-parity-v4+/kernel/drivers/clk/qcom/lpasscc-sdm845.ko.zst	000004cb	000081a4	000003e8	000003e8	00000001	6a7f6522	00000000	00000030	00000000	00000000	00000000
usr/lib/modules/7.1.5-sp11-render-parity-v4+/kernel/drivers/clk/qcom/lpasscorecc-sc7180.ko.zst	000004cc	000081a4	000003e8	000003e8	00000001	6a7f6521	00000000	00000030	00000000	00000000	00000000
usr/lib/modules/7.1.5-sp11-render-parity-v4+/kernel/drivers/clk/qcom/lpasscorecc-sc7280.ko.zst	000004cd	000081a4	000003e8	000003e8	00000001	6a7f6521	00000000	00000030	00000000	00000000	00000000
usr/lib/modules/7.1.5-sp11-render-parity-v4+/kernel/drivers/clk/qcom/mmcc-msm8994.ko.zst	000004cf	000081a4	000003e8	000003e8	00000001	6a7f6520	00000000	00000030	00000000	00000000	00000000
usr/lib/modules/7.1.5-sp11-render-parity-v4+/kernel/drivers/clk/qcom/mmcc-msm8996.ko.zst	000004d0	000081a4	000003e8	000003e8	00000001	6a7f6520	00000000	00000030	00000000	00000000	00000000
usr/lib/modules/7.1.5-sp11-render-parity-v4+/kernel/drivers/clk/qcom/mmcc-msm8998.ko.zst	000004d1	000081a4	000003e8	000003e8	00000001	6a7f6520	00000000	00000030	00000000	00000000	00000000
usr/lib/modules/7.1.5-sp11-render-parity-v4+/kernel/drivers/clk/qcom/mmcc-sdm660.ko.zst	000004d2	000081a4	000003e8	000003e8	00000001	6a7f6521	00000000	00000030	00000000	00000000	00000000
usr/lib/modules/7.1.5-sp11-render-parity-v4+/kernel/drivers/clk/qcom/nsscc-ipq5424.ko.zst	000004d3	000081a4	000003e8	000003e8	00000001	6a7f6520	00000000	00000030	00000000	00000000	00000000
usr/lib/modules/7.1.5-sp11-render-parity-v4+/kernel/drivers/clk/qcom/nsscc-qca8k.ko.zst	000004d4	000081a4	000003e8	000003e8	00000001	6a7f6520	00000000	00000030	00000000	00000000	00000000
usr/lib/modules/7.1.5-sp11-render-parity-v4+/kernel/drivers/clk/qcom/q6sstop-qcs404.ko.zst	000004d5	000081a4	000003e8	000003e8	00000001	6a7f6521	00000000	00000030	00000000	00000000	00000000
usr/lib/modules/7.1.5-sp11-render-parity-v4+/kernel/drivers/clk/qcom/tcsrcc-sm8550.ko.zst	000004d6	000081a4	000003e8	000003e8	00000001	6a7f6523	00000000	00000030	00000000	00000000	00000000
usr/lib/modules/7.1.5-sp11-render-parity-v4+/kernel/drivers/clk/qcom/tcsrcc-sm8650.ko.zst	000004d7	000081a4	000003e8	000003e8	00000001	6a7f6523	00000000	00000030	00000000	00000000	00000000
usr/lib/modules/7.1.5-sp11-render-parity-v4+/kernel/drivers/clk/qcom/tcsrcc-x1e80100.ko.zst	000004d8	000081a4	000003e8	000003e8	00000001	6a7f6520	00000000	00000030	00000000	00000000	00000000
usr/lib/modules/7.1.5-sp11-render-parity-v4+/kernel/drivers/clk/qcom/turingcc-qcs404.ko.zst	000004d9	000081a4	000003e8	000003e8	00000001	6a7f6521	00000000	00000030	00000000	00000000	00000000
usr/lib/modules/7.1.5-sp11-render-parity-v4+/kernel/drivers/clk/qcom/videocc-sa8775p.ko.zst	000004da	000081a4	000003e8	000003e8	00000001	6a7f6521	00000000	00000030	00000000	00000000	00000000
usr/lib/modules/7.1.5-sp11-render-parity-v4+/kernel/drivers/clk/qcom/videocc-sc7180.ko.zst	000004db	000081a4	000003e8	000003e8	00000001	6a7f6521	00000000	00000030	00000000	00000000	00000000
usr/lib/modules/7.1.5-sp11-render-parity-v4+/kernel/drivers/clk/qcom/videocc-sc7280.ko.zst	000004dc	000081a4	000003e8	000003e8	00000001	6a7f6521	00000000	00000030	00000000	00000000	00000000
usr/lib/modules/7.1.5-sp11-render-parity-v4+/kernel/drivers/clk/qcom/videocc-sdm845.ko.zst	000004dd	000081a4	000003e8	000003e8	00000001	6a7f6522	00000000	00000030	00000000	00000000	00000000
usr/lib/modules/7.1.5-sp11-render-parity-v4+/kernel/drivers/clk/qcom/videocc-sm7150.ko.zst	000004de	000081a4	000003e8	000003e8	00000001	6a7f6523	00000000	00000030	00000000	00000000	00000000
usr/lib/modules/7.1.5-sp11-render-parity-v4+/kernel/drivers/clk/qcom/videocc-sm8150.ko.zst	000004df	000081a4	000003e8	000003e8	00000001	6a7f6523	00000000	00000030	00000000	00000000	00000000
usr/lib/modules/7.1.5-sp11-render-parity-v4+/kernel/drivers/clk/qcom/videocc-sm8250.ko.zst	000004e0	000081a4	000003e8	000003e8	00000001	6a7f6523	00000000	00000030	00000000	00000000	00000000
usr/lib/modules/7.1.5-sp11-render-parity-v4+/kernel/drivers/clk/qcom/videocc-sm8350.ko.zst	000004e1	000081a4	000003e8	000003e8	00000001	6a7f6523	00000000	00000030	00000000	00000000	00000000
usr/lib/modules/7.1.5-sp11-render-parity-v4+/kernel/drivers/clk/qcom/videocc-sm8450.ko.zst	000004e2	000081a4	000003e8	000003e8	00000001	6a7f6523	00000000	00000030	00000000	00000000	00000000
usr/lib/modules/7.1.5-sp11-render-parity-v4+/kernel/drivers/clk/qcom/videocc-sm8550.ko.zst	000004e3	000081a4	000003e8	000003e8	00000001	6a7f6523	00000000	00000030	00000000	00000000	00000000
usr/lib/modules/7.1.5-sp11-render-parity-v4+/kernel/drivers/clk/qcom/videocc-sm8750.ko.zst	000004e4	000081a4	000003e8	000003e8	00000001	6a7f6523	00000000	00000030	00000000	00000000	00000000
usr/lib/modules/7.1.5-sp11-render-parity-v4+/kernel/drivers/clk/renesas	000004e5	000041ed	000003e8	000003e8	00000002	6a8eba6d	00000000	00000030	00000000	00000000	00000000
usr/lib/modules/7.1.5-sp11-render-parity-v4+/kernel/drivers/clk/renesas/clk-vbattb.ko.zst	000004e6	000081a4	000003e8	000003e8	00000001	6a7f6523	00000000	00000030	00000000	00000000	00000000
usr/lib/modules/7.1.5-sp11-render-parity-v4+/kernel/drivers/clk/sprd	000004e7	000041ed	000003e8	000003e8	00000002	6a8eba6d	00000000	00000030	00000000	00000000	00000000
usr/lib/modules/7.1.5-sp11-render-parity-v4+/kernel/drivers/clk/sprd/clk-sprd.ko.zst	000004e8	000081a4	000003e8	000003e8	00000001	6a7f6523	00000000	00000030	00000000	00000000	00000000
usr/lib/modules/7.1.5-sp11-render-parity-v4+/kernel/drivers/clk/sprd/sc9860-clk.ko.zst	000004e9	000081a4	000003e8	000003e8	00000001	6a7f6523	00000000	00000030	00000000	00000000	00000000
usr/lib/modules/7.1.5-sp11-render-parity-v4+/kernel/drivers/clk/sprd/sc9863a-clk.ko.zst	000004ea	000081a4	000003e8	000003e8	00000001	6a7f6523	00000000	00000030	00000000	00000000	00000000
usr/lib/modules/7.1.5-sp11-render-parity-v4+/kernel/drivers/clk/sprd/ums512-clk.ko.zst	000004eb	000081a4	000003e8	000003e8	00000001	6a7f6523	00000000	00000030	00000000	00000000	00000000
usr/lib/modules/7.1.5-sp11-render-parity-v4+/kernel/drivers/clk/sunxi-ng	000004ec	000041ed	000003e8	000003e8	00000002	6a8eba6d	00000000	00000030	00000000	00000000	00000000
usr/lib/modules/7.1.5-sp11-render-parity-v4+/kernel/drivers/clk/sunxi-ng/sun6i-rtc-ccu.ko.zst	000004ed	000081a4	000003e8	000003e8	00000001	6a7f6523	00000000	00000030	00000000	00000000	00000000
usr/lib/modules/7.1.5-sp11-render-parity-v4+/kernel/drivers/clk/xilinx	000004ee	000041ed	000003e8	000003e8	00000002	6a8eba6d	00000000	00000030	00000000	00000000	00000000
usr/lib/modules/7.1.5-sp11-render-parity-v4+/kernel/drivers/clk/xilinx/clk-xlnx-clock-wizard.ko.zst	000004ef	000081a4	000003e8	000003e8	00000001	6a7f6523	00000000	00000030	00000000	00000000	00000000
usr/lib/modules/7.1.5-sp11-render-parity-v4+/kernel/drivers/clk/xilinx/xlnx_vcu.ko.zst	000004f0	000081a4	000003e8	000003e8	00000001	6a7f6523	00000000	00000030	00000000	00000000	00000000
usr/lib/modules/7.1.5-sp11-render-parity-v4+/kernel/drivers/dax	000004f1	000041ed	000003e8	000003e8	00000002	6a8eba6d	00000000	00000030	00000000	00000000	00000000
usr/lib/modules/7.1.5-sp11-render-parity-v4+/kernel/drivers/dax/dax_pmem.ko.zst	000004f2	000081a4	000003e8	000003e8	00000001	6a7f653d	00000000	00000030	00000000	00000000	00000000
usr/lib/modules/7.1.5-sp11-render-parity-v4+/kernel/drivers/devfreq	000004f3	000041ed	000003e8	000003e8	00000003	6a8eba6d	00000000	00000030	00000000	00000000	00000000
usr/lib/modules/7.1.5-sp11-render-parity-v4+/kernel/drivers/devfreq/event	000004f4	000041ed	000003e8	000003e8	00000002	6a8eba6d	00000000	00000030	00000000	00000000	00000000
usr/lib/modules/7.1.5-sp11-render-parity-v4+/kernel/drivers/devfreq/event/rockchip-dfi.ko.zst	000004f5	000081a4	000003e8	000003e8	00000001	6a7f659f	00000000	00000030	00000000	00000000	00000000
usr/lib/modules/7.1.5-sp11-render-parity-v4+/kernel/drivers/devfreq/imx-bus.ko.zst	000004f7	000081a4	000003e8	000003e8	00000001	6a7f659f	00000000	00000030	00000000	00000000	00000000
usr/lib/modules/7.1.5-sp11-render-parity-v4+/kernel/drivers/devfreq/imx8m-ddrc.ko.zst	000004f6	000081a4	000003e8	000003e8	00000001	6a7f659f	00000000	00000030	00000000	00000000	00000000
usr/lib/modules/7.1.5-sp11-render-parity-v4+/kernel/drivers/devfreq/mtk-cci-devfreq.ko.zst	000004f8	000081a4	000003e8	000003e8	00000001	6a7f659f	00000000	00000030	00000000	00000000	00000000
usr/lib/modules/7.1.5-sp11-render-parity-v4+/kernel/drivers/devfreq/rk3399_dmc.ko.zst	000004f9	000081a4	000003e8	000003e8	00000001	6a7f659f	00000000	00000030	00000000	00000000	00000000
usr/lib/modules/7.1.5-sp11-render-parity-v4+/kernel/drivers/devfreq/sun8i-a33-mbus.ko.zst	000004fa	000081a4	000003e8	000003e8	00000001	6a7f659f	00000000	00000030	00000000	00000000	00000000
usr/lib/modules/7.1.5-sp11-render-parity-v4+/kernel/drivers/devfreq/tegra30-devfreq.ko.zst	000004fb	000081a4	000003e8	000003e8	00000001	6a7f659f	00000000	00000030	00000000	00000000	00000000
usr/lib/modules/7.1.5-sp11-render-parity-v4+/kernel/drivers/dma	000004fc	000041ed	000003e8	000003e8	0000000c	6a8eba6d	00000000	00000030	00000000	00000000	00000000
usr/lib/modules/7.1.5-sp11-render-parity-v4+/kernel/drivers/dma/altera-msgdma.ko.zst	000004fd	000081a4	000003e8	000003e8	00000001	6a7f6524	00000000	00000030	00000000	00000000	00000000
usr/lib/modules/7.1.5-sp11-render-parity-v4+/kernel/drivers/dma/apple-admac.ko.zst	000004fe	000081a4	000003e8	000003e8	00000001	6a7f6524	00000000	00000030	00000000	00000000	00000000
usr/lib/modules/7.1.5-sp11-render-parity-v4+/kernel/drivers/dma/bcm-sba-raid.ko.zst	000004ff	000081a4	000003e8	000003e8	00000001	6a7f6524	00000000	00000030	00000000	00000000	00000000
usr/lib/modules/7.1.5-sp11-render-parity-v4+/kernel/drivers/dma/dma-axi-dmac.ko.zst	00000500	000081a4	000003e8	000003e8	00000001	6a7f6524	00000000	00000030	00000000	00000000	00000000
usr/lib/modules/7.1.5-sp11-render-parity-v4+/kernel/drivers/dma/dw	00000501	000041ed	000003e8	000003e8	00000002	6a8eba6d	00000000	00000030	00000000	00000000	00000000
usr/lib/modules/7.1.5-sp11-render-parity-v4+/kernel/drivers/dma/dw-axi-dmac	00000502	000041ed	000003e8	000003e8	00000002	6a8eba6d	00000000	00000030	00000000	00000000	00000000
usr/lib/modules/7.1.5-sp11-render-parity-v4+/kernel/drivers/dma/dw-axi-dmac/dw-axi-dmac-platform.ko.zst	00000503	000081a4	000003e8	000003e8	00000001	6a7f6525	00000000	00000030	00000000	00000000	00000000
usr/lib/modules/7.1.5-sp11-render-parity-v4+/kernel/drivers/dma/dw-edma	00000507	000041ed	000003e8	000003e8	00000002	6a8eba6d	00000000	00000030	00000000	00000000	00000000
usr/lib/modules/7.1.5-sp11-render-parity-v4+/kernel/drivers/dma/dw-edma/dw-edma-pcie.ko.zst	00000509	000081a4	000003e8	000003e8	00000001	6a7f6525	00000000	00000030	00000000	00000000	00000000
usr/lib/modules/7.1.5-sp11-render-parity-v4+/kernel/drivers/dma/dw-edma/dw-edma.ko.zst	00000508	000081a4	000003e8	000003e8	00000001	6a7f6525	00000000	00000030	00000000	00000000	00000000
usr/lib/modules/7.1.5-sp11-render-parity-v4+/kernel/drivers/dma/dw/dw_dmac.ko.zst	00000505	000081a4	000003e8	000003e8	00000001	6a7f6525	00000000	00000030	00000000	00000000	00000000
usr/lib/modules/7.1.5-sp11-render-parity-v4+/kernel/drivers/dma/dw/dw_dmac_core.ko.zst	00000504	000081a4	000003e8	000003e8	00000001	6a7f6525	00000000	00000030	00000000	00000000	00000000
usr/lib/modules/7.1.5-sp11-render-parity-v4+/kernel/drivers/dma/dw/dw_dmac_pci.ko.zst	00000506	000081a4	000003e8	000003e8	00000001	6a7f6525	00000000	00000030	00000000	00000000	00000000
usr/lib/modules/7.1.5-sp11-render-parity-v4+/kernel/drivers/dma/fsl-dpaa2-qdma	0000050a	000041ed	000003e8	000003e8	00000002	6a8eba6d	00000000	00000030	00000000	00000000	00000000
usr/lib/modules/7.1.5-sp11-render-parity-v4+/kernel/drivers/dma/fsl-dpaa2-qdma/dpaa2-qdma.ko.zst	0000050b	000081a4	000003e8	000003e8	00000001	6a7f6525	00000000	00000030	00000000	00000000	00000000
usr/lib/modules/7.1.5-sp11-render-parity-v4+/kernel/drivers/dma/fsl-dpaa2-qdma/dpdmai.ko.zst	0000050c	000081a4	000003e8	000003e8	00000001	6a7f6525	00000000	00000030	00000000	00000000	00000000
usr/lib/modules/7.1.5-sp11-render-parity-v4+/kernel/drivers/dma/fsl-edma.ko.zst	0000050d	000081a4	000003e8	000003e8	00000001	6a7f6525	00000000	00000030	00000000	00000000	00000000
usr/lib/modules/7.1.5-sp11-render-parity-v4+/kernel/drivers/dma/fsl-qdma.ko.zst	0000050e	000081a4	000003e8	000003e8	00000001	6a7f6525	00000000	00000030	00000000	00000000	00000000
usr/lib/modules/7.1.5-sp11-render-parity-v4+/kernel/drivers/dma/idma64.ko.zst	0000050f	000081a4	000003e8	000003e8	00000001	6a7f6525	00000000	00000030	00000000	00000000	00000000
usr/lib/modules/7.1.5-sp11-render-parity-v4+/kernel/drivers/dma/imx-dma.ko.zst	00000510	000081a4	000003e8	000003e8	00000001	6a7f6525	00000000	00000030	00000000	00000000	00000000
usr/lib/modules/7.1.5-sp11-render-parity-v4+/kernel/drivers/dma/imx-sdma.ko.zst	00000511	000081a4	000003e8	000003e8	00000001	6a7f6525	00000000	00000030	00000000	00000000	00000000
usr/lib/modules/7.1.5-sp11-render-parity-v4+/kernel/drivers/dma/k3dma.ko.zst	00000512	000081a4	000003e8	000003e8	00000001	6a7f6525	00000000	00000030	00000000	00000000	00000000
usr/lib/modules/7.1.5-sp11-render-parity-v4+/kernel/drivers/dma/mediatek	00000513	000041ed	000003e8	000003e8	00000002	6a8eba6d	00000000	00000030	00000000	00000000	00000000
usr/lib/modules/7.1.5-sp11-render-parity-v4+/kernel/drivers/dma/mediatek/mtk-cqdma.ko.zst	00000514	000081a4	000003e8	000003e8	00000001	6a7f6524	00000000	00000030	00000000	00000000	00000000
usr/lib/modules/7.1.5-sp11-render-parity-v4+/kernel/drivers/dma/mediatek/mtk-hsdma.ko.zst	00000515	000081a4	000003e8	000003e8	00000001	6a7f6524	00000000	00000030	00000000	00000000	00000000
usr/lib/modules/7.1.5-sp11-render-parity-v4+/kernel/drivers/dma/mediatek/mtk-uart-apdma.ko.zst	00000516	000081a4	000003e8	000003e8	00000001	6a7f6524	00000000	00000030	00000000	00000000	00000000
usr/lib/modules/7.1.5-sp11-render-parity-v4+/kernel/drivers/dma/owl-dma.ko.zst	00000517	000081a4	000003e8	000003e8	00000001	6a7f6525	00000000	00000030	00000000	00000000	00000000
usr/lib/modules/7.1.5-sp11-render-parity-v4+/kernel/drivers/dma/pl330.ko.zst	00000518	000081a4	000003e8	000003e8	00000001	6a7f6525	00000000	00000030	00000000	00000000	00000000
usr/lib/modules/7.1.5-sp11-render-parity-v4+/kernel/drivers/dma/plx_dma.ko.zst	00000519	000081a4	000003e8	000003e8	00000001	6a7f6525	00000000	00000030	00000000	00000000	00000000
usr/lib/modules/7.1.5-sp11-render-parity-v4+/kernel/drivers/dma/qcom	0000051a	000041ed	000003e8	000003e8	00000002	6a8eba6d	00000000	00000030	00000000	00000000	00000000
usr/lib/modules/7.1.5-sp11-render-parity-v4+/kernel/drivers/dma/qcom/gpi.ko.zst	0000051b	000081a4	000003e8	000003e8	00000001	6a7f6524	00000000	00000030	00000000	00000000	00000000
usr/lib/modules/7.1.5-sp11-render-parity-v4+/kernel/drivers/dma/sf-pdma	0000051c	000041ed	000003e8	000003e8	00000002	6a8eba6d	00000000	00000030	00000000	00000000	00000000
usr/lib/modules/7.1.5-sp11-render-parity-v4+/kernel/drivers/dma/sf-pdma/sf-pdma.ko.zst	0000051d	000081a4	000003e8	000003e8	00000001	6a7f6525	00000000	00000030	00000000	00000000	00000000
usr/lib/modules/7.1.5-sp11-render-parity-v4+/kernel/drivers/dma/sh	0000051e	000041ed	000003e8	000003e8	00000002	6a8eba6d	00000000	00000030	00000000	00000000	00000000
usr/lib/modules/7.1.5-sp11-render-parity-v4+/kernel/drivers/dma/sh/rcar-dmac.ko.zst	0000051f	000081a4	000003e8	000003e8	00000001	6a7f6524	00000000	00000030	00000000	00000000	00000000
usr/lib/modules/7.1.5-sp11-render-parity-v4+/kernel/drivers/dma/sh/rz-dmac.ko.zst	00000520	000081a4	000003e8	000003e8	00000001	6a7f6524	00000000	00000030	00000000	00000000	00000000
usr/lib/modules/7.1.5-sp11-render-parity-v4+/kernel/drivers/dma/sh/usb-dmac.ko.zst	00000521	000081a4	000003e8	000003e8	00000001	6a7f6524	00000000	00000030	00000000	00000000	00000000
usr/lib/modules/7.1.5-sp11-render-parity-v4+/kernel/drivers/dma/sprd-dma.ko.zst	00000522	000081a4	000003e8	000003e8	00000001	6a7f6525	00000000	00000030	00000000	00000000	00000000
usr/lib/modules/7.1.5-sp11-render-parity-v4+/kernel/drivers/dma/stm32	00000523	000041ed	000003e8	000003e8	00000002	6a8eba6d	00000000	00000030	00000000	00000000	00000000
usr/lib/modules/7.1.5-sp11-render-parity-v4+/kernel/drivers/dma/stm32/stm32-dma3.ko.zst	00000524	000081a4	000003e8	000003e8	00000001	6a7f6524	00000000	00000030	00000000	00000000	00000000
usr/lib/modules/7.1.5-sp11-render-parity-v4+/kernel/drivers/dma/sun6i-dma.ko.zst	00000525	000081a4	000003e8	000003e8	00000001	6a7f6524	00000000	00000030	00000000	00000000	00000000
usr/lib/modules/7.1.5-sp11-render-parity-v4+/kernel/drivers/dma/tegra186-gpc-dma.ko.zst	00000526	000081a4	000003e8	000003e8	00000001	6a7f6525	00000000	00000030	00000000	00000000	00000000
usr/lib/modules/7.1.5-sp11-render-parity-v4+/kernel/drivers/dma/tegra210-adma.ko.zst	00000527	000081a4	000003e8	000003e8	00000001	6a7f6525	00000000	00000030	00000000	00000000	00000000
usr/lib/modules/7.1.5-sp11-render-parity-v4+/kernel/drivers/dma/xgene-dma.ko.zst	00000528	000081a4	000003e8	000003e8	00000001	6a7f6525	00000000	00000030	00000000	00000000	00000000
usr/lib/modules/7.1.5-sp11-render-parity-v4+/kernel/drivers/dma/xilinx	00000529	000041ed	000003e8	000003e8	00000002	6a8eba6d	00000000	00000030	00000000	00000000	00000000
usr/lib/modules/7.1.5-sp11-render-parity-v4+/kernel/drivers/dma/xilinx/xdma.ko.zst	0000052a	000081a4	000003e8	000003e8	00000001	6a7f6524	00000000	00000030	00000000	00000000	00000000
usr/lib/modules/7.1.5-sp11-render-parity-v4+/kernel/drivers/dma/xilinx/xilinx_dma.ko.zst	0000052b	000081a4	000003e8	000003e8	00000001	6a7f6524	00000000	00000030	00000000	00000000	00000000
usr/lib/modules/7.1.5-sp11-render-parity-v4+/kernel/drivers/dma/xilinx/xilinx_dpdma.ko.zst	0000052c	000081a4	000003e8	000003e8	00000001	6a7f6524	00000000	00000030	00000000	00000000	00000000
usr/lib/modules/7.1.5-sp11-render-parity-v4+/kernel/drivers/dma/xilinx/zynqmp_dma.ko.zst	0000052d	000081a4	000003e8	000003e8	00000001	6a7f6524	00000000	00000030	00000000	00000000	00000000
usr/lib/modules/7.1.5-sp11-render-parity-v4+/kernel/drivers/extcon	0000052e	000041ed	000003e8	000003e8	00000002	6a8eba6d	00000000	00000030	00000000	00000000	00000000
usr/lib/modules/7.1.5-sp11-render-parity-v4+/kernel/drivers/extcon/extcon-adc-jack.ko.zst	0000052f	000081a4	000003e8	000003e8	00000001	6a7f659f	00000000	00000030	00000000	00000000	00000000
usr/lib/modules/7.1.5-sp11-render-parity-v4+/kernel/drivers/extcon/extcon-fsa9480.ko.zst	00000530	000081a4	000003e8	000003e8	00000001	6a7f659f	00000000	00000030	00000000	00000000	00000000
usr/lib/modules/7.1.5-sp11-render-parity-v4+/kernel/drivers/extcon/extcon-gpio.ko.zst	00000531	000081a4	000003e8	000003e8	00000001	6a7f659f	00000000	00000030	00000000	00000000	00000000
usr/lib/modules/7.1.5-sp11-render-parity-v4+/kernel/drivers/extcon/extcon-lc824206xa.ko.zst	00000532	000081a4	000003e8	000003e8	00000001	6a7f659f	00000000	00000030	00000000	00000000	00000000
usr/lib/modules/7.1.5-sp11-render-parity-v4+/kernel/drivers/extcon/extcon-max14577.ko.zst	00000533	000081a4	000003e8	000003e8	00000001	6a7f659f	00000000	00000030	00000000	00000000	00000000
usr/lib/modules/7.1.5-sp11-render-parity-v4+/kernel/drivers/extcon/extcon-max3355.ko.zst	00000534	000081a4	000003e8	000003e8	00000001	6a7f659f	00000000	00000030	00000000	00000000	00000000
usr/lib/modules/7.1.5-sp11-render-parity-v4+/kernel/drivers/extcon/extcon-max77693.ko.zst	00000535	000081a4	000003e8	000003e8	00000001	6a7f659f	00000000	00000030	00000000	00000000	00000000
usr/lib/modules/7.1.5-sp11-render-parity-v4+/kernel/drivers/extcon/extcon-max77843.ko.zst	00000536	000081a4	000003e8	000003e8	00000001	6a7f659f	00000000	00000030	00000000	00000000	00000000
usr/lib/modules/7.1.5-sp11-render-parity-v4+/kernel/drivers/extcon/extcon-max8997.ko.zst	00000537	000081a4	000003e8	000003e8	00000001	6a7f659f	00000000	00000030	00000000	00000000	00000000
usr/lib/modules/7.1.5-sp11-render-parity-v4+/kernel/drivers/extcon/extcon-palmas.ko.zst	00000538	000081a4	000003e8	000003e8	00000001	6a7f659f	00000000	00000030	00000000	00000000	00000000
usr/lib/modules/7.1.5-sp11-render-parity-v4+/kernel/drivers/extcon/extcon-ptn5150.ko.zst	00000539	000081a4	000003e8	000003e8	00000001	6a7f659f	00000000	00000030	00000000	00000000	00000000
usr/lib/modules/7.1.5-sp11-render-parity-v4+/kernel/drivers/extcon/extcon-qcom-spmi-misc.ko.zst	0000053a	000081a4	000003e8	000003e8	00000001	6a7f659f	00000000	00000030	00000000	00000000	00000000
usr/lib/modules/7.1.5-sp11-render-parity-v4+/kernel/drivers/extcon/extcon-rt8973a.ko.zst	0000053b	000081a4	000003e8	000003e8	00000001	6a7f659f	00000000	00000030	00000000	00000000	00000000
usr/lib/modules/7.1.5-sp11-render-parity-v4+/kernel/drivers/extcon/extcon-rtk-type-c.ko.zst	0000053c	000081a4	000003e8	000003e8	00000001	6a7f659f	00000000	00000030	00000000	00000000	00000000
usr/lib/modules/7.1.5-sp11-render-parity-v4+/kernel/drivers/extcon/extcon-sm5502.ko.zst	0000053d	000081a4	000003e8	000003e8	00000001	6a7f659f	00000000	00000030	00000000	00000000	00000000
usr/lib/modules/7.1.5-sp11-render-parity-v4+/kernel/drivers/extcon/extcon-usb-gpio.ko.zst	00000540	000081a4	000003e8	000003e8	00000001	6a7f659f	00000000	00000030	00000000	00000000	00000000
usr/lib/modules/7.1.5-sp11-render-parity-v4+/kernel/drivers/extcon/extcon-usbc-cros-ec.ko.zst	0000053e	000081a4	000003e8	000003e8	00000001	6a7f659f	00000000	00000030	00000000	00000000	00000000
usr/lib/modules/7.1.5-sp11-render-parity-v4+/kernel/drivers/extcon/extcon-usbc-tusb320.ko.zst	0000053f	000081a4	000003e8	000003e8	00000001	6a7f659f	00000000	00000030	00000000	00000000	00000000
usr/lib/modules/7.1.5-sp11-render-parity-v4+/kernel/drivers/firewire	00000541	000041ed	000003e8	000003e8	00000002	6a8eba6d	00000000	00000030	00000000	00000000	00000000
usr/lib/modules/7.1.5-sp11-render-parity-v4+/kernel/drivers/firewire/firewire-core.ko.zst	00000542	000081a4	000003e8	000003e8	00000001	6a7f655a	00000000	00000030	00000000	00000000	00000000
usr/lib/modules/7.1.5-sp11-render-parity-v4+/kernel/drivers/firewire/firewire-ohci.ko.zst	00000543	000081a4	000003e8	000003e8	00000001	6a7f655a	00000000	00000030	00000000	00000000	00000000
usr/lib/modules/7.1.5-sp11-render-parity-v4+/kernel/drivers/firewire/firewire-sbp2.ko.zst	00000544	000081a4	000003e8	000003e8	00000001	6a7f655a	00000000	00000030	00000000	00000000	00000000
usr/lib/modules/7.1.5-sp11-render-parity-v4+/kernel/drivers/firmware	00000545	000041ed	000003e8	000003e8	00000003	6a8eba6d	00000000	00000030	00000000	00000000	00000000
usr/lib/modules/7.1.5-sp11-render-parity-v4+/kernel/drivers/firmware/arm_scpi.ko.zst	00000546	000081a4	000003e8	000003e8	00000001	6a7f6595	00000000	00000030	00000000	00000000	00000000
usr/lib/modules/7.1.5-sp11-render-parity-v4+/kernel/drivers/firmware/cirrus	00000547	000041ed	000003e8	000003e8	00000002	6a8eba6d	00000000	00000030	00000000	00000000	00000000
usr/lib/modules/7.1.5-sp11-render-parity-v4+/kernel/drivers/firmware/cirrus/cs_dsp.ko.zst	00000548	000081a4	000003e8	000003e8	00000001	6a7f6595	00000000	00000030	00000000	00000000	00000000
usr/lib/modules/7.1.5-sp11-render-parity-v4+/kernel/drivers/fpga	00000549	000041ed	000003e8	000003e8	00000002	6a8eba6d	00000000	00000030	00000000	00000000	00000000
usr/lib/modules/7.1.5-sp11-render-parity-v4+/kernel/drivers/fpga/dfl.ko.zst	0000054a	000081a4	000003e8	000003e8	00000001	6a7f65bd	00000000	00000030	00000000	00000000	00000000
usr/lib/modules/7.1.5-sp11-render-parity-v4+/kernel/drivers/fpga/fpga-bridge.ko.zst	0000054b	000081a4	000003e8	000003e8	00000001	6a7f65bd	00000000	00000030	00000000	00000000	00000000
usr/lib/modules/7.1.5-sp11-render-parity-v4+/kernel/drivers/fpga/fpga-mgr.ko.zst	0000054c	000081a4	000003e8	000003e8	00000001	6a7f65bc	00000000	00000030	00000000	00000000	00000000
usr/lib/modules/7.1.5-sp11-render-parity-v4+/kernel/drivers/fpga/fpga-region.ko.zst	0000054d	000081a4	000003e8	000003e8	00000001	6a7f65bd	00000000	00000030	00000000	00000000	00000000
usr/lib/modules/7.1.5-sp11-render-parity-v4+/kernel/drivers/fsi	0000054e	000041ed	000003e8	000003e8	00000002	6a8eba6d	00000000	00000030	00000000	00000000	00000000
usr/lib/modules/7.1.5-sp11-render-parity-v4+/kernel/drivers/fsi/fsi-core.ko.zst	0000054f	000081a4	000003e8	000003e8	00000001	6a7f65bd	00000000	00000030	00000000	00000000	00000000
usr/lib/modules/7.1.5-sp11-render-parity-v4+/kernel/drivers/gnss	00000550	000041ed	000003e8	000003e8	00000002	6a8eba6d	00000000	00000030	00000000	00000000	00000000
usr/lib/modules/7.1.5-sp11-render-parity-v4+/kernel/drivers/gnss/gnss.ko.zst	00000551	000081a4	000003e8	000003e8	00000001	6a7f65bd	00000000	00000030	00000000	00000000	00000000
usr/lib/modules/7.1.5-sp11-render-parity-v4+/kernel/drivers/gpio	00000552	000041ed	000003e8	000003e8	00000002	6a8eba6d	00000000	00000030	00000000	00000000	00000000
usr/lib/modules/7.1.5-sp11-render-parity-v4+/kernel/drivers/gpio/gpio-74x164.ko.zst	00000553	000081a4	000003e8	000003e8	00000001	6a7f6514	00000000	00000030	00000000	00000000	00000000
usr/lib/modules/7.1.5-sp11-render-parity-v4+/kernel/drivers/gpio/gpio-74xx-mmio.ko.zst	00000554	000081a4	000003e8	000003e8	00000001	6a7f6514	00000000	00000030	00000000	00000000	00000000
usr/lib/modules/7.1.5-sp11-render-parity-v4+/kernel/drivers/gpio/gpio-adnp.ko.zst	00000555	000081a4	000003e8	000003e8	00000001	6a7f6514	00000000	00000030	00000000	00000000	00000000
usr/lib/modules/7.1.5-sp11-render-parity-v4+/kernel/drivers/gpio/gpio-adp5520.ko.zst	00000556	000081a4	000003e8	000003e8	00000001	6a7f6514	00000000	00000030	00000000	00000000	00000000
usr/lib/modules/7.1.5-sp11-render-parity-v4+/kernel/drivers/gpio/gpio-aggregator.ko.zst	00000557	000081a4	000003e8	000003e8	00000001	6a7f6514	00000000	00000030	00000000	00000000	00000000
usr/lib/modules/7.1.5-sp11-render-parity-v4+/kernel/drivers/gpio/gpio-altera-a10sr.ko.zst	00000558	000081a4	000003e8	000003e8	00000001	6a7f6514	00000000	00000030	00000000	00000000	00000000
usr/lib/modules/7.1.5-sp11-render-parity-v4+/kernel/drivers/gpio/gpio-altera.ko.zst	00000559	000081a4	000003e8	000003e8	00000001	6a7f6514	00000000	00000030	00000000	00000000	00000000
usr/lib/modules/7.1.5-sp11-render-parity-v4+/kernel/drivers/gpio/gpio-amd-fch.ko.zst	0000055a	000081a4	000003e8	000003e8	00000001	6a7f6514	00000000	00000030	00000000	00000000	00000000
usr/lib/modules/7.1.5-sp11-render-parity-v4+/kernel/drivers/gpio/gpio-amdpt.ko.zst	0000055b	000081a4	000003e8	000003e8	00000001	6a7f6514	00000000	00000030	00000000	00000000	00000000
usr/lib/modules/7.1.5-sp11-render-parity-v4+/kernel/drivers/gpio/gpio-arizona.ko.zst	0000055c	000081a4	000003e8	000003e8	00000001	6a7f6514	00000000	00000030	00000000	00000000	00000000
usr/lib/modules/7.1.5-sp11-render-parity-v4+/kernel/drivers/gpio/gpio-bd71815.ko.zst	0000055d	000081a4	000003e8	000003e8	00000001	6a7f6514	00000000	00000030	00000000	00000000	00000000
usr/lib/modules/7.1.5-sp11-render-parity-v4+/kernel/drivers/gpio/gpio-bd71828.ko.zst	0000055e	000081a4	000003e8	000003e8	00000001	6a7f6514	00000000	00000030	00000000	00000000	00000000
usr/lib/modules/7.1.5-sp11-render-parity-v4+/kernel/drivers/gpio/gpio-bd9571mwv.ko.zst	0000055f	000081a4	000003e8	000003e8	00000001	6a7f6514	00000000	00000030	00000000	00000000	00000000
usr/lib/modules/7.1.5-sp11-render-parity-v4+/kernel/drivers/gpio/gpio-cadence.ko.zst	00000560	000081a4	000003e8	000003e8	00000001	6a7f6514	00000000	00000030	00000000	00000000	00000000
usr/lib/modules/7.1.5-sp11-render-parity-v4+/kernel/drivers/gpio/gpio-cros-ec.ko.zst	00000561	000081a4	000003e8	000003e8	00000001	6a7f6514	00000000	00000030	00000000	00000000	00000000
usr/lib/modules/7.1.5-sp11-render-parity-v4+/kernel/drivers/gpio/gpio-da9052.ko.zst	00000562	000081a4	000003e8	000003e8	00000001	6a7f6514	00000000	00000030	00000000	00000000	00000000
usr/lib/modules/7.1.5-sp11-render-parity-v4+/kernel/drivers/gpio/gpio-da9055.ko.zst	00000563	000081a4	000003e8	000003e8	00000001	6a7f6514	00000000	00000030	00000000	00000000	00000000
usr/lib/modules/7.1.5-sp11-render-parity-v4+/kernel/drivers/gpio/gpio-dln2.ko.zst	00000564	000081a4	000003e8	000003e8	00000001	6a7f6514	00000000	00000030	00000000	00000000	00000000
usr/lib/modules/7.1.5-sp11-render-parity-v4+/kernel/drivers/gpio/gpio-ds4520.ko.zst	00000565	000081a4	000003e8	000003e8	00000001	6a7f6514	00000000	00000030	00000000	00000000	00000000
usr/lib/modules/7.1.5-sp11-render-parity-v4+/kernel/drivers/gpio/gpio-dwapb.ko.zst	00000566	000081a4	000003e8	000003e8	00000001	6a7f6514	00000000	00000030	00000000	00000000	00000000
usr/lib/modules/7.1.5-sp11-render-parity-v4+/kernel/drivers/gpio/gpio-eic-sprd.ko.zst	00000567	000081a4	000003e8	000003e8	00000001	6a7f6514	00000000	00000030	00000000	00000000	00000000
usr/lib/modules/7.1.5-sp11-render-parity-v4+/kernel/drivers/gpio/gpio-en7523.ko.zst	00000568	000081a4	000003e8	000003e8	00000001	6a7f6514	00000000	00000030	00000000	00000000	00000000
usr/lib/modules/7.1.5-sp11-render-parity-v4+/kernel/drivers/gpio/gpio-exar.ko.zst	00000569	000081a4	000003e8	000003e8	00000001	6a7f6514	00000000	00000030	00000000	00000000	00000000
usr/lib/modules/7.1.5-sp11-render-parity-v4+/kernel/drivers/gpio/gpio-fxl6408.ko.zst	0000056a	000081a4	000003e8	000003e8	00000001	6a7f6514	00000000	00000030	00000000	00000000	00000000
usr/lib/modules/7.1.5-sp11-render-parity-v4+/kernel/drivers/gpio/gpio-grgpio.ko.zst	0000056b	000081a4	000003e8	000003e8	00000001	6a7f6514	00000000	00000030	00000000	00000000	00000000
usr/lib/modules/7.1.5-sp11-render-parity-v4+/kernel/drivers/gpio/gpio-gw-pld.ko.zst	0000056c	000081a4	000003e8	000003e8	00000001	6a7f6514	00000000	00000030	00000000	00000000	00000000
usr/lib/modules/7.1.5-sp11-render-parity-v4+/kernel/drivers/gpio/gpio-hisi.ko.zst	0000056d	000081a4	000003e8	000003e8	00000001	6a7f6514	00000000	00000030	00000000	00000000	00000000
usr/lib/modules/7.1.5-sp11-render-parity-v4+/kernel/drivers/gpio/gpio-hlwd.ko.zst	0000056e	000081a4	000003e8	000003e8	00000001	6a7f6514	00000000	00000030	00000000	00000000	00000000
usr/lib/modules/7.1.5-sp11-render-parity-v4+/kernel/drivers/gpio/gpio-idio-16.ko.zst	0000056f	000081a4	000003e8	000003e8	00000001	6a7f6514	00000000	00000030	00000000	00000000	00000000
usr/lib/modules/7.1.5-sp11-render-parity-v4+/kernel/drivers/gpio/gpio-janz-ttl.ko.zst	00000570	000081a4	000003e8	000003e8	00000001	6a7f6514	00000000	00000030	00000000	00000000	00000000
usr/lib/modules/7.1.5-sp11-render-parity-v4+/kernel/drivers/gpio/gpio-kempld.ko.zst	00000571	000081a4	000003e8	000003e8	00000001	6a7f6514	00000000	00000030	00000000	00000000	00000000
usr/lib/modules/7.1.5-sp11-render-parity-v4+/kernel/drivers/gpio/gpio-latch.ko.zst	00000572	000081a4	000003e8	000003e8	00000001	6a7f6514	00000000	00000030	00000000	00000000	00000000
usr/lib/modules/7.1.5-sp11-render-parity-v4+/kernel/drivers/gpio/gpio-ljca.ko.zst	00000573	000081a4	000003e8	000003e8	00000001	6a7f6515	00000000	00000030	00000000	00000000	00000000
usr/lib/modules/7.1.5-sp11-render-parity-v4+/kernel/drivers/gpio/gpio-logicvc.ko.zst	00000574	000081a4	000003e8	000003e8	00000001	6a7f6515	00000000	00000030	00000000	00000000	00000000
usr/lib/modules/7.1.5-sp11-render-parity-v4+/kernel/drivers/gpio/gpio-lp3943.ko.zst	00000575	000081a4	000003e8	000003e8	00000001	6a7f6515	00000000	00000030	00000000	00000000	00000000
usr/lib/modules/7.1.5-sp11-render-parity-v4+/kernel/drivers/gpio/gpio-lp873x.ko.zst	00000576	000081a4	000003e8	000003e8	00000001	6a7f6515	00000000	00000030	00000000	00000000	00000000
usr/lib/modules/7.1.5-sp11-render-parity-v4+/kernel/drivers/gpio/gpio-lp87565.ko.zst	00000577	000081a4	000003e8	000003e8	00000001	6a7f6515	00000000	00000030	00000000	00000000	00000000
usr/lib/modules/7.1.5-sp11-render-parity-v4+/kernel/drivers/gpio/gpio-madera.ko.zst	00000578	000081a4	000003e8	000003e8	00000001	6a7f6515	00000000	00000030	00000000	00000000	00000000
usr/lib/modules/7.1.5-sp11-render-parity-v4+/kernel/drivers/gpio/gpio-max3191x.ko.zst	00000579	000081a4	000003e8	000003e8	00000001	6a7f6515	00000000	00000030	00000000	00000000	00000000
usr/lib/modules/7.1.5-sp11-render-parity-v4+/kernel/drivers/gpio/gpio-max7300.ko.zst	0000057a	000081a4	000003e8	000003e8	00000001	6a7f6515	00000000	00000030	00000000	00000000	00000000
usr/lib/modules/7.1.5-sp11-render-parity-v4+/kernel/drivers/gpio/gpio-max7301.ko.zst	0000057b	000081a4	000003e8	000003e8	00000001	6a7f6515	00000000	00000030	00000000	00000000	00000000
usr/lib/modules/7.1.5-sp11-render-parity-v4+/kernel/drivers/gpio/gpio-max730x.ko.zst	0000057c	000081a4	000003e8	000003e8	00000001	6a7f6515	00000000	00000030	00000000	00000000	00000000
usr/lib/modules/7.1.5-sp11-render-parity-v4+/kernel/drivers/gpio/gpio-max732x.ko.zst	0000057d	000081a4	000003e8	000003e8	00000001	6a7f6515	00000000	00000030	00000000	00000000	00000000
usr/lib/modules/7.1.5-sp11-render-parity-v4+/kernel/drivers/gpio/gpio-max77620.ko.zst	0000057e	000081a4	000003e8	000003e8	00000001	6a7f6515	00000000	00000030	00000000	00000000	00000000
usr/lib/modules/7.1.5-sp11-render-parity-v4+/kernel/drivers/gpio/gpio-max77650.ko.zst	0000057f	000081a4	000003e8	000003e8	00000001	6a7f6515	00000000	00000030	00000000	00000000	00000000
usr/lib/modules/7.1.5-sp11-render-parity-v4+/kernel/drivers/gpio/gpio-mb86s7x.ko.zst	00000580	000081a4	000003e8	000003e8	00000001	6a7f6515	00000000	00000030	00000000	00000000	00000000
usr/lib/modules/7.1.5-sp11-render-parity-v4+/kernel/drivers/gpio/gpio-mc33880.ko.zst	00000581	000081a4	000003e8	000003e8	00000001	6a7f6515	00000000	00000030	00000000	00000000	00000000
usr/lib/modules/7.1.5-sp11-render-parity-v4+/kernel/drivers/gpio/gpio-menz127.ko.zst	00000582	000081a4	000003e8	000003e8	00000001	6a7f6515	00000000	00000030	00000000	00000000	00000000
usr/lib/modules/7.1.5-sp11-render-parity-v4+/kernel/drivers/gpio/gpio-mlxbf.ko.zst	00000585	000081a4	000003e8	000003e8	00000001	6a7f6515	00000000	00000030	00000000	00000000	00000000
usr/lib/modules/7.1.5-sp11-render-parity-v4+/kernel/drivers/gpio/gpio-mlxbf2.ko.zst	00000583	000081a4	000003e8	000003e8	00000001	6a7f6515	00000000	00000030	00000000	00000000	00000000
usr/lib/modules/7.1.5-sp11-render-parity-v4+/kernel/drivers/gpio/gpio-mlxbf3.ko.zst	00000584	000081a4	000003e8	000003e8	00000001	6a7f6515	00000000	00000030	00000000	00000000	00000000
usr/lib/modules/7.1.5-sp11-render-parity-v4+/kernel/drivers/gpio/gpio-moxtet.ko.zst	00000586	000081a4	000003e8	000003e8	00000001	6a7f6515	00000000	00000030	00000000	00000000	00000000
usr/lib/modules/7.1.5-sp11-render-parity-v4+/kernel/drivers/gpio/gpio-pca953x.ko.zst	00000587	000081a4	000003e8	000003e8	00000001	6a7f6515	00000000	00000030	00000000	00000000	00000000
usr/lib/modules/7.1.5-sp11-render-parity-v4+/kernel/drivers/gpio/gpio-pca9570.ko.zst	00000588	000081a4	000003e8	000003e8	00000001	6a7f6515	00000000	00000030	00000000	00000000	00000000
usr/lib/modules/7.1.5-sp11-render-parity-v4+/kernel/drivers/gpio/gpio-pcf857x.ko.zst	00000589	000081a4	000003e8	000003e8	00000001	6a7f6515	00000000	00000030	00000000	00000000	00000000
usr/lib/modules/7.1.5-sp11-render-parity-v4+/kernel/drivers/gpio/gpio-pci-idio-16.ko.zst	0000058b	000081a4	000003e8	000003e8	00000001	6a7f6515	00000000	00000030	00000000	00000000	00000000
usr/lib/modules/7.1.5-sp11-render-parity-v4+/kernel/drivers/gpio/gpio-pcie-idio-24.ko.zst	0000058a	000081a4	000003e8	000003e8	00000001	6a7f6515	00000000	00000030	00000000	00000000	00000000
usr/lib/modules/7.1.5-sp11-render-parity-v4+/kernel/drivers/gpio/gpio-pisosr.ko.zst	0000058c	000081a4	000003e8	000003e8	00000001	6a7f6515	00000000	00000030	00000000	00000000	00000000
usr/lib/modules/7.1.5-sp11-render-parity-v4+/kernel/drivers/gpio/gpio-pmic-eic-sprd.ko.zst	0000058d	000081a4	000003e8	000003e8	00000001	6a7f6515	00000000	00000030	00000000	00000000	00000000
usr/lib/modules/7.1.5-sp11-render-parity-v4+/kernel/drivers/gpio/gpio-qixis-fpga.ko.zst	0000058e	000081a4	000003e8	000003e8	00000001	6a7f6515	00000000	00000030	00000000	00000000	00000000
usr/lib/modules/7.1.5-sp11-render-parity-v4+/kernel/drivers/gpio/gpio-rcar.ko.zst	0000058f	000081a4	000003e8	000003e8	00000001	6a7f6515	00000000	00000030	00000000	00000000	00000000
usr/lib/modules/7.1.5-sp11-render-parity-v4+/kernel/drivers/gpio/gpio-rdc321x.ko.zst	00000590	000081a4	000003e8	000003e8	00000001	6a7f6515	00000000	00000030	00000000	00000000	00000000
usr/lib/modules/7.1.5-sp11-render-parity-v4+/kernel/drivers/gpio/gpio-regmap.ko.zst	00000591	000081a4	000003e8	000003e8	00000001	6a7f6514	00000000	00000030	00000000	00000000	00000000
usr/lib/modules/7.1.5-sp11-render-parity-v4+/kernel/drivers/gpio/gpio-rockchip.ko.zst	00000592	000081a4	000003e8	000003e8	00000001	6a7f6515	00000000	00000030	00000000	00000000	00000000
usr/lib/modules/7.1.5-sp11-render-parity-v4+/kernel/drivers/gpio/gpio-rtd.ko.zst	00000593	000081a4	000003e8	000003e8	00000001	6a7f6515	00000000	00000030	00000000	00000000	00000000
usr/lib/modules/7.1.5-sp11-render-parity-v4+/kernel/drivers/gpio/gpio-shared-proxy.ko.zst	00000594	000081a4	000003e8	000003e8	00000001	6a7f6515	00000000	00000030	00000000	00000000	00000000
usr/lib/modules/7.1.5-sp11-render-parity-v4+/kernel/drivers/gpio/gpio-sim.ko.zst	00000595	000081a4	000003e8	000003e8	00000001	6a7f6515	00000000	00000030	00000000	00000000	00000000
usr/lib/modules/7.1.5-sp11-render-parity-v4+/kernel/drivers/gpio/gpio-siox.ko.zst	00000596	000081a4	000003e8	000003e8	00000001	6a7f6515	00000000	00000030	00000000	00000000	00000000
usr/lib/modules/7.1.5-sp11-render-parity-v4+/kernel/drivers/gpio/gpio-sl28cpld.ko.zst	00000597	000081a4	000003e8	000003e8	00000001	6a7f6515	00000000	00000030	00000000	00000000	00000000
usr/lib/modules/7.1.5-sp11-render-parity-v4+/kernel/drivers/gpio/gpio-sloppy-logic-analyzer.ko.zst	00000598	000081a4	000003e8	000003e8	00000001	6a7f6515	00000000	00000030	00000000	00000000	00000000
usr/lib/modules/7.1.5-sp11-render-parity-v4+/kernel/drivers/gpio/gpio-sprd.ko.zst	00000599	000081a4	000003e8	000003e8	00000001	6a7f6515	00000000	00000030	00000000	00000000	00000000
usr/lib/modules/7.1.5-sp11-render-parity-v4+/kernel/drivers/gpio/gpio-syscon.ko.zst	0000059a	000081a4	000003e8	000003e8	00000001	6a7f6515	00000000	00000030	00000000	00000000	00000000
usr/lib/modules/7.1.5-sp11-render-parity-v4+/kernel/drivers/gpio/gpio-thunderx.ko.zst	0000059b	000081a4	000003e8	000003e8	00000001	6a7f6515	00000000	00000030	00000000	00000000	00000000
usr/lib/modules/7.1.5-sp11-render-parity-v4+/kernel/drivers/gpio/gpio-tpic2810.ko.zst	0000059c	000081a4	000003e8	000003e8	00000001	6a7f6515	00000000	00000030	00000000	00000000	00000000
usr/lib/modules/7.1.5-sp11-render-parity-v4+/kernel/drivers/gpio/gpio-tps65086.ko.zst	0000059d	000081a4	000003e8	000003e8	00000001	6a7f6516	00000000	00000030	00000000	00000000	00000000
usr/lib/modules/7.1.5-sp11-render-parity-v4+/kernel/drivers/gpio/gpio-tps65218.ko.zst	0000059e	000081a4	000003e8	000003e8	00000001	6a7f6516	00000000	00000030	00000000	00000000	00000000
usr/lib/modules/7.1.5-sp11-render-parity-v4+/kernel/drivers/gpio/gpio-tps65219.ko.zst	0000059f	000081a4	000003e8	000003e8	00000001	6a7f6516	00000000	00000030	00000000	00000000	00000000
usr/lib/modules/7.1.5-sp11-render-parity-v4+/kernel/drivers/gpio/gpio-tps65912.ko.zst	000005a0	000081a4	000003e8	000003e8	00000001	6a7f6516	00000000	00000030	00000000	00000000	00000000
usr/lib/modules/7.1.5-sp11-render-parity-v4+/kernel/drivers/gpio/gpio-tqmx86.ko.zst	000005a1	000081a4	000003e8	000003e8	00000001	6a7f6516	00000000	00000030	00000000	00000000	00000000
usr/lib/modules/7.1.5-sp11-render-parity-v4+/kernel/drivers/gpio/gpio-twl4030.ko.zst	000005a2	000081a4	000003e8	000003e8	00000001	6a7f6516	00000000	00000030	00000000	00000000	00000000
usr/lib/modules/7.1.5-sp11-render-parity-v4+/kernel/drivers/gpio/gpio-twl6040.ko.zst	000005a3	000081a4	000003e8	000003e8	00000001	6a7f6516	00000000	00000030	00000000	00000000	00000000
usr/lib/modules/7.1.5-sp11-render-parity-v4+/kernel/drivers/gpio/gpio-viperboard.ko.zst	000005a4	000081a4	000003e8	000003e8	00000001	6a7f6516	00000000	00000030	00000000	00000000	00000000
usr/lib/modules/7.1.5-sp11-render-parity-v4+/kernel/drivers/gpio/gpio-virtio.ko.zst	000005a5	000081a4	000003e8	000003e8	00000001	6a7f6516	00000000	00000030	00000000	00000000	00000000
usr/lib/modules/7.1.5-sp11-render-parity-v4+/kernel/drivers/gpio/gpio-virtuser.ko.zst	000005a6	000081a4	000003e8	000003e8	00000001	6a7f6516	00000000	00000030	00000000	00000000	00000000
usr/lib/modules/7.1.5-sp11-render-parity-v4+/kernel/drivers/gpio/gpio-visconti.ko.zst	000005a7	000081a4	000003e8	000003e8	00000001	6a7f6516	00000000	00000030	00000000	00000000	00000000
usr/lib/modules/7.1.5-sp11-render-parity-v4+/kernel/drivers/gpio/gpio-wcd934x.ko.zst	000005a8	000081a4	000003e8	000003e8	00000001	6a7f6516	00000000	00000030	00000000	00000000	00000000
usr/lib/modules/7.1.5-sp11-render-parity-v4+/kernel/drivers/gpio/gpio-wm831x.ko.zst	000005a9	000081a4	000003e8	000003e8	00000001	6a7f6516	00000000	00000030	00000000	00000000	00000000
usr/lib/modules/7.1.5-sp11-render-parity-v4+/kernel/drivers/gpio/gpio-wm8350.ko.zst	000005aa	000081a4	000003e8	000003e8	00000001	6a7f6516	00000000	00000030	00000000	00000000	00000000
usr/lib/modules/7.1.5-sp11-render-parity-v4+/kernel/drivers/gpio/gpio-wm8994.ko.zst	000005ab	000081a4	000003e8	000003e8	00000001	6a7f6516	00000000	00000030	00000000	00000000	00000000
usr/lib/modules/7.1.5-sp11-render-parity-v4+/kernel/drivers/gpio/gpio-xgene-sb.ko.zst	000005ac	000081a4	000003e8	000003e8	00000001	6a7f6516	00000000	00000030	00000000	00000000	00000000
usr/lib/modules/7.1.5-sp11-render-parity-v4+/kernel/drivers/gpio/gpio-xlp.ko.zst	000005ad	000081a4	000003e8	000003e8	00000001	6a7f6516	00000000	00000030	00000000	00000000	00000000
usr/lib/modules/7.1.5-sp11-render-parity-v4+/kernel/drivers/gpio/gpio-xra1403.ko.zst	000005ae	000081a4	000003e8	000003e8	00000001	6a7f6516	00000000	00000030	00000000	00000000	00000000
usr/lib/modules/7.1.5-sp11-render-parity-v4+/kernel/drivers/gpio/gpio-zynq.ko.zst	000005af	000081a4	000003e8	000003e8	00000001	6a7f6516	00000000	00000030	00000000	00000000	00000000
usr/lib/modules/7.1.5-sp11-render-parity-v4+/kernel/drivers/gpio/gpio-zynqmp-modepin.ko.zst	000005b0	000081a4	000003e8	000003e8	00000001	6a7f6516	00000000	00000030	00000000	00000000	00000000
usr/lib/modules/7.1.5-sp11-render-parity-v4+/kernel/drivers/gpu	000005b1	000041ed	000003e8	000003e8	00000003	6a8eba6d	00000000	00000030	00000000	00000000	00000000
usr/lib/modules/7.1.5-sp11-render-parity-v4+/kernel/drivers/gpu/drm	000005b2	000041ed	000003e8	000003e8	0000000e	6a8eba6d	00000000	00000030	00000000	00000000	00000000
usr/lib/modules/7.1.5-sp11-render-parity-v4+/kernel/drivers/gpu/drm/bridge	000005b3	000041ed	000003e8	000003e8	00000007	6a8eba6d	00000000	00000030	00000000	00000000	00000000
usr/lib/modules/7.1.5-sp11-render-parity-v4+/kernel/drivers/gpu/drm/bridge/adv7511	000005b4	000041ed	000003e8	000003e8	00000002	6a8eba6d	00000000	00000030	00000000	00000000	00000000
usr/lib/modules/7.1.5-sp11-render-parity-v4+/kernel/drivers/gpu/drm/bridge/adv7511/adv7511.ko.zst	000005b5	000081a4	000003e8	000003e8	00000001	6a7f6532	00000000	00000030	00000000	00000000	00000000
usr/lib/modules/7.1.5-sp11-render-parity-v4+/kernel/drivers/gpu/drm/bridge/analogix	000005b6	000041ed	000003e8	000003e8	00000002	6a8eba6d	00000000	00000030	00000000	00000000	00000000
usr/lib/modules/7.1.5-sp11-render-parity-v4+/kernel/drivers/gpu/drm/bridge/analogix/analogix-anx6345.ko.zst	000005b7	000081a4	000003e8	000003e8	00000001	6a7f6531	00000000	00000030	00000000	00000000	00000000
usr/lib/modules/7.1.5-sp11-render-parity-v4+/kernel/drivers/gpu/drm/bridge/analogix/analogix-anx78xx.ko.zst	000005b8	000081a4	000003e8	000003e8	00000001	6a7f6531	00000000	00000030	00000000	00000000	00000000
usr/lib/modules/7.1.5-sp11-render-parity-v4+/kernel/drivers/gpu/drm/bridge/analogix/analogix_dp.ko.zst	000005b9	000081a4	000003e8	000003e8	00000001	6a7f6531	00000000	00000030	00000000	00000000	00000000
usr/lib/modules/7.1.5-sp11-render-parity-v4+/kernel/drivers/gpu/drm/bridge/analogix/anx7625.ko.zst	000005ba	000081a4	000003e8	000003e8	00000001	6a7f6531	00000000	00000030	00000000	00000000	00000000
usr/lib/modules/7.1.5-sp11-render-parity-v4+/kernel/drivers/gpu/drm/bridge/cadence	000005bb	000041ed	000003e8	000003e8	00000002	6a8eba6d	00000000	00000030	00000000	00000000	00000000
usr/lib/modules/7.1.5-sp11-render-parity-v4+/kernel/drivers/gpu/drm/bridge/cadence/cdns-dsi.ko.zst	000005bc	000081a4	000003e8	000003e8	00000001	6a7f6531	00000000	00000030	00000000	00000000	00000000
usr/lib/modules/7.1.5-sp11-render-parity-v4+/kernel/drivers/gpu/drm/bridge/cadence/cdns-mhdp8546.ko.zst	000005bd	000081a4	000003e8	000003e8	00000001	6a7f6531	00000000	00000030	00000000	00000000	00000000
usr/lib/modules/7.1.5-sp11-render-parity-v4+/kernel/drivers/gpu/drm/bridge/chipone-icn6211.ko.zst	000005be	000081a4	000003e8	000003e8	00000001	6a7f6532	00000000	00000030	00000000	00000000	00000000
usr/lib/modules/7.1.5-sp11-render-parity-v4+/kernel/drivers/gpu/drm/bridge/chrontel-ch7033.ko.zst	000005bf	000081a4	000003e8	000003e8	00000001	6a7f6532	00000000	00000030	00000000	00000000	00000000
usr/lib/modules/7.1.5-sp11-render-parity-v4+/kernel/drivers/gpu/drm/bridge/cros-ec-anx7688.ko.zst	000005c0	000081a4	000003e8	000003e8	00000001	6a7f6532	00000000	00000030	00000000	00000000	00000000
usr/lib/modules/7.1.5-sp11-render-parity-v4+/kernel/drivers/gpu/drm/bridge/display-connector.ko.zst	000005c1	000081a4	000003e8	000003e8	00000001	6a7f6532	00000000	00000030	00000000	00000000	00000000
usr/lib/modules/7.1.5-sp11-render-parity-v4+/kernel/drivers/gpu/drm/bridge/fsl-ldb.ko.zst	000005c2	000081a4	000003e8	000003e8	00000001	6a7f6532	00000000	00000030	00000000	00000000	00000000
usr/lib/modules/7.1.5-sp11-render-parity-v4+/kernel/drivers/gpu/drm/bridge/imx	000005c3	000041ed	000003e8	000003e8	00000002	6a8eba6d	00000000	00000030	00000000	00000000	00000000
usr/lib/modules/7.1.5-sp11-render-parity-v4+/kernel/drivers/gpu/drm/bridge/imx/imx-ldb-helper.ko.zst	000005cd	000081a4	000003e8	000003e8	00000001	6a7f6531	00000000	00000030	00000000	00000000	00000000
usr/lib/modules/7.1.5-sp11-render-parity-v4+/kernel/drivers/gpu/drm/bridge/imx/imx8mp-hdmi-pai.ko.zst	000005c4	000081a4	000003e8	000003e8	00000001	6a7f6531	00000000	00000030	00000000	00000000	00000000
usr/lib/modules/7.1.5-sp11-render-parity-v4+/kernel/drivers/gpu/drm/bridge/imx/imx8mp-hdmi-pvi.ko.zst	000005c5	000081a4	000003e8	000003e8	00000001	6a7f6531	00000000	00000030	00000000	00000000	00000000
usr/lib/modules/7.1.5-sp11-render-parity-v4+/kernel/drivers/gpu/drm/bridge/imx/imx8mp-hdmi-tx.ko.zst	000005c6	000081a4	000003e8	000003e8	00000001	6a7f6531	00000000	00000030	00000000	00000000	00000000
usr/lib/modules/7.1.5-sp11-render-parity-v4+/kernel/drivers/gpu/drm/bridge/imx/imx8qm-ldb.ko.zst	000005c7	000081a4	000003e8	000003e8	00000001	6a7f6531	00000000	00000030	00000000	00000000	00000000
usr/lib/modules/7.1.5-sp11-render-parity-v4+/kernel/drivers/gpu/drm/bridge/imx/imx8qxp-ldb.ko.zst	000005c8	000081a4	000003e8	000003e8	00000001	6a7f6531	00000000	00000030	00000000	00000000	00000000
usr/lib/modules/7.1.5-sp11-render-parity-v4+/kernel/drivers/gpu/drm/bridge/imx/imx8qxp-pixel-combiner.ko.zst	000005c9	000081a4	000003e8	000003e8	00000001	6a7f6531	00000000	00000030	00000000	00000000	00000000
usr/lib/modules/7.1.5-sp11-render-parity-v4+/kernel/drivers/gpu/drm/bridge/imx/imx8qxp-pixel-link.ko.zst	000005ca	000081a4	000003e8	000003e8	00000001	6a7f6531	00000000	00000030	00000000	00000000	00000000
usr/lib/modules/7.1.5-sp11-render-parity-v4+/kernel/drivers/gpu/drm/bridge/imx/imx8qxp-pxl2dpi.ko.zst	000005cb	000081a4	000003e8	000003e8	00000001	6a7f6531	00000000	00000030	00000000	00000000	00000000
usr/lib/modules/7.1.5-sp11-render-parity-v4+/kernel/drivers/gpu/drm/bridge/imx/imx93-mipi-dsi.ko.zst	000005cc	000081a4	000003e8	000003e8	00000001	6a7f6532	00000000	00000030	00000000	00000000	00000000
usr/lib/modules/7.1.5-sp11-render-parity-v4+/kernel/drivers/gpu/drm/bridge/inno-hdmi.ko.zst	000005ce	000081a4	000003e8	000003e8	00000001	6a7f6532	00000000	00000030	00000000	00000000	00000000
usr/lib/modules/7.1.5-sp11-render-parity-v4+/kernel/drivers/gpu/drm/bridge/ite-it6263.ko.zst	000005cf	000081a4	000003e8	000003e8	00000001	6a7f6532	00000000	00000030	00000000	00000000	00000000
usr/lib/modules/7.1.5-sp11-render-parity-v4+/kernel/drivers/gpu/drm/bridge/ite-it6505.ko.zst	000005d0	000081a4	000003e8	000003e8	00000001	6a7f6532	00000000	00000030	00000000	00000000	00000000
usr/lib/modules/7.1.5-sp11-render-parity-v4+/kernel/drivers/gpu/drm/bridge/ite-it66121.ko.zst	000005d1	000081a4	000003e8	000003e8	00000001	6a7f6533	00000000	00000030	00000000	00000000	00000000
usr/lib/modules/7.1.5-sp11-render-parity-v4+/kernel/drivers/gpu/drm/bridge/lontium-lt8912b.ko.zst	000005d2	000081a4	000003e8	000003e8	00000001	6a7f6532	00000000	00000030	00000000	00000000	00000000
usr/lib/modules/7.1.5-sp11-render-parity-v4+/kernel/drivers/gpu/drm/bridge/lontium-lt9211.ko.zst	000005d3	000081a4	000003e8	000003e8	00000001	6a7f6532	00000000	00000030	00000000	00000000	00000000
usr/lib/modules/7.1.5-sp11-render-parity-v4+/kernel/drivers/gpu/drm/bridge/lontium-lt9611.ko.zst	000005d4	000081a4	000003e8	000003e8	00000001	6a7f6532	00000000	00000030	00000000	00000000	00000000
usr/lib/modules/7.1.5-sp11-render-parity-v4+/kernel/drivers/gpu/drm/bridge/lontium-lt9611uxc.ko.zst	000005d5	000081a4	000003e8	000003e8	00000001	6a7f6532	00000000	00000030	00000000	00000000	00000000
usr/lib/modules/7.1.5-sp11-render-parity-v4+/kernel/drivers/gpu/drm/bridge/lvds-codec.ko.zst	000005d6	000081a4	000003e8	000003e8	00000001	6a7f6532	00000000	00000030	00000000	00000000	00000000
usr/lib/modules/7.1.5-sp11-render-parity-v4+/kernel/drivers/gpu/drm/bridge/megachips-stdpxxxx-ge-b850v3-fw.ko.zst	000005d7	000081a4	000003e8	000003e8	00000001	6a7f6532	00000000	00000030	00000000	00000000	00000000
usr/lib/modules/7.1.5-sp11-render-parity-v4+/kernel/drivers/gpu/drm/bridge/nwl-dsi.ko.zst	000005d8	000081a4	000003e8	000003e8	00000001	6a7f6533	00000000	00000030	00000000	00000000	00000000
usr/lib/modules/7.1.5-sp11-render-parity-v4+/kernel/drivers/gpu/drm/bridge/nxp-ptn3460.ko.zst	000005d9	000081a4	000003e8	000003e8	00000001	6a7f6532	00000000	00000030	00000000	00000000	00000000
usr/lib/modules/7.1.5-sp11-render-parity-v4+/kernel/drivers/gpu/drm/bridge/parade-ps8622.ko.zst	000005da	000081a4	000003e8	000003e8	00000001	6a7f6532	00000000	00000030	00000000	00000000	00000000
usr/lib/modules/7.1.5-sp11-render-parity-v4+/kernel/drivers/gpu/drm/bridge/parade-ps8640.ko.zst	000005db	000081a4	000003e8	000003e8	00000001	6a7f6532	00000000	00000030	00000000	00000000	00000000
usr/lib/modules/7.1.5-sp11-render-parity-v4+/kernel/drivers/gpu/drm/bridge/samsung-dsim.ko.zst	000005dc	000081a4	000003e8	000003e8	00000001	6a7f6532	00000000	00000030	00000000	00000000	00000000
usr/lib/modules/7.1.5-sp11-render-parity-v4+/kernel/drivers/gpu/drm/bridge/sii902x.ko.zst	000005dd	000081a4	000003e8	000003e8	00000001	6a7f6532	00000000	00000030	00000000	00000000	00000000
usr/lib/modules/7.1.5-sp11-render-parity-v4+/kernel/drivers/gpu/drm/bridge/sii9234.ko.zst	000005de	000081a4	000003e8	000003e8	00000001	6a7f6532	00000000	00000030	00000000	00000000	00000000
usr/lib/modules/7.1.5-sp11-render-parity-v4+/kernel/drivers/gpu/drm/bridge/sil-sii8620.ko.zst	000005df	000081a4	000003e8	000003e8	00000001	6a7f6532	00000000	00000030	00000000	00000000	00000000
usr/lib/modules/7.1.5-sp11-render-parity-v4+/kernel/drivers/gpu/drm/bridge/simple-bridge.ko.zst	000005e0	000081a4	000003e8	000003e8	00000001	6a7f6532	00000000	00000030	00000000	00000000	00000000
usr/lib/modules/7.1.5-sp11-render-parity-v4+/kernel/drivers/gpu/drm/bridge/synopsys	000005e1	000041ed	000003e8	000003e8	00000002	6a8eba6d	00000000	00000030	00000000	00000000	00000000
usr/lib/modules/7.1.5-sp11-render-parity-v4+/kernel/drivers/gpu/drm/bridge/synopsys/dw-hdmi-ahb-audio.ko.zst	000005e2	000081a4	000003e8	000003e8	00000001	6a7f6532	00000000	00000030	00000000	00000000	00000000
usr/lib/modules/7.1.5-sp11-render-parity-v4+/kernel/drivers/gpu/drm/bridge/synopsys/dw-hdmi-cec.ko.zst	000005e3	000081a4	000003e8	000003e8	00000001	6a7f6532	00000000	00000030	00000000	00000000	00000000
usr/lib/modules/7.1.5-sp11-render-parity-v4+/kernel/drivers/gpu/drm/bridge/synopsys/dw-hdmi-gp-audio.ko.zst	000005e4	000081a4	000003e8	000003e8	00000001	6a7f6532	00000000	00000030	00000000	00000000	00000000
usr/lib/modules/7.1.5-sp11-render-parity-v4+/kernel/drivers/gpu/drm/bridge/synopsys/dw-hdmi-i2s-audio.ko.zst	000005e5	000081a4	000003e8	000003e8	00000001	6a7f6532	00000000	00000030	00000000	00000000	00000000
usr/lib/modules/7.1.5-sp11-render-parity-v4+/kernel/drivers/gpu/drm/bridge/synopsys/dw-hdmi.ko.zst	000005e6	000081a4	000003e8	000003e8	00000001	6a7f6532	00000000	00000030	00000000	00000000	00000000
usr/lib/modules/7.1.5-sp11-render-parity-v4+/kernel/drivers/gpu/drm/bridge/synopsys/dw-mipi-dsi.ko.zst	000005e7	000081a4	000003e8	000003e8	00000001	6a7f6532	00000000	00000030	00000000	00000000	00000000
usr/lib/modules/7.1.5-sp11-render-parity-v4+/kernel/drivers/gpu/drm/bridge/tc358762.ko.zst	000005e8	000081a4	000003e8	000003e8	00000001	6a7f6532	00000000	00000030	00000000	00000000	00000000
usr/lib/modules/7.1.5-sp11-render-parity-v4+/kernel/drivers/gpu/drm/bridge/tc358764.ko.zst	000005e9	000081a4	000003e8	000003e8	00000001	6a7f6532	00000000	00000030	00000000	00000000	00000000
usr/lib/modules/7.1.5-sp11-render-parity-v4+/kernel/drivers/gpu/drm/bridge/tc358767.ko.zst	000005ea	000081a4	000003e8	000003e8	00000001	6a7f6532	00000000	00000030	00000000	00000000	00000000
usr/lib/modules/7.1.5-sp11-render-parity-v4+/kernel/drivers/gpu/drm/bridge/tc358768.ko.zst	000005eb	000081a4	000003e8	000003e8	00000001	6a7f6532	00000000	00000030	00000000	00000000	00000000
usr/lib/modules/7.1.5-sp11-render-parity-v4+/kernel/drivers/gpu/drm/bridge/tc358775.ko.zst	000005ec	000081a4	000003e8	000003e8	00000001	6a7f6532	00000000	00000030	00000000	00000000	00000000
usr/lib/modules/7.1.5-sp11-render-parity-v4+/kernel/drivers/gpu/drm/bridge/tda998x.ko.zst	000005ed	000081a4	000003e8	000003e8	00000001	6a7f6532	00000000	00000030	00000000	00000000	00000000
usr/lib/modules/7.1.5-sp11-render-parity-v4+/kernel/drivers/gpu/drm/bridge/thc63lvd1024.ko.zst	000005ee	000081a4	000003e8	000003e8	00000001	6a7f6532	00000000	00000030	00000000	00000000	00000000
usr/lib/modules/7.1.5-sp11-render-parity-v4+/kernel/drivers/gpu/drm/bridge/ti-dlpc3433.ko.zst	000005ef	000081a4	000003e8	000003e8	00000001	6a7f6532	00000000	00000030	00000000	00000000	00000000
usr/lib/modules/7.1.5-sp11-render-parity-v4+/kernel/drivers/gpu/drm/bridge/ti-sn65dsi83.ko.zst	000005f0	000081a4	000003e8	000003e8	00000001	6a7f6532	00000000	00000030	00000000	00000000	00000000
usr/lib/modules/7.1.5-sp11-render-parity-v4+/kernel/drivers/gpu/drm/bridge/ti-sn65dsi86.ko.zst	000005f1	000081a4	000003e8	000003e8	00000001	6a7f6533	00000000	00000030	00000000	00000000	00000000
usr/lib/modules/7.1.5-sp11-render-parity-v4+/kernel/drivers/gpu/drm/bridge/ti-tdp158.ko.zst	000005f2	000081a4	000003e8	000003e8	00000001	6a7f6533	00000000	00000030	00000000	00000000	00000000
usr/lib/modules/7.1.5-sp11-render-parity-v4+/kernel/drivers/gpu/drm/bridge/ti-tfp410.ko.zst	000005f3	000081a4	000003e8	000003e8	00000001	6a7f6533	00000000	00000030	00000000	00000000	00000000
usr/lib/modules/7.1.5-sp11-render-parity-v4+/kernel/drivers/gpu/drm/bridge/ti-tpd12s015.ko.zst	000005f4	000081a4	000003e8	000003e8	00000001	6a7f6533	00000000	00000030	00000000	00000000	00000000
usr/lib/modules/7.1.5-sp11-render-parity-v4+/kernel/drivers/gpu/drm/drm_dma_helper.ko.zst	000005f5	000081a4	000003e8	000003e8	00000001	6a7f6533	00000000	00000030	00000000	00000000	00000000
usr/lib/modules/7.1.5-sp11-render-parity-v4+/kernel/drivers/gpu/drm/drm_exec.ko.zst	000005f6	000081a4	000003e8	000003e8	00000001	6a7f6533	00000000	00000030	00000000	00000000	00000000
usr/lib/modules/7.1.5-sp11-render-parity-v4+/kernel/drivers/gpu/drm/drm_gpuvm.ko.zst	000005f7	000081a4	000003e8	000003e8	00000001	6a7f6533	00000000	00000030	00000000	00000000	00000000
usr/lib/modules/7.1.5-sp11-render-parity-v4+/kernel/drivers/gpu/drm/drm_mipi_dbi.ko.zst	000005f8	000081a4	000003e8	000003e8	00000001	6a7f6534	00000000	00000030	00000000	00000000	00000000
usr/lib/modules/7.1.5-sp11-render-parity-v4+/kernel/drivers/gpu/drm/imx	000005f9	000041ed	000003e8	000003e8	00000003	6a8eba6d	00000000	00000030	00000000	00000000	00000000
usr/lib/modules/7.1.5-sp11-render-parity-v4+/kernel/drivers/gpu/drm/imx/dcss	000005fa	000041ed	000003e8	000003e8	00000002	6a8eba6d	00000000	00000030	00000000	00000000	00000000
usr/lib/modules/7.1.5-sp11-render-parity-v4+/kernel/drivers/gpu/drm/imx/dcss/imx-dcss.ko.zst	000005fb	000081a4	000003e8	000003e8	00000001	6a7f652e	00000000	00000030	00000000	00000000	00000000
usr/lib/modules/7.1.5-sp11-render-parity-v4+/kernel/drivers/gpu/drm/mediatek	000005fc	000041ed	000003e8	000003e8	00000002	6a8eba6d	00000000	00000030	00000000	00000000	00000000
usr/lib/modules/7.1.5-sp11-render-parity-v4+/kernel/drivers/gpu/drm/mediatek/mediatek-drm.ko.zst	000005fd	000081a4	000003e8	000003e8	00000001	6a7f6537	00000000	00000030	00000000	00000000	00000000
usr/lib/modules/7.1.5-sp11-render-parity-v4+/kernel/drivers/gpu/drm/msm	000005fe	000041ed	000003e8	000003e8	00000002	6a8eba6d	00000000	00000030	00000000	00000000	00000000
usr/lib/modules/7.1.5-sp11-render-parity-v4+/kernel/drivers/gpu/drm/msm/msm.ko.zst	000005ff	000081a4	000003e8	000003e8	00000001	6a7f6537	00000000	00000030	00000000	00000000	00000000
usr/lib/modules/7.1.5-sp11-render-parity-v4+/kernel/drivers/gpu/drm/mxsfb	00000600	000041ed	000003e8	000003e8	00000002	6a8eba6d	00000000	00000030	00000000	00000000	00000000
usr/lib/modules/7.1.5-sp11-render-parity-v4+/kernel/drivers/gpu/drm/mxsfb/mxsfb.ko.zst	00000601	000081a4	000003e8	000003e8	00000001	6a7f6533	00000000	00000030	00000000	00000000	00000000
usr/lib/modules/7.1.5-sp11-render-parity-v4+/kernel/drivers/gpu/drm/panel	00000602	000041ed	000003e8	000003e8	00000002	6a8eba6d	00000000	00000030	00000000	00000000	00000000
usr/lib/modules/7.1.5-sp11-render-parity-v4+/kernel/drivers/gpu/drm/panel/panel-abt-y030xx067a.ko.zst	00000603	000081a4	000003e8	000003e8	00000001	6a7f652e	00000000	00000030	00000000	00000000	00000000
usr/lib/modules/7.1.5-sp11-render-parity-v4+/kernel/drivers/gpu/drm/panel/panel-arm-versatile.ko.zst	00000604	000081a4	000003e8	000003e8	00000001	6a7f652e	00000000	00000030	00000000	00000000	00000000
usr/lib/modules/7.1.5-sp11-render-parity-v4+/kernel/drivers/gpu/drm/panel/panel-asus-z00t-tm5p5-n35596.ko.zst	00000605	000081a4	000003e8	000003e8	00000001	6a7f652e	00000000	00000030	00000000	00000000	00000000
usr/lib/modules/7.1.5-sp11-render-parity-v4+/kernel/drivers/gpu/drm/panel/panel-auo-a030jtn01.ko.zst	00000606	000081a4	000003e8	000003e8	00000001	6a7f652e	00000000	00000030	00000000	00000000	00000000
usr/lib/modules/7.1.5-sp11-render-parity-v4+/kernel/drivers/gpu/drm/panel/panel-boe-bf060y8m-aj0.ko.zst	00000607	000081a4	000003e8	000003e8	00000001	6a7f652e	00000000	00000030	00000000	00000000	00000000
usr/lib/modules/7.1.5-sp11-render-parity-v4+/kernel/drivers/gpu/drm/panel/panel-boe-himax8279d.ko.zst	00000608	000081a4	000003e8	000003e8	00000001	6a7f652e	00000000	00000030	00000000	00000000	00000000
usr/lib/modules/7.1.5-sp11-render-parity-v4+/kernel/drivers/gpu/drm/panel/panel-boe-th101mb31ig002-28a.ko.zst	00000609	000081a4	000003e8	000003e8	00000001	6a7f652e	00000000	00000030	00000000	00000000	00000000
usr/lib/modules/7.1.5-sp11-render-parity-v4+/kernel/drivers/gpu/drm/panel/panel-boe-tv101wum-nl6.ko.zst	0000060a	000081a4	000003e8	000003e8	00000001	6a7f652f	00000000	00000030	00000000	00000000	00000000
usr/lib/modules/7.1.5-sp11-render-parity-v4+/kernel/drivers/gpu/drm/panel/panel-dsi-cm.ko.zst	0000060b	000081a4	000003e8	000003e8	00000001	6a7f652f	00000000	00000030	00000000	00000000	00000000
usr/lib/modules/7.1.5-sp11-render-parity-v4+/kernel/drivers/gpu/drm/panel/panel-ebbg-ft8719.ko.zst	0000060c	000081a4	000003e8	000003e8	00000001	6a7f652f	00000000	00000030	00000000	00000000	00000000
usr/lib/modules/7.1.5-sp11-render-parity-v4+/kernel/drivers/gpu/drm/panel/panel-elida-kd35t133.ko.zst	0000060d	000081a4	000003e8	000003e8	00000001	6a7f652f	00000000	00000030	00000000	00000000	00000000
usr/lib/modules/7.1.5-sp11-render-parity-v4+/kernel/drivers/gpu/drm/panel/panel-feixin-k101-im2ba02.ko.zst	0000060e	000081a4	000003e8	000003e8	00000001	6a7f652f	00000000	00000030	00000000	00000000	00000000
usr/lib/modules/7.1.5-sp11-render-parity-v4+/kernel/drivers/gpu/drm/panel/panel-feiyang-fy07024di26a30d.ko.zst	0000060f	000081a4	000003e8	000003e8	00000001	6a7f652f	00000000	00000030	00000000	00000000	00000000
usr/lib/modules/7.1.5-sp11-render-parity-v4+/kernel/drivers/gpu/drm/panel/panel-himax-hx83102.ko.zst	00000610	000081a4	000003e8	000003e8	00000001	6a7f652f	00000000	00000030	00000000	00000000	00000000
usr/lib/modules/7.1.5-sp11-render-parity-v4+/kernel/drivers/gpu/drm/panel/panel-himax-hx83112a.ko.zst	00000611	000081a4	000003e8	000003e8	00000001	6a7f652f	00000000	00000030	00000000	00000000	00000000
usr/lib/modules/7.1.5-sp11-render-parity-v4+/kernel/drivers/gpu/drm/panel/panel-himax-hx8394.ko.zst	00000612	000081a4	000003e8	000003e8	00000001	6a7f652f	00000000	00000030	00000000	00000000	00000000
usr/lib/modules/7.1.5-sp11-render-parity-v4+/kernel/drivers/gpu/drm/panel/panel-ilitek-ili9322.ko.zst	00000613	000081a4	000003e8	000003e8	00000001	6a7f652f	00000000	00000030	00000000	00000000	00000000
usr/lib/modules/7.1.5-sp11-render-parity-v4+/kernel/drivers/gpu/drm/panel/panel-ilitek-ili9341.ko.zst	00000614	000081a4	000003e8	000003e8	00000001	6a7f652f	00000000	00000030	00000000	00000000	00000000
usr/lib/modules/7.1.5-sp11-render-parity-v4+/kernel/drivers/gpu/drm/panel/panel-ilitek-ili9805.ko.zst	00000615	000081a4	000003e8	000003e8	00000001	6a7f652f	00000000	00000030	00000000	00000000	00000000
usr/lib/modules/7.1.5-sp11-render-parity-v4+/kernel/drivers/gpu/drm/panel/panel-ilitek-ili9881c.ko.zst	00000616	000081a4	000003e8	000003e8	00000001	6a7f652f	00000000	00000030	00000000	00000000	00000000
usr/lib/modules/7.1.5-sp11-render-parity-v4+/kernel/drivers/gpu/drm/panel/panel-ilitek-ili9882t.ko.zst	00000617	000081a4	000003e8	000003e8	00000001	6a7f652f	00000000	00000030	00000000	00000000	00000000
usr/lib/modules/7.1.5-sp11-render-parity-v4+/kernel/drivers/gpu/drm/panel/panel-innolux-ej030na.ko.zst	00000618	000081a4	000003e8	000003e8	00000001	6a7f652f	00000000	00000030	00000000	00000000	00000000
usr/lib/modules/7.1.5-sp11-render-parity-v4+/kernel/drivers/gpu/drm/panel/panel-innolux-p079zca.ko.zst	00000619	000081a4	000003e8	000003e8	00000001	6a7f652f	00000000	00000030	00000000	00000000	00000000
usr/lib/modules/7.1.5-sp11-render-parity-v4+/kernel/drivers/gpu/drm/panel/panel-jadard-jd9365da-h3.ko.zst	0000061a	000081a4	000003e8	000003e8	00000001	6a7f652f	00000000	00000030	00000000	00000000	00000000
usr/lib/modules/7.1.5-sp11-render-parity-v4+/kernel/drivers/gpu/drm/panel/panel-jdi-fhd-r63452.ko.zst	0000061b	000081a4	000003e8	000003e8	00000001	6a7f652f	00000000	00000030	00000000	00000000	00000000
usr/lib/modules/7.1.5-sp11-render-parity-v4+/kernel/drivers/gpu/drm/panel/panel-jdi-lpm102a188a.ko.zst	0000061c	000081a4	000003e8	000003e8	00000001	6a7f652f	00000000	00000030	00000000	00000000	00000000
usr/lib/modules/7.1.5-sp11-render-parity-v4+/kernel/drivers/gpu/drm/panel/panel-jdi-lt070me05000.ko.zst	0000061d	000081a4	000003e8	000003e8	00000001	6a7f652f	00000000	00000030	00000000	00000000	00000000
usr/lib/modules/7.1.5-sp11-render-parity-v4+/kernel/drivers/gpu/drm/panel/panel-khadas-ts050.ko.zst	0000061e	000081a4	000003e8	000003e8	00000001	6a7f652f	00000000	00000030	00000000	00000000	00000000
usr/lib/modules/7.1.5-sp11-render-parity-v4+/kernel/drivers/gpu/drm/panel/panel-kingdisplay-kd097d04.ko.zst	0000061f	000081a4	000003e8	000003e8	00000001	6a7f652f	00000000	00000030	00000000	00000000	00000000
usr/lib/modules/7.1.5-sp11-render-parity-v4+/kernel/drivers/gpu/drm/panel/panel-leadtek-ltk050h3146w.ko.zst	00000620	000081a4	000003e8	000003e8	00000001	6a7f652f	00000000	00000030	00000000	00000000	00000000
usr/lib/modules/7.1.5-sp11-render-parity-v4+/kernel/drivers/gpu/drm/panel/panel-leadtek-ltk500hd1829.ko.zst	00000621	000081a4	000003e8	000003e8	00000001	6a7f652f	00000000	00000030	00000000	00000000	00000000
usr/lib/modules/7.1.5-sp11-render-parity-v4+/kernel/drivers/gpu/drm/panel/panel-lg-lb035q02.ko.zst	00000622	000081a4	000003e8	000003e8	00000001	6a7f652f	00000000	00000030	00000000	00000000	00000000
usr/lib/modules/7.1.5-sp11-render-parity-v4+/kernel/drivers/gpu/drm/panel/panel-lg-ld070wx3.ko.zst	00000623	000081a4	000003e8	000003e8	00000001	6a7f652f	00000000	00000030	00000000	00000000	00000000
usr/lib/modules/7.1.5-sp11-render-parity-v4+/kernel/drivers/gpu/drm/panel/panel-lg-lg4573.ko.zst	00000624	000081a4	000003e8	000003e8	00000001	6a7f652f	00000000	00000030	00000000	00000000	00000000
usr/lib/modules/7.1.5-sp11-render-parity-v4+/kernel/drivers/gpu/drm/panel/panel-lg-sw43408.ko.zst	00000625	000081a4	000003e8	000003e8	00000001	6a7f652f	00000000	00000030	00000000	00000000	00000000
usr/lib/modules/7.1.5-sp11-render-parity-v4+/kernel/drivers/gpu/drm/panel/panel-lincolntech-lcd197.ko.zst	00000626	000081a4	000003e8	000003e8	00000001	6a7f652f	00000000	00000030	00000000	00000000	00000000
usr/lib/modules/7.1.5-sp11-render-parity-v4+/kernel/drivers/gpu/drm/panel/panel-lvds.ko.zst	00000627	000081a4	000003e8	000003e8	00000001	6a7f652f	00000000	00000030	00000000	00000000	00000000
usr/lib/modules/7.1.5-sp11-render-parity-v4+/kernel/drivers/gpu/drm/panel/panel-magnachip-d53e6ea8966.ko.zst	00000628	000081a4	000003e8	000003e8	00000001	6a7f652f	00000000	00000030	00000000	00000000	00000000
usr/lib/modules/7.1.5-sp11-render-parity-v4+/kernel/drivers/gpu/drm/panel/panel-mantix-mlaf057we51.ko.zst	00000629	000081a4	000003e8	000003e8	00000001	6a7f6530	00000000	00000030	00000000	00000000	00000000
usr/lib/modules/7.1.5-sp11-render-parity-v4+/kernel/drivers/gpu/drm/panel/panel-nec-nl8048hl11.ko.zst	0000062a	000081a4	000003e8	000003e8	00000001	6a7f652f	00000000	00000030	00000000	00000000	00000000
usr/lib/modules/7.1.5-sp11-render-parity-v4+/kernel/drivers/gpu/drm/panel/panel-newvision-nv3051d.ko.zst	0000062b	000081a4	000003e8	000003e8	00000001	6a7f652f	00000000	00000030	00000000	00000000	00000000
usr/lib/modules/7.1.5-sp11-render-parity-v4+/kernel/drivers/gpu/drm/panel/panel-newvision-nv3052c.ko.zst	0000062c	000081a4	000003e8	000003e8	00000001	6a7f652f	00000000	00000030	00000000	00000000	00000000
usr/lib/modules/7.1.5-sp11-render-parity-v4+/kernel/drivers/gpu/drm/panel/panel-novatek-nt35510.ko.zst	0000062d	000081a4	000003e8	000003e8	00000001	6a7f652f	00000000	00000030	00000000	00000000	00000000
usr/lib/modules/7.1.5-sp11-render-parity-v4+/kernel/drivers/gpu/drm/panel/panel-novatek-nt35560.ko.zst	0000062e	000081a4	000003e8	000003e8	00000001	6a7f6530	00000000	00000030	00000000	00000000	00000000
usr/lib/modules/7.1.5-sp11-render-parity-v4+/kernel/drivers/gpu/drm/panel/panel-novatek-nt35950.ko.zst	0000062f	000081a4	000003e8	000003e8	00000001	6a7f6530	00000000	00000030	00000000	00000000	00000000
usr/lib/modules/7.1.5-sp11-render-parity-v4+/kernel/drivers/gpu/drm/panel/panel-novatek-nt36523.ko.zst	00000630	000081a4	000003e8	000003e8	00000001	6a7f6530	00000000	00000030	00000000	00000000	00000000
usr/lib/modules/7.1.5-sp11-render-parity-v4+/kernel/drivers/gpu/drm/panel/panel-novatek-nt36672a.ko.zst	00000631	000081a4	000003e8	000003e8	00000001	6a7f6530	00000000	00000030	00000000	00000000	00000000
usr/lib/modules/7.1.5-sp11-render-parity-v4+/kernel/drivers/gpu/drm/panel/panel-novatek-nt36672e.ko.zst	00000632	000081a4	000003e8	000003e8	00000001	6a7f6530	00000000	00000030	00000000	00000000	00000000
usr/lib/modules/7.1.5-sp11-render-parity-v4+/kernel/drivers/gpu/drm/panel/panel-novatek-nt39016.ko.zst	00000633	000081a4	000003e8	000003e8	00000001	6a7f6530	00000000	00000030	00000000	00000000	00000000
usr/lib/modules/7.1.5-sp11-render-parity-v4+/kernel/drivers/gpu/drm/panel/panel-olimex-lcd-olinuxino.ko.zst	00000634	000081a4	000003e8	000003e8	00000001	6a7f6530	00000000	00000030	00000000	00000000	00000000
usr/lib/modules/7.1.5-sp11-render-parity-v4+/kernel/drivers/gpu/drm/panel/panel-orisetech-ota5601a.ko.zst	00000635	000081a4	000003e8	000003e8	00000001	6a7f6530	00000000	00000030	00000000	00000000	00000000
usr/lib/modules/7.1.5-sp11-render-parity-v4+/kernel/drivers/gpu/drm/panel/panel-orisetech-otm8009a.ko.zst	00000636	000081a4	000003e8	000003e8	00000001	6a7f6530	00000000	00000030	00000000	00000000	00000000
usr/lib/modules/7.1.5-sp11-render-parity-v4+/kernel/drivers/gpu/drm/panel/panel-osd-osd101t2587-53ts.ko.zst	00000637	000081a4	000003e8	000003e8	00000001	6a7f6530	00000000	00000030	00000000	00000000	00000000
usr/lib/modules/7.1.5-sp11-render-parity-v4+/kernel/drivers/gpu/drm/panel/panel-panasonic-vvx10f034n00.ko.zst	00000638	000081a4	000003e8	000003e8	00000001	6a7f6530	00000000	00000030	00000000	00000000	00000000
usr/lib/modules/7.1.5-sp11-render-parity-v4+/kernel/drivers/gpu/drm/panel/panel-raspberrypi-touchscreen.ko.zst	00000639	000081a4	000003e8	000003e8	00000001	6a7f6530	00000000	00000030	00000000	00000000	00000000
usr/lib/modules/7.1.5-sp11-render-parity-v4+/kernel/drivers/gpu/drm/panel/panel-raydium-rm67191.ko.zst	0000063a	000081a4	000003e8	000003e8	00000001	6a7f6530	00000000	00000030	00000000	00000000	00000000
usr/lib/modules/7.1.5-sp11-render-parity-v4+/kernel/drivers/gpu/drm/panel/panel-raydium-rm68200.ko.zst	0000063b	000081a4	000003e8	000003e8	00000001	6a7f6530	00000000	00000030	00000000	00000000	00000000
usr/lib/modules/7.1.5-sp11-render-parity-v4+/kernel/drivers/gpu/drm/panel/panel-raydium-rm692e5.ko.zst	0000063c	000081a4	000003e8	000003e8	00000001	6a7f6530	00000000	00000030	00000000	00000000	00000000
usr/lib/modules/7.1.5-sp11-render-parity-v4+/kernel/drivers/gpu/drm/panel/panel-raydium-rm69380.ko.zst	0000063d	000081a4	000003e8	000003e8	00000001	6a7f6530	00000000	00000030	00000000	00000000	00000000
usr/lib/modules/7.1.5-sp11-render-parity-v4+/kernel/drivers/gpu/drm/panel/panel-ronbo-rb070d30.ko.zst	0000063e	000081a4	000003e8	000003e8	00000001	6a7f6530	00000000	00000030	00000000	00000000	00000000
usr/lib/modules/7.1.5-sp11-render-parity-v4+/kernel/drivers/gpu/drm/panel/panel-samsung-ams581vf01.ko.zst	0000063f	000081a4	000003e8	000003e8	00000001	6a7f6530	00000000	00000030	00000000	00000000	00000000
usr/lib/modules/7.1.5-sp11-render-parity-v4+/kernel/drivers/gpu/drm/panel/panel-samsung-ams639rq08.ko.zst	00000640	000081a4	000003e8	000003e8	00000001	6a7f6530	00000000	00000030	00000000	00000000	00000000
usr/lib/modules/7.1.5-sp11-render-parity-v4+/kernel/drivers/gpu/drm/panel/panel-samsung-atna33xc20.ko.zst	00000641	000081a4	000003e8	000003e8	00000001	6a7f6530	00000000	00000030	00000000	00000000	00000000
usr/lib/modules/7.1.5-sp11-render-parity-v4+/kernel/drivers/gpu/drm/panel/panel-samsung-db7430.ko.zst	00000642	000081a4	000003e8	000003e8	00000001	6a7f6530	00000000	00000030	00000000	00000000	00000000
usr/lib/modules/7.1.5-sp11-render-parity-v4+/kernel/drivers/gpu/drm/panel/panel-samsung-ld9040.ko.zst	00000643	000081a4	000003e8	000003e8	00000001	6a7f6530	00000000	00000030	00000000	00000000	00000000
usr/lib/modules/7.1.5-sp11-render-parity-v4+/kernel/drivers/gpu/drm/panel/panel-samsung-s6d16d0.ko.zst	00000644	000081a4	000003e8	000003e8	00000001	6a7f6530	00000000	00000030	00000000	00000000	00000000
usr/lib/modules/7.1.5-sp11-render-parity-v4+/kernel/drivers/gpu/drm/panel/panel-samsung-s6d27a1.ko.zst	00000645	000081a4	000003e8	000003e8	00000001	6a7f6530	00000000	00000030	00000000	00000000	00000000
usr/lib/modules/7.1.5-sp11-render-parity-v4+/kernel/drivers/gpu/drm/panel/panel-samsung-s6d7aa0.ko.zst	00000646	000081a4	000003e8	000003e8	00000001	6a7f6530	00000000	00000030	00000000	00000000	00000000
usr/lib/modules/7.1.5-sp11-render-parity-v4+/kernel/drivers/gpu/drm/panel/panel-samsung-s6e3fa7.ko.zst	00000647	000081a4	000003e8	000003e8	00000001	6a7f6530	00000000	00000030	00000000	00000000	00000000
usr/lib/modules/7.1.5-sp11-render-parity-v4+/kernel/drivers/gpu/drm/panel/panel-samsung-s6e3fc2x01.ko.zst	00000648	000081a4	000003e8	000003e8	00000001	6a7f6530	00000000	00000030	00000000	00000000	00000000
usr/lib/modules/7.1.5-sp11-render-parity-v4+/kernel/drivers/gpu/drm/panel/panel-samsung-s6e3ha2.ko.zst	00000649	000081a4	000003e8	000003e8	00000001	6a7f6530	00000000	00000030	00000000	00000000	00000000
usr/lib/modules/7.1.5-sp11-render-parity-v4+/kernel/drivers/gpu/drm/panel/panel-samsung-s6e3ha8.ko.zst	0000064a	000081a4	000003e8	000003e8	00000001	6a7f6530	00000000	00000030	00000000	00000000	00000000
usr/lib/modules/7.1.5-sp11-render-parity-v4+/kernel/drivers/gpu/drm/panel/panel-samsung-s6e63j0x03.ko.zst	0000064b	000081a4	000003e8	000003e8	00000001	6a7f6530	00000000	00000030	00000000	00000000	00000000
usr/lib/modules/7.1.5-sp11-render-parity-v4+/kernel/drivers/gpu/drm/panel/panel-samsung-s6e63m0-dsi.ko.zst	0000064c	000081a4	000003e8	000003e8	00000001	6a7f6530	00000000	00000030	00000000	00000000	00000000
usr/lib/modules/7.1.5-sp11-render-parity-v4+/kernel/drivers/gpu/drm/panel/panel-samsung-s6e63m0-spi.ko.zst	0000064e	000081a4	000003e8	000003e8	00000001	6a7f6530	00000000	00000030	00000000	00000000	00000000
usr/lib/modules/7.1.5-sp11-render-parity-v4+/kernel/drivers/gpu/drm/panel/panel-samsung-s6e63m0.ko.zst	0000064d	000081a4	000003e8	000003e8	00000001	6a7f6530	00000000	00000030	00000000	00000000	00000000
usr/lib/modules/7.1.5-sp11-render-parity-v4+/kernel/drivers/gpu/drm/panel/panel-samsung-s6e88a0-ams427ap24.ko.zst	0000064f	000081a4	000003e8	000003e8	00000001	6a7f6530	00000000	00000030	00000000	00000000	00000000
usr/lib/modules/7.1.5-sp11-render-parity-v4+/kernel/drivers/gpu/drm/panel/panel-samsung-s6e88a0-ams452ef01.ko.zst	00000650	000081a4	000003e8	000003e8	00000001	6a7f6530	00000000	00000030	00000000	00000000	00000000
usr/lib/modules/7.1.5-sp11-render-parity-v4+/kernel/drivers/gpu/drm/panel/panel-samsung-s6e8aa0.ko.zst	00000651	000081a4	000003e8	000003e8	00000001	6a7f6530	00000000	00000030	00000000	00000000	00000000
usr/lib/modules/7.1.5-sp11-render-parity-v4+/kernel/drivers/gpu/drm/panel/panel-samsung-sofef00.ko.zst	00000652	000081a4	000003e8	000003e8	00000001	6a7f6530	00000000	00000030	00000000	00000000	00000000
usr/lib/modules/7.1.5-sp11-render-parity-v4+/kernel/drivers/gpu/drm/panel/panel-seiko-43wvf1g.ko.zst	00000653	000081a4	000003e8	000003e8	00000001	6a7f6530	00000000	00000030	00000000	00000000	00000000
usr/lib/modules/7.1.5-sp11-render-parity-v4+/kernel/drivers/gpu/drm/panel/panel-sharp-lq079l1sx01.ko.zst	00000654	000081a4	000003e8	000003e8	00000001	6a7f6530	00000000	00000030	00000000	00000000	00000000
usr/lib/modules/7.1.5-sp11-render-parity-v4+/kernel/drivers/gpu/drm/panel/panel-sharp-lq101r1sx01.ko.zst	00000655	000081a4	000003e8	000003e8	00000001	6a7f6531	00000000	00000030	00000000	00000000	00000000
usr/lib/modules/7.1.5-sp11-render-parity-v4+/kernel/drivers/gpu/drm/panel/panel-sharp-ls037v7dw01.ko.zst	00000656	000081a4	000003e8	000003e8	00000001	6a7f6531	00000000	00000030	00000000	00000000	00000000
usr/lib/modules/7.1.5-sp11-render-parity-v4+/kernel/drivers/gpu/drm/panel/panel-sharp-ls043t1le01.ko.zst	00000657	000081a4	000003e8	000003e8	00000001	6a7f6531	00000000	00000030	00000000	00000000	00000000
usr/lib/modules/7.1.5-sp11-render-parity-v4+/kernel/drivers/gpu/drm/panel/panel-sharp-ls060t1sx01.ko.zst	00000658	000081a4	000003e8	000003e8	00000001	6a7f6531	00000000	00000030	00000000	00000000	00000000
usr/lib/modules/7.1.5-sp11-render-parity-v4+/kernel/drivers/gpu/drm/panel/panel-simple.ko.zst	00000659	000081a4	000003e8	000003e8	00000001	6a7f652f	00000000	00000030	00000000	00000000	00000000
usr/lib/modules/7.1.5-sp11-render-parity-v4+/kernel/drivers/gpu/drm/panel/panel-sitronix-st7701.ko.zst	0000065a	000081a4	000003e8	000003e8	00000001	6a7f6531	00000000	00000030	00000000	00000000	00000000
usr/lib/modules/7.1.5-sp11-render-parity-v4+/kernel/drivers/gpu/drm/panel/panel-sitronix-st7703.ko.zst	0000065b	000081a4	000003e8	000003e8	00000001	6a7f6531	00000000	00000030	00000000	00000000	00000000
usr/lib/modules/7.1.5-sp11-render-parity-v4+/kernel/drivers/gpu/drm/panel/panel-sitronix-st7789v.ko.zst	0000065c	000081a4	000003e8	000003e8	00000001	6a7f6531	00000000	00000030	00000000	00000000	00000000
usr/lib/modules/7.1.5-sp11-render-parity-v4+/kernel/drivers/gpu/drm/panel/panel-sony-acx565akm.ko.zst	0000065d	000081a4	000003e8	000003e8	00000001	6a7f6531	00000000	00000030	00000000	00000000	00000000
usr/lib/modules/7.1.5-sp11-render-parity-v4+/kernel/drivers/gpu/drm/panel/panel-sony-td4353-jdi.ko.zst	0000065e	000081a4	000003e8	000003e8	00000001	6a7f6531	00000000	00000030	00000000	00000000	00000000
usr/lib/modules/7.1.5-sp11-render-parity-v4+/kernel/drivers/gpu/drm/panel/panel-sony-tulip-truly-nt35521.ko.zst	0000065f	000081a4	000003e8	000003e8	00000001	6a7f6531	00000000	00000030	00000000	00000000	00000000
usr/lib/modules/7.1.5-sp11-render-parity-v4+/kernel/drivers/gpu/drm/panel/panel-startek-kd070fhfid015.ko.zst	00000660	000081a4	000003e8	000003e8	00000001	6a7f6531	00000000	00000030	00000000	00000000	00000000
usr/lib/modules/7.1.5-sp11-render-parity-v4+/kernel/drivers/gpu/drm/panel/panel-synaptics-r63353.ko.zst	00000661	000081a4	000003e8	000003e8	00000001	6a7f6531	00000000	00000030	00000000	00000000	00000000
usr/lib/modules/7.1.5-sp11-render-parity-v4+/kernel/drivers/gpu/drm/panel/panel-synaptics-tddi.ko.zst	00000662	000081a4	000003e8	000003e8	00000001	6a7f6531	00000000	00000030	00000000	00000000	00000000
usr/lib/modules/7.1.5-sp11-render-parity-v4+/kernel/drivers/gpu/drm/panel/panel-tdo-tl070wsh30.ko.zst	00000663	000081a4	000003e8	000003e8	00000001	6a7f6531	00000000	00000030	00000000	00000000	00000000
usr/lib/modules/7.1.5-sp11-render-parity-v4+/kernel/drivers/gpu/drm/panel/panel-tpo-td028ttec1.ko.zst	00000664	000081a4	000003e8	000003e8	00000001	6a7f6531	00000000	00000030	00000000	00000000	00000000
usr/lib/modules/7.1.5-sp11-render-parity-v4+/kernel/drivers/gpu/drm/panel/panel-tpo-td043mtea1.ko.zst	00000665	000081a4	000003e8	000003e8	00000001	6a7f6531	00000000	00000030	00000000	00000000	00000000
usr/lib/modules/7.1.5-sp11-render-parity-v4+/kernel/drivers/gpu/drm/panel/panel-tpo-tpg110.ko.zst	00000666	000081a4	000003e8	000003e8	00000001	6a7f6531	00000000	00000030	00000000	00000000	00000000
usr/lib/modules/7.1.5-sp11-render-parity-v4+/kernel/drivers/gpu/drm/panel/panel-truly-nt35597.ko.zst	00000667	000081a4	000003e8	000003e8	00000001	6a7f6531	00000000	00000030	00000000	00000000	00000000
usr/lib/modules/7.1.5-sp11-render-parity-v4+/kernel/drivers/gpu/drm/panel/panel-visionox-r66451.ko.zst	00000668	000081a4	000003e8	000003e8	00000001	6a7f6531	00000000	00000030	00000000	00000000	00000000
usr/lib/modules/7.1.5-sp11-render-parity-v4+/kernel/drivers/gpu/drm/panel/panel-visionox-rm69299.ko.zst	00000669	000081a4	000003e8	000003e8	00000001	6a7f6531	00000000	00000030	00000000	00000000	00000000
usr/lib/modules/7.1.5-sp11-render-parity-v4+/kernel/drivers/gpu/drm/panel/panel-visionox-vtdr6130.ko.zst	0000066a	000081a4	000003e8	000003e8	00000001	6a7f6531	00000000	00000030	00000000	00000000	00000000
usr/lib/modules/7.1.5-sp11-render-parity-v4+/kernel/drivers/gpu/drm/panel/panel-widechips-ws2401.ko.zst	0000066b	000081a4	000003e8	000003e8	00000001	6a7f6531	00000000	00000030	00000000	00000000	00000000
usr/lib/modules/7.1.5-sp11-render-parity-v4+/kernel/drivers/gpu/drm/panel/panel-xinpeng-xpp055c272.ko.zst	0000066c	000081a4	000003e8	000003e8	00000001	6a7f6531	00000000	00000030	00000000	00000000	00000000
usr/lib/modules/7.1.5-sp11-render-parity-v4+/kernel/drivers/gpu/drm/panfrost	0000066d	000041ed	000003e8	000003e8	00000002	6a8eba6d	00000000	00000030	00000000	00000000	00000000
usr/lib/modules/7.1.5-sp11-render-parity-v4+/kernel/drivers/gpu/drm/panfrost/panfrost.ko.zst	0000066e	000081a4	000003e8	000003e8	00000001	6a7f6537	00000000	00000030	00000000	00000000	00000000
usr/lib/modules/7.1.5-sp11-render-parity-v4+/kernel/drivers/gpu/drm/rockchip	0000066f	000041ed	000003e8	000003e8	00000002	6a8eba6d	00000000	00000030	00000000	00000000	00000000
usr/lib/modules/7.1.5-sp11-render-parity-v4+/kernel/drivers/gpu/drm/rockchip/rockchipdrm.ko.zst	00000670	000081a4	000003e8	000003e8	00000001	6a7f6536	00000000	00000030	00000000	00000000	00000000
usr/lib/modules/7.1.5-sp11-render-parity-v4+/kernel/drivers/gpu/drm/scheduler	00000671	000041ed	000003e8	000003e8	00000002	6a8eba6d	00000000	00000030	00000000	00000000	00000000
usr/lib/modules/7.1.5-sp11-render-parity-v4+/kernel/drivers/gpu/drm/scheduler/gpu-sched.ko.zst	00000672	000081a4	000003e8	000003e8	00000001	6a7f6534	00000000	00000030	00000000	00000000	00000000
usr/lib/modules/7.1.5-sp11-render-parity-v4+/kernel/drivers/gpu/drm/sun4i	00000673	000041ed	000003e8	000003e8	00000002	6a8eba6d	00000000	00000030	00000000	00000000	00000000
usr/lib/modules/7.1.5-sp11-render-parity-v4+/kernel/drivers/gpu/drm/sun4i/sun4i-drm.ko.zst	00000674	000081a4	000003e8	000003e8	00000001	6a7f6536	00000000	00000030	00000000	00000000	00000000
usr/lib/modules/7.1.5-sp11-render-parity-v4+/kernel/drivers/gpu/drm/sun4i/sun4i-tcon.ko.zst	00000675	000081a4	000003e8	000003e8	00000001	6a7f6536	00000000	00000030	00000000	00000000	00000000
usr/lib/modules/7.1.5-sp11-render-parity-v4+/kernel/drivers/gpu/drm/sun4i/sun8i-mixer.ko.zst	00000676	000081a4	000003e8	000003e8	00000001	6a7f6536	00000000	00000030	00000000	00000000	00000000
usr/lib/modules/7.1.5-sp11-render-parity-v4+/kernel/drivers/gpu/drm/sun4i/sun8i_tcon_top.ko.zst	00000677	000081a4	000003e8	000003e8	00000001	6a7f6536	00000000	00000030	00000000	00000000	00000000
usr/lib/modules/7.1.5-sp11-render-parity-v4+/kernel/drivers/gpu/drm/tiny	00000678	000041ed	000003e8	000003e8	00000002	6a8eba6d	00000000	00000030	00000000	00000000	00000000
usr/lib/modules/7.1.5-sp11-render-parity-v4+/kernel/drivers/gpu/drm/tiny/arcpgu.ko.zst	00000679	000081a4	000003e8	000003e8	00000001	6a7f6533	00000000	00000030	00000000	00000000	00000000
usr/lib/modules/7.1.5-sp11-render-parity-v4+/kernel/drivers/gpu/drm/tiny/bochs.ko.zst	0000067a	000081a4	000003e8	000003e8	00000001	6a7f6533	00000000	00000030	00000000	00000000	00000000
usr/lib/modules/7.1.5-sp11-render-parity-v4+/kernel/drivers/gpu/drm/tiny/cirrus-qemu.ko.zst	0000067b	000081a4	000003e8	000003e8	00000001	6a7f6533	00000000	00000030	00000000	00000000	00000000
usr/lib/modules/7.1.5-sp11-render-parity-v4+/kernel/drivers/gpu/drm/tiny/gm12u320.ko.zst	0000067c	000081a4	000003e8	000003e8	00000001	6a7f6533	00000000	00000030	00000000	00000000	00000000
usr/lib/modules/7.1.5-sp11-render-parity-v4+/kernel/drivers/gpu/drm/tiny/hx8357d.ko.zst	0000067d	000081a4	000003e8	000003e8	00000001	6a7f6533	00000000	00000030	00000000	00000000	00000000
usr/lib/modules/7.1.5-sp11-render-parity-v4+/kernel/drivers/gpu/drm/tiny/ili9163.ko.zst	0000067e	000081a4	000003e8	000003e8	00000001	6a7f6533	00000000	00000030	00000000	00000000	00000000
usr/lib/modules/7.1.5-sp11-render-parity-v4+/kernel/drivers/gpu/drm/tiny/ili9225.ko.zst	0000067f	000081a4	000003e8	000003e8	00000001	6a7f6533	00000000	00000030	00000000	00000000	00000000
usr/lib/modules/7.1.5-sp11-render-parity-v4+/kernel/drivers/gpu/drm/tiny/ili9341.ko.zst	00000680	000081a4	000003e8	000003e8	00000001	6a7f6533	00000000	00000030	00000000	00000000	00000000
usr/lib/modules/7.1.5-sp11-render-parity-v4+/kernel/drivers/gpu/drm/tiny/ili9486.ko.zst	00000681	000081a4	000003e8	000003e8	00000001	6a7f6533	00000000	00000030	00000000	00000000	00000000
usr/lib/modules/7.1.5-sp11-render-parity-v4+/kernel/drivers/gpu/drm/tiny/mi0283qt.ko.zst	00000682	000081a4	000003e8	000003e8	00000001	6a7f6533	00000000	00000030	00000000	00000000	00000000
usr/lib/modules/7.1.5-sp11-render-parity-v4+/kernel/drivers/gpu/drm/tiny/panel-mipi-dbi.ko.zst	00000683	000081a4	000003e8	000003e8	00000001	6a7f6533	00000000	00000030	00000000	00000000	00000000
usr/lib/modules/7.1.5-sp11-render-parity-v4+/kernel/drivers/gpu/drm/tiny/repaper.ko.zst	00000684	000081a4	000003e8	000003e8	00000001	6a7f6533	00000000	00000030	00000000	00000000	00000000
usr/lib/modules/7.1.5-sp11-render-parity-v4+/kernel/drivers/gpu/drm/tiny/sharp-memory.ko.zst	00000685	000081a4	000003e8	000003e8	00000001	6a7f6533	00000000	00000030	00000000	00000000	00000000
usr/lib/modules/7.1.5-sp11-render-parity-v4+/kernel/drivers/gpu/drm/virtio	00000686	000041ed	000003e8	000003e8	00000002	6a8eba6d	00000000	00000030	00000000	00000000	00000000
usr/lib/modules/7.1.5-sp11-render-parity-v4+/kernel/drivers/gpu/drm/virtio/virtio-gpu.ko.zst	00000687	000081a4	000003e8	000003e8	00000001	6a7f6536	00000000	00000030	00000000	00000000	00000000
usr/lib/modules/7.1.5-sp11-render-parity-v4+/kernel/drivers/hid	00000688	000041ed	000003e8	000003e8	00000005	6a8eba6d	00000000	00000030	00000000	00000000	00000000
usr/lib/modules/7.1.5-sp11-render-parity-v4+/kernel/drivers/hid/hid-accutouch.ko.zst	00000689	000081a4	000003e8	000003e8	00000001	6a7f6596	00000000	00000030	00000000	00000000	00000000
usr/lib/modules/7.1.5-sp11-render-parity-v4+/kernel/drivers/hid/hid-alps.ko.zst	0000068a	000081a4	000003e8	000003e8	00000001	6a7f6597	00000000	00000030	00000000	00000000	00000000
usr/lib/modules/7.1.5-sp11-render-parity-v4+/kernel/drivers/hid/hid-apple.ko.zst	0000068c	000081a4	000003e8	000003e8	00000001	6a7f6597	00000000	00000030	00000000	00000000	00000000
usr/lib/modules/7.1.5-sp11-render-parity-v4+/kernel/drivers/hid/hid-appleir.ko.zst	0000068b	000081a4	000003e8	000003e8	00000001	6a7f6597	00000000	00000030	00000000	00000000	00000000
usr/lib/modules/7.1.5-sp11-render-parity-v4+/kernel/drivers/hid/hid-asus.ko.zst	0000068d	000081a4	000003e8	000003e8	00000001	6a7f6597	00000000	00000030	00000000	00000000	00000000
usr/lib/modules/7.1.5-sp11-render-parity-v4+/kernel/drivers/hid/hid-aureal.ko.zst	0000068e	000081a4	000003e8	000003e8	00000001	6a7f6597	00000000	00000030	00000000	00000000	00000000
usr/lib/modules/7.1.5-sp11-render-parity-v4+/kernel/drivers/hid/hid-belkin.ko.zst	0000068f	000081a4	000003e8	000003e8	00000001	6a7f6597	00000000	00000030	00000000	00000000	00000000
usr/lib/modules/7.1.5-sp11-render-parity-v4+/kernel/drivers/hid/hid-cherry.ko.zst	00000690	000081a4	000003e8	000003e8	00000001	6a7f6597	00000000	00000030	00000000	00000000	00000000
usr/lib/modules/7.1.5-sp11-render-parity-v4+/kernel/drivers/hid/hid-chicony.ko.zst	00000691	000081a4	000003e8	000003e8	00000001	6a7f6597	00000000	00000030	00000000	00000000	00000000
usr/lib/modules/7.1.5-sp11-render-parity-v4+/kernel/drivers/hid/hid-cmedia.ko.zst	00000692	000081a4	000003e8	000003e8	00000001	6a7f6597	00000000	00000030	00000000	00000000	00000000
usr/lib/modules/7.1.5-sp11-render-parity-v4+/kernel/drivers/hid/hid-corsair-void.ko.zst	00000694	000081a4	000003e8	000003e8	00000001	6a7f6597	00000000	00000030	00000000	00000000	00000000
usr/lib/modules/7.1.5-sp11-render-parity-v4+/kernel/drivers/hid/hid-corsair.ko.zst	00000693	000081a4	000003e8	000003e8	00000001	6a7f6597	00000000	00000030	00000000	00000000	00000000
usr/lib/modules/7.1.5-sp11-render-parity-v4+/kernel/drivers/hid/hid-cougar.ko.zst	00000695	000081a4	000003e8	000003e8	00000001	6a7f6597	00000000	00000030	00000000	00000000	00000000
usr/lib/modules/7.1.5-sp11-render-parity-v4+/kernel/drivers/hid/hid-cp2112.ko.zst	00000696	000081a4	000003e8	000003e8	00000001	6a7f6597	00000000	00000030	00000000	00000000	00000000
usr/lib/modules/7.1.5-sp11-render-parity-v4+/kernel/drivers/hid/hid-creative-sb0540.ko.zst	00000697	000081a4	000003e8	000003e8	00000001	6a7f6597	00000000	00000030	00000000	00000000	00000000
usr/lib/modules/7.1.5-sp11-render-parity-v4+/kernel/drivers/hid/hid-elan.ko.zst	00000698	000081a4	000003e8	000003e8	00000001	6a7f6597	00000000	00000030	00000000	00000000	00000000
usr/lib/modules/7.1.5-sp11-render-parity-v4+/kernel/drivers/hid/hid-elo.ko.zst	00000699	000081a4	000003e8	000003e8	00000001	6a7f6597	00000000	00000030	00000000	00000000	00000000
usr/lib/modules/7.1.5-sp11-render-parity-v4+/kernel/drivers/hid/hid-evision.ko.zst	0000069a	000081a4	000003e8	000003e8	00000001	6a7f6597	00000000	00000030	00000000	00000000	00000000
usr/lib/modules/7.1.5-sp11-render-parity-v4+/kernel/drivers/hid/hid-ezkey.ko.zst	0000069b	000081a4	000003e8	000003e8	00000001	6a7f6597	00000000	00000030	00000000	00000000	00000000
usr/lib/modules/7.1.5-sp11-render-parity-v4+/kernel/drivers/hid/hid-ft260.ko.zst	0000069c	000081a4	000003e8	000003e8	00000001	6a7f6597	00000000	00000030	00000000	00000000	00000000
usr/lib/modules/7.1.5-sp11-render-parity-v4+/kernel/drivers/hid/hid-gembird.ko.zst	0000069d	000081a4	000003e8	000003e8	00000001	6a7f6597	00000000	00000030	00000000	00000000	00000000
usr/lib/modules/7.1.5-sp11-render-parity-v4+/kernel/drivers/hid/hid-generic.ko.zst	0000069e	000081a4	000003e8	000003e8	00000001	6a7f6596	00000000	00000030	00000000	00000000	00000000
usr/lib/modules/7.1.5-sp11-render-parity-v4+/kernel/drivers/hid/hid-gfrm.ko.zst	0000069f	000081a4	000003e8	000003e8	00000001	6a7f6597	00000000	00000030	00000000	00000000	00000000
usr/lib/modules/7.1.5-sp11-render-parity-v4+/kernel/drivers/hid/hid-glorious.ko.zst	000006a0	000081a4	000003e8	000003e8	00000001	6a7f6597	00000000	00000030	00000000	00000000	00000000
usr/lib/modules/7.1.5-sp11-render-parity-v4+/kernel/drivers/hid/hid-google-hammer.ko.zst	000006a1	000081a4	000003e8	000003e8	00000001	6a7f6597	00000000	00000030	00000000	00000000	00000000
usr/lib/modules/7.1.5-sp11-render-parity-v4+/kernel/drivers/hid/hid-gt683r.ko.zst	000006a2	000081a4	000003e8	000003e8	00000001	6a7f6597	00000000	00000030	00000000	00000000	00000000
usr/lib/modules/7.1.5-sp11-render-parity-v4+/kernel/drivers/hid/hid-holtek-kbd.ko.zst	000006a3	000081a4	000003e8	000003e8	00000001	6a7f6597	00000000	00000030	00000000	00000000	00000000
usr/lib/modules/7.1.5-sp11-render-parity-v4+/kernel/drivers/hid/hid-holtek-mouse.ko.zst	000006a4	000081a4	000003e8	000003e8	00000001	6a7f6597	00000000	00000030	00000000	00000000	00000000
usr/lib/modules/7.1.5-sp11-render-parity-v4+/kernel/drivers/hid/hid-ite.ko.zst	000006a5	000081a4	000003e8	000003e8	00000001	6a7f6598	00000000	00000030	00000000	00000000	00000000
usr/lib/modules/7.1.5-sp11-render-parity-v4+/kernel/drivers/hid/hid-jabra.ko.zst	000006a6	000081a4	000003e8	000003e8	00000001	6a7f6598	00000000	00000030	00000000	00000000	00000000
usr/lib/modules/7.1.5-sp11-render-parity-v4+/kernel/drivers/hid/hid-keytouch.ko.zst	000006a7	000081a4	000003e8	000003e8	00000001	6a7f6598	00000000	00000030	00000000	00000000	00000000
usr/lib/modules/7.1.5-sp11-render-parity-v4+/kernel/drivers/hid/hid-kysona.ko.zst	000006a9	000081a4	000003e8	000003e8	00000001	6a7f6598	00000000	00000030	00000000	00000000	00000000
usr/lib/modules/7.1.5-sp11-render-parity-v4+/kernel/drivers/hid/hid-led.ko.zst	000006aa	000081a4	000003e8	000003e8	00000001	6a7f6599	00000000	00000030	00000000	00000000	00000000
usr/lib/modules/7.1.5-sp11-render-parity-v4+/kernel/drivers/hid/hid-lenovo.ko.zst	000006ab	000081a4	000003e8	000003e8	00000001	6a7f6598	00000000	00000030	00000000	00000000	00000000
usr/lib/modules/7.1.5-sp11-render-parity-v4+/kernel/drivers/hid/hid-letsketch.ko.zst	000006ac	000081a4	000003e8	000003e8	00000001	6a7f6598	00000000	00000030	00000000	00000000	00000000
usr/lib/modules/7.1.5-sp11-render-parity-v4+/kernel/drivers/hid/hid-lg-g15.ko.zst	000006ad	000081a4	000003e8	000003e8	00000001	6a7f6598	00000000	00000030	00000000	00000000	00000000
usr/lib/modules/7.1.5-sp11-render-parity-v4+/kernel/drivers/hid/hid-logitech-dj.ko.zst	000006ae	000081a4	000003e8	000003e8	00000001	6a7f6598	00000000	00000030	00000000	00000000	00000000
usr/lib/modules/7.1.5-sp11-render-parity-v4+/kernel/drivers/hid/hid-logitech-hidpp.ko.zst	000006af	000081a4	000003e8	000003e8	00000001	6a7f6598	00000000	00000030	00000000	00000000	00000000
usr/lib/modules/7.1.5-sp11-render-parity-v4+/kernel/drivers/hid/hid-logitech.ko.zst	000006b0	000081a4	000003e8	000003e8	00000001	6a7f6598	00000000	00000030	00000000	00000000	00000000
usr/lib/modules/7.1.5-sp11-render-parity-v4+/kernel/drivers/hid/hid-macally.ko.zst	000006b1	000081a4	000003e8	000003e8	00000001	6a7f6598	00000000	00000030	00000000	00000000	00000000
usr/lib/modules/7.1.5-sp11-render-parity-v4+/kernel/drivers/hid/hid-maltron.ko.zst	000006b2	000081a4	000003e8	000003e8	00000001	6a7f6598	00000000	00000030	00000000	00000000	00000000
usr/lib/modules/7.1.5-sp11-render-parity-v4+/kernel/drivers/hid/hid-mcp2200.ko.zst	000006b3	000081a4	000003e8	000003e8	00000001	6a7f6598	00000000	00000030	00000000	00000000	00000000
usr/lib/modules/7.1.5-sp11-render-parity-v4+/kernel/drivers/hid/hid-mcp2221.ko.zst	000006b4	000081a4	000003e8	000003e8	00000001	6a7f6598	00000000	00000030	00000000	00000000	00000000
usr/lib/modules/7.1.5-sp11-render-parity-v4+/kernel/drivers/hid/hid-megaworld.ko.zst	000006b5	000081a4	000003e8	000003e8	00000001	6a7f6598	00000000	00000030	00000000	00000000	00000000
usr/lib/modules/7.1.5-sp11-render-parity-v4+/kernel/drivers/hid/hid-mf.ko.zst	000006b6	000081a4	000003e8	000003e8	00000001	6a7f6598	00000000	00000030	00000000	00000000	00000000
usr/lib/modules/7.1.5-sp11-render-parity-v4+/kernel/drivers/hid/hid-microsoft.ko.zst	000006b7	000081a4	000003e8	000003e8	00000001	6a7f6598	00000000	00000030	00000000	00000000	00000000
usr/lib/modules/7.1.5-sp11-render-parity-v4+/kernel/drivers/hid/hid-monterey.ko.zst	000006b8	000081a4	000003e8	000003e8	00000001	6a7f6598	00000000	00000030	00000000	00000000	00000000
usr/lib/modules/7.1.5-sp11-render-parity-v4+/kernel/drivers/hid/hid-multitouch.ko.zst	000006b9	000081a4	000003e8	000003e8	00000001	6a7f6598	00000000	00000030	00000000	00000000	00000000
usr/lib/modules/7.1.5-sp11-render-parity-v4+/kernel/drivers/hid/hid-nintendo.ko.zst	000006ba	000081a4	000003e8	000003e8	00000001	6a7f6598	00000000	00000030	00000000	00000000	00000000
usr/lib/modules/7.1.5-sp11-render-parity-v4+/kernel/drivers/hid/hid-nti.ko.zst	000006bb	000081a4	000003e8	000003e8	00000001	6a7f6598	00000000	00000030	00000000	00000000	00000000
usr/lib/modules/7.1.5-sp11-render-parity-v4+/kernel/drivers/hid/hid-nvidia-shield.ko.zst	000006bc	000081a4	000003e8	000003e8	00000001	6a7f6598	00000000	00000030	00000000	00000000	00000000
usr/lib/modules/7.1.5-sp11-render-parity-v4+/kernel/drivers/hid/hid-ortek.ko.zst	000006bd	000081a4	000003e8	000003e8	00000001	6a7f6598	00000000	00000030	00000000	00000000	00000000
usr/lib/modules/7.1.5-sp11-render-parity-v4+/kernel/drivers/hid/hid-penmount.ko.zst	000006be	000081a4	000003e8	000003e8	00000001	6a7f6598	00000000	00000030	00000000	00000000	00000000
usr/lib/modules/7.1.5-sp11-render-parity-v4+/kernel/drivers/hid/hid-plantronics.ko.zst	000006bf	000081a4	000003e8	000003e8	00000001	6a7f6598	00000000	00000030	00000000	00000000	00000000
usr/lib/modules/7.1.5-sp11-render-parity-v4+/kernel/drivers/hid/hid-playstation.ko.zst	000006c0	000081a4	000003e8	000003e8	00000001	6a7f6598	00000000	00000030	00000000	00000000	00000000
usr/lib/modules/7.1.5-sp11-render-parity-v4+/kernel/drivers/hid/hid-primax.ko.zst	000006c1	000081a4	000003e8	000003e8	00000001	6a7f6598	00000000	00000030	00000000	00000000	00000000
usr/lib/modules/7.1.5-sp11-render-parity-v4+/kernel/drivers/hid/hid-prodikeys.ko.zst	000006c2	000081a4	000003e8	000003e8	00000001	6a7f6598	00000000	00000030	00000000	00000000	00000000
usr/lib/modules/7.1.5-sp11-render-parity-v4+/kernel/drivers/hid/hid-pxrc.ko.zst	000006c3	000081a4	000003e8	000003e8	00000001	6a7f6598	00000000	00000030	00000000	00000000	00000000
usr/lib/modules/7.1.5-sp11-render-parity-v4+/kernel/drivers/hid/hid-razer.ko.zst	000006c4	000081a4	000003e8	000003e8	00000001	6a7f6599	00000000	00000030	00000000	00000000	00000000
usr/lib/modules/7.1.5-sp11-render-parity-v4+/kernel/drivers/hid/hid-redragon.ko.zst	000006c5	000081a4	000003e8	000003e8	00000001	6a7f6599	00000000	00000030	00000000	00000000	00000000
usr/lib/modules/7.1.5-sp11-render-parity-v4+/kernel/drivers/hid/hid-retrode.ko.zst	000006c6	000081a4	000003e8	000003e8	00000001	6a7f6599	00000000	00000030	00000000	00000000	00000000
usr/lib/modules/7.1.5-sp11-render-parity-v4+/kernel/drivers/hid/hid-rmi.ko.zst	000006c7	000081a4	000003e8	000003e8	00000001	6a7f6599	00000000	00000030	00000000	00000000	00000000
usr/lib/modules/7.1.5-sp11-render-parity-v4+/kernel/drivers/hid/hid-roccat-arvo.ko.zst	000006c8	000081a4	000003e8	000003e8	00000001	6a7f6599	00000000	00000030	00000000	00000000	00000000
usr/lib/modules/7.1.5-sp11-render-parity-v4+/kernel/drivers/hid/hid-roccat-common.ko.zst	000006c9	000081a4	000003e8	000003e8	00000001	6a7f6599	00000000	00000030	00000000	00000000	00000000
usr/lib/modules/7.1.5-sp11-render-parity-v4+/kernel/drivers/hid/hid-roccat-isku.ko.zst	000006ca	000081a4	000003e8	000003e8	00000001	6a7f6599	00000000	00000030	00000000	00000000	00000000
usr/lib/modules/7.1.5-sp11-render-parity-v4+/kernel/drivers/hid/hid-roccat-lua.ko.zst	000006cc	000081a4	000003e8	000003e8	00000001	6a7f6599	00000000	00000030	00000000	00000000	00000000
usr/lib/modules/7.1.5-sp11-render-parity-v4+/kernel/drivers/hid/hid-roccat-ryos.ko.zst	000006cd	000081a4	000003e8	000003e8	00000001	6a7f6599	00000000	00000030	00000000	00000000	00000000
usr/lib/modules/7.1.5-sp11-render-parity-v4+/kernel/drivers/hid/hid-roccat-savu.ko.zst	000006ce	000081a4	000003e8	000003e8	00000001	6a7f6599	00000000	00000030	00000000	00000000	00000000
usr/lib/modules/7.1.5-sp11-render-parity-v4+/kernel/drivers/hid/hid-roccat.ko.zst	000006cb	000081a4	000003e8	000003e8	00000001	6a7f6599	00000000	00000030	00000000	00000000	00000000
usr/lib/modules/7.1.5-sp11-render-parity-v4+/kernel/drivers/hid/hid-samsung.ko.zst	000006cf	000081a4	000003e8	000003e8	00000001	6a7f6599	00000000	00000030	00000000	00000000	00000000
usr/lib/modules/7.1.5-sp11-render-parity-v4+/kernel/drivers/hid/hid-semitek.ko.zst	000006d0	000081a4	000003e8	000003e8	00000001	6a7f6599	00000000	00000030	00000000	00000000	00000000
usr/lib/modules/7.1.5-sp11-render-parity-v4+/kernel/drivers/hid/hid-sensor-custom.ko.zst	000006d1	000081a4	000003e8	000003e8	00000001	6a7f659a	00000000	00000030	00000000	00000000	00000000
usr/lib/modules/7.1.5-sp11-render-parity-v4+/kernel/drivers/hid/hid-sensor-hub.ko.zst	000006d2	000081a4	000003e8	000003e8	00000001	6a7f659a	00000000	00000030	00000000	00000000	00000000
usr/lib/modules/7.1.5-sp11-render-parity-v4+/kernel/drivers/hid/hid-sigmamicro.ko.zst	000006d3	000081a4	000003e8	000003e8	00000001	6a7f6599	00000000	00000030	00000000	00000000	00000000
usr/lib/modules/7.1.5-sp11-render-parity-v4+/kernel/drivers/hid/hid-sjoy.ko.zst	000006d4	000081a4	000003e8	000003e8	00000001	6a7f6599	00000000	00000030	00000000	00000000	00000000
usr/lib/modules/7.1.5-sp11-render-parity-v4+/kernel/drivers/hid/hid-steam.ko.zst	000006d5	000081a4	000003e8	000003e8	00000001	6a7f6599	00000000	00000030	00000000	00000000	00000000
usr/lib/modules/7.1.5-sp11-render-parity-v4+/kernel/drivers/hid/hid-steelseries.ko.zst	000006d6	000081a4	000003e8	000003e8	00000001	6a7f6599	00000000	00000030	00000000	00000000	00000000
usr/lib/modules/7.1.5-sp11-render-parity-v4+/kernel/drivers/hid/hid-sunplus.ko.zst	000006d7	000081a4	000003e8	000003e8	00000001	6a7f6599	00000000	00000030	00000000	00000000	00000000
usr/lib/modules/7.1.5-sp11-render-parity-v4+/kernel/drivers/hid/hid-thrustmaster.ko.zst	000006d8	000081a4	000003e8	000003e8	00000001	6a7f6599	00000000	00000030	00000000	00000000	00000000
usr/lib/modules/7.1.5-sp11-render-parity-v4+/kernel/drivers/hid/hid-topre.ko.zst	000006d9	000081a4	000003e8	000003e8	00000001	6a7f6599	00000000	00000030	00000000	00000000	00000000
usr/lib/modules/7.1.5-sp11-render-parity-v4+/kernel/drivers/hid/hid-topseed.ko.zst	000006da	000081a4	000003e8	000003e8	00000001	6a7f6599	00000000	00000030	00000000	00000000	00000000
usr/lib/modules/7.1.5-sp11-render-parity-v4+/kernel/drivers/hid/hid-u2fzero.ko.zst	000006db	000081a4	000003e8	000003e8	00000001	6a7f6599	00000000	00000030	00000000	00000000	00000000
usr/lib/modules/7.1.5-sp11-render-parity-v4+/kernel/drivers/hid/hid-udraw-ps3.ko.zst	000006dc	000081a4	000003e8	000003e8	00000001	6a7f6599	00000000	00000030	00000000	00000000	00000000
usr/lib/modules/7.1.5-sp11-render-parity-v4+/kernel/drivers/hid/hid-viewsonic.ko.zst	000006dd	000081a4	000003e8	000003e8	00000001	6a7f659a	00000000	00000030	00000000	00000000	00000000
usr/lib/modules/7.1.5-sp11-render-parity-v4+/kernel/drivers/hid/hid-vivaldi-common.ko.zst	000006de	000081a4	000003e8	000003e8	00000001	6a7f6597	00000000	00000030	00000000	00000000	00000000
usr/lib/modules/7.1.5-sp11-render-parity-v4+/kernel/drivers/hid/hid-vivaldi.ko.zst	000006df	000081a4	000003e8	000003e8	00000001	6a7f6597	00000000	00000030	00000000	00000000	00000000
usr/lib/modules/7.1.5-sp11-render-parity-v4+/kernel/drivers/hid/hid-vrc2.ko.zst	000006e0	000081a4	000003e8	000003e8	00000001	6a7f659a	00000000	00000030	00000000	00000000	00000000
usr/lib/modules/7.1.5-sp11-render-parity-v4+/kernel/drivers/hid/hid-winwing.ko.zst	000006e1	000081a4	000003e8	000003e8	00000001	6a7f659a	00000000	00000030	00000000	00000000	00000000
usr/lib/modules/7.1.5-sp11-render-parity-v4+/kernel/drivers/hid/hid-xiaomi.ko.zst	000006e2	000081a4	000003e8	000003e8	00000001	6a7f659a	00000000	00000030	00000000	00000000	00000000
usr/lib/modules/7.1.5-sp11-render-parity-v4+/kernel/drivers/hid/hid-xinmo.ko.zst	000006e3	000081a4	000003e8	000003e8	00000001	6a7f659a	00000000	00000030	00000000	00000000	00000000
usr/lib/modules/7.1.5-sp11-render-parity-v4+/kernel/drivers/hid/hid.ko.zst	000006a8	000081a4	000003e8	000003e8	00000001	6a7f6596	00000000	00000030	00000000	00000000	00000000
usr/lib/modules/7.1.5-sp11-render-parity-v4+/kernel/drivers/hid/i2c-hid	000006e4	000041ed	000003e8	000003e8	00000002	6a8eba6d	00000000	00000030	00000000	00000000	00000000
usr/lib/modules/7.1.5-sp11-render-parity-v4+/kernel/drivers/hid/i2c-hid/i2c-hid-acpi.ko.zst	000006e5	000081a4	000003e8	000003e8	00000001	6a7f659a	00000000	00000030	00000000	00000000	00000000
usr/lib/modules/7.1.5-sp11-render-parity-v4+/kernel/drivers/hid/i2c-hid/i2c-hid-of-elan.ko.zst	000006e7	000081a4	000003e8	000003e8	00000001	6a7f659a	00000000	00000030	00000000	00000000	00000000
usr/lib/modules/7.1.5-sp11-render-parity-v4+/kernel/drivers/hid/i2c-hid/i2c-hid-of-goodix.ko.zst	000006e8	000081a4	000003e8	000003e8	00000001	6a7f659a	00000000	00000030	00000000	00000000	00000000
usr/lib/modules/7.1.5-sp11-render-parity-v4+/kernel/drivers/hid/i2c-hid/i2c-hid-of.ko.zst	000006e9	000081a4	000003e8	000003e8	00000001	6a7f659a	00000000	00000030	00000000	00000000	00000000
usr/lib/modules/7.1.5-sp11-render-parity-v4+/kernel/drivers/hid/i2c-hid/i2c-hid.ko.zst	000006e6	000081a4	000003e8	000003e8	00000001	6a7f659a	00000000	00000030	00000000	00000000	00000000
usr/lib/modules/7.1.5-sp11-render-parity-v4+/kernel/drivers/hid/surface-hid	000006ea	000041ed	000003e8	000003e8	00000002	6a8eba6d	00000000	00000030	00000000	00000000	00000000
usr/lib/modules/7.1.5-sp11-render-parity-v4+/kernel/drivers/hid/surface-hid/surface_hid.ko.zst	000006ec	000081a4	000003e8	000003e8	00000001	6a7f659a	00000000	00000030	00000000	00000000	00000000
usr/lib/modules/7.1.5-sp11-render-parity-v4+/kernel/drivers/hid/surface-hid/surface_hid_core.ko.zst	000006eb	000081a4	000003e8	000003e8	00000001	6a7f659a	00000000	00000030	00000000	00000000	00000000
usr/lib/modules/7.1.5-sp11-render-parity-v4+/kernel/drivers/hid/surface-hid/surface_kbd.ko.zst	000006ed	000081a4	000003e8	000003e8	00000001	6a7f659a	00000000	00000030	00000000	00000000	00000000
usr/lib/modules/7.1.5-sp11-render-parity-v4+/kernel/drivers/hid/uhid.ko.zst	000006ee	000081a4	000003e8	000003e8	00000001	6a7f6596	00000000	00000030	00000000	00000000	00000000
usr/lib/modules/7.1.5-sp11-render-parity-v4+/kernel/drivers/hid/usbhid	000006ef	000041ed	000003e8	000003e8	00000002	6a8eba6d	00000000	00000030	00000000	00000000	00000000
usr/lib/modules/7.1.5-sp11-render-parity-v4+/kernel/drivers/hid/usbhid/usbhid.ko.zst	000006f0	000081a4	000003e8	000003e8	00000001	6a7f659a	00000000	00000030	00000000	00000000	00000000
usr/lib/modules/7.1.5-sp11-render-parity-v4+/kernel/drivers/hid/usbhid/usbkbd.ko.zst	000006f1	000081a4	000003e8	000003e8	00000001	6a7f659a	00000000	00000030	00000000	00000000	00000000
usr/lib/modules/7.1.5-sp11-render-parity-v4+/kernel/drivers/hid/usbhid/usbmouse.ko.zst	000006f2	000081a4	000003e8	000003e8	00000001	6a7f659a	00000000	00000030	00000000	00000000	00000000
usr/lib/modules/7.1.5-sp11-render-parity-v4+/kernel/drivers/hid/wacom.ko.zst	000006f3	000081a4	000003e8	000003e8	00000001	6a7f659a	00000000	00000030	00000000	00000000	00000000
usr/lib/modules/7.1.5-sp11-render-parity-v4+/kernel/drivers/hwspinlock	000006f4	000041ed	000003e8	000003e8	00000002	6a8eba6d	00000000	00000030	00000000	00000000	00000000
usr/lib/modules/7.1.5-sp11-render-parity-v4+/kernel/drivers/hwspinlock/omap_hwspinlock.ko.zst	000006f5	000081a4	000003e8	000003e8	00000001	6a7f659e	00000000	00000030	00000000	00000000	00000000
usr/lib/modules/7.1.5-sp11-render-parity-v4+/kernel/drivers/hwspinlock/sprd_hwspinlock.ko.zst	000006f6	000081a4	000003e8	000003e8	00000001	6a7f659e	00000000	00000030	00000000	00000000	00000000
usr/lib/modules/7.1.5-sp11-render-parity-v4+/kernel/drivers/hwspinlock/sun6i_hwspinlock.ko.zst	000006f7	000081a4	000003e8	000003e8	00000001	6a7f659e	00000000	00000030	00000000	00000000	00000000
usr/lib/modules/7.1.5-sp11-render-parity-v4+/kernel/drivers/i2c	000006f8	000041ed	000003e8	000003e8	00000005	6a8eba6d	00000000	00000030	00000000	00000000	00000000
usr/lib/modules/7.1.5-sp11-render-parity-v4+/kernel/drivers/i2c/algos	000006f9	000041ed	000003e8	000003e8	00000002	6a8eba6d	00000000	00000030	00000000	00000000	00000000
usr/lib/modules/7.1.5-sp11-render-parity-v4+/kernel/drivers/i2c/algos/i2c-algo-bit.ko.zst	000006fa	000081a4	000003e8	000003e8	00000001	6a7f656c	00000000	00000030	00000000	00000000	00000000
usr/lib/modules/7.1.5-sp11-render-parity-v4+/kernel/drivers/i2c/algos/i2c-algo-pca.ko.zst	000006fb	000081a4	000003e8	000003e8	00000001	6a7f656c	00000000	00000030	00000000	00000000	00000000
usr/lib/modules/7.1.5-sp11-render-parity-v4+/kernel/drivers/i2c/busses	000006fc	000041ed	000003e8	000003e8	00000002	6a8eba6d	00000000	00000030	00000000	00000000	00000000
usr/lib/modules/7.1.5-sp11-render-parity-v4+/kernel/drivers/i2c/busses/i2c-ali1535.ko.zst	000006fd	000081a4	000003e8	000003e8	00000001	6a7f656c	00000000	00000030	00000000	00000000	00000000
usr/lib/modules/7.1.5-sp11-render-parity-v4+/kernel/drivers/i2c/busses/i2c-ali1563.ko.zst	000006fe	000081a4	000003e8	000003e8	00000001	6a7f656c	00000000	00000030	00000000	00000000	00000000
usr/lib/modules/7.1.5-sp11-render-parity-v4+/kernel/drivers/i2c/busses/i2c-ali15x3.ko.zst	000006ff	000081a4	000003e8	000003e8	00000001	6a7f656c	00000000	00000030	00000000	00000000	00000000
usr/lib/modules/7.1.5-sp11-render-parity-v4+/kernel/drivers/i2c/busses/i2c-altera.ko.zst	00000700	000081a4	000003e8	000003e8	00000001	6a7f656c	00000000	00000030	00000000	00000000	00000000
usr/lib/modules/7.1.5-sp11-render-parity-v4+/kernel/drivers/i2c/busses/i2c-amd756.ko.zst	00000701	000081a4	000003e8	000003e8	00000001	6a7f656c	00000000	00000030	00000000	00000000	00000000
usr/lib/modules/7.1.5-sp11-render-parity-v4+/kernel/drivers/i2c/busses/i2c-amd8111.ko.zst	00000702	000081a4	000003e8	000003e8	00000001	6a7f656c	00000000	00000030	00000000	00000000	00000000
usr/lib/modules/7.1.5-sp11-render-parity-v4+/kernel/drivers/i2c/busses/i2c-cbus-gpio.ko.zst	00000703	000081a4	000003e8	000003e8	00000001	6a7f656c	00000000	00000030	00000000	00000000	00000000
usr/lib/modules/7.1.5-sp11-render-parity-v4+/kernel/drivers/i2c/busses/i2c-ccgx-ucsi.ko.zst	00000704	000081a4	000003e8	000003e8	00000001	6a7f656c	00000000	00000030	00000000	00000000	00000000
usr/lib/modules/7.1.5-sp11-render-parity-v4+/kernel/drivers/i2c/busses/i2c-cp2615.ko.zst	00000705	000081a4	000003e8	000003e8	00000001	6a7f656e	00000000	00000030	00000000	00000000	00000000
usr/lib/modules/7.1.5-sp11-render-parity-v4+/kernel/drivers/i2c/busses/i2c-cros-ec-tunnel.ko.zst	00000706	000081a4	000003e8	000003e8	00000001	6a7f656e	00000000	00000030	00000000	00000000	00000000
usr/lib/modules/7.1.5-sp11-render-parity-v4+/kernel/drivers/i2c/busses/i2c-designware-pci.ko.zst	00000707	000081a4	000003e8	000003e8	00000001	6a7f656c	00000000	00000030	00000000	00000000	00000000
usr/lib/modules/7.1.5-sp11-render-parity-v4+/kernel/drivers/i2c/busses/i2c-diolan-u2c.ko.zst	00000708	000081a4	000003e8	000003e8	00000001	6a7f656d	00000000	00000030	00000000	00000000	00000000
usr/lib/modules/7.1.5-sp11-render-parity-v4+/kernel/drivers/i2c/busses/i2c-dln2.ko.zst	00000709	000081a4	000003e8	000003e8	00000001	6a7f656d	00000000	00000030	00000000	00000000	00000000
usr/lib/modules/7.1.5-sp11-render-parity-v4+/kernel/drivers/i2c/busses/i2c-fsi.ko.zst	0000070a	000081a4	000003e8	000003e8	00000001	6a7f656e	00000000	00000030	00000000	00000000	00000000
usr/lib/modules/7.1.5-sp11-render-parity-v4+/kernel/drivers/i2c/busses/i2c-gpio.ko.zst	0000070b	000081a4	000003e8	000003e8	00000001	6a7f656c	00000000	00000030	00000000	00000000	00000000
usr/lib/modules/7.1.5-sp11-render-parity-v4+/kernel/drivers/i2c/busses/i2c-hisi.ko.zst	0000070c	000081a4	000003e8	000003e8	00000001	6a7f656d	00000000	00000030	00000000	00000000	00000000
usr/lib/modules/7.1.5-sp11-render-parity-v4+/kernel/drivers/i2c/busses/i2c-hix5hd2.ko.zst	0000070d	000081a4	000003e8	000003e8	00000001	6a7f656d	00000000	00000030	00000000	00000000	00000000
usr/lib/modules/7.1.5-sp11-render-parity-v4+/kernel/drivers/i2c/busses/i2c-i801.ko.zst	0000070e	000081a4	000003e8	000003e8	00000001	6a7f656c	00000000	00000030	00000000	00000000	00000000
usr/lib/modules/7.1.5-sp11-render-parity-v4+/kernel/drivers/i2c/busses/i2c-imx-lpi2c.ko.zst	00000710	000081a4	000003e8	000003e8	00000001	6a7f656d	00000000	00000030	00000000	00000000	00000000
usr/lib/modules/7.1.5-sp11-render-parity-v4+/kernel/drivers/i2c/busses/i2c-imx.ko.zst	0000070f	000081a4	000003e8	000003e8	00000001	6a7f656d	00000000	00000030	00000000	00000000	00000000
usr/lib/modules/7.1.5-sp11-render-parity-v4+/kernel/drivers/i2c/busses/i2c-isch.ko.zst	00000711	000081a4	000003e8	000003e8	00000001	6a7f656c	00000000	00000030	00000000	00000000	00000000
usr/lib/modules/7.1.5-sp11-render-parity-v4+/kernel/drivers/i2c/busses/i2c-kempld.ko.zst	00000712	000081a4	000003e8	000003e8	00000001	6a7f656d	00000000	00000030	00000000	00000000	00000000
usr/lib/modules/7.1.5-sp11-render-parity-v4+/kernel/drivers/i2c/busses/i2c-ljca.ko.zst	00000713	000081a4	000003e8	000003e8	00000001	6a7f656d	00000000	00000030	00000000	00000000	00000000
usr/lib/modules/7.1.5-sp11-render-parity-v4+/kernel/drivers/i2c/busses/i2c-mchp-pci1xxxx.ko.zst	00000714	000081a4	000003e8	000003e8	00000001	6a7f656e	00000000	00000030	00000000	00000000	00000000
usr/lib/modules/7.1.5-sp11-render-parity-v4+/kernel/drivers/i2c/busses/i2c-meson.ko.zst	00000715	000081a4	000003e8	000003e8	00000001	6a7f656d	00000000	00000030	00000000	00000000	00000000
usr/lib/modules/7.1.5-sp11-render-parity-v4+/kernel/drivers/i2c/busses/i2c-mlxbf.ko.zst	00000716	000081a4	000003e8	000003e8	00000001	6a7f656e	00000000	00000030	00000000	00000000	00000000
usr/lib/modules/7.1.5-sp11-render-parity-v4+/kernel/drivers/i2c/busses/i2c-mlxcpld.ko.zst	00000717	000081a4	000003e8	000003e8	00000001	6a7f656e	00000000	00000030	00000000	00000000	00000000
usr/lib/modules/7.1.5-sp11-render-parity-v4+/kernel/drivers/i2c/busses/i2c-mt65xx.ko.zst	00000718	000081a4	000003e8	000003e8	00000001	6a7f656d	00000000	00000030	00000000	00000000	00000000
usr/lib/modules/7.1.5-sp11-render-parity-v4+/kernel/drivers/i2c/busses/i2c-mt7621.ko.zst	00000719	000081a4	000003e8	000003e8	00000001	6a7f656d	00000000	00000030	00000000	00000000	00000000
usr/lib/modules/7.1.5-sp11-render-parity-v4+/kernel/drivers/i2c/busses/i2c-mv64xxx.ko.zst	0000071a	000081a4	000003e8	000003e8	00000001	6a7f656d	00000000	00000030	00000000	00000000	00000000
usr/lib/modules/7.1.5-sp11-render-parity-v4+/kernel/drivers/i2c/busses/i2c-nforce2.ko.zst	0000071b	000081a4	000003e8	000003e8	00000001	6a7f656c	00000000	00000030	00000000	00000000	00000000
usr/lib/modules/7.1.5-sp11-render-parity-v4+/kernel/drivers/i2c/busses/i2c-nomadik.ko.zst	0000071c	000081a4	000003e8	000003e8	00000001	6a7f656d	00000000	00000030	00000000	00000000	00000000
usr/lib/modules/7.1.5-sp11-render-parity-v4+/kernel/drivers/i2c/busses/i2c-npcm7xx.ko.zst	0000071d	000081a4	000003e8	000003e8	00000001	6a7f656d	00000000	00000030	00000000	00000000	00000000
usr/lib/modules/7.1.5-sp11-render-parity-v4+/kernel/drivers/i2c/busses/i2c-nvidia-gpu.ko.zst	0000071e	000081a4	000003e8	000003e8	00000001	6a7f656c	00000000	00000030	00000000	00000000	00000000
usr/lib/modules/7.1.5-sp11-render-parity-v4+/kernel/drivers/i2c/busses/i2c-ocores.ko.zst	0000071f	000081a4	000003e8	000003e8	00000001	6a7f656d	00000000	00000030	00000000	00000000	00000000
usr/lib/modules/7.1.5-sp11-render-parity-v4+/kernel/drivers/i2c/busses/i2c-owl.ko.zst	00000720	000081a4	000003e8	000003e8	00000001	6a7f656d	00000000	00000030	00000000	00000000	00000000
usr/lib/modules/7.1.5-sp11-render-parity-v4+/kernel/drivers/i2c/busses/i2c-parport.ko.zst	00000721	000081a4	000003e8	000003e8	00000001	6a7f656e	00000000	00000030	00000000	00000000	00000000
usr/lib/modules/7.1.5-sp11-render-parity-v4+/kernel/drivers/i2c/busses/i2c-pasemi-core.ko.zst	00000722	000081a4	000003e8	000003e8	00000001	6a7f656d	00000000	00000030	00000000	00000000	00000000
usr/lib/modules/7.1.5-sp11-render-parity-v4+/kernel/drivers/i2c/busses/i2c-pasemi-platform.ko.zst	00000723	000081a4	000003e8	000003e8	00000001	6a7f656d	00000000	00000030	00000000	00000000	00000000
usr/lib/modules/7.1.5-sp11-render-parity-v4+/kernel/drivers/i2c/busses/i2c-pca-platform.ko.zst	00000724	000081a4	000003e8	000003e8	00000001	6a7f656d	00000000	00000030	00000000	00000000	00000000
usr/lib/modules/7.1.5-sp11-render-parity-v4+/kernel/drivers/i2c/busses/i2c-pxa.ko.zst	00000725	000081a4	000003e8	000003e8	00000001	6a7f656d	00000000	00000030	00000000	00000000	00000000
usr/lib/modules/7.1.5-sp11-render-parity-v4+/kernel/drivers/i2c/busses/i2c-qcom-cci.ko.zst	00000726	000081a4	000003e8	000003e8	00000001	6a7f656d	00000000	00000030	00000000	00000000	00000000
usr/lib/modules/7.1.5-sp11-render-parity-v4+/kernel/drivers/i2c/busses/i2c-qcom-geni.ko.zst	00000727	000081a4	000003e8	000003e8	00000001	6a7f656d	00000000	00000030	00000000	00000000	00000000
usr/lib/modules/7.1.5-sp11-render-parity-v4+/kernel/drivers/i2c/busses/i2c-qup.ko.zst	00000728	000081a4	000003e8	000003e8	00000001	6a7f656d	00000000	00000030	00000000	00000000	00000000
usr/lib/modules/7.1.5-sp11-render-parity-v4+/kernel/drivers/i2c/busses/i2c-rcar.ko.zst	00000729	000081a4	000003e8	000003e8	00000001	6a7f656d	00000000	00000030	00000000	00000000	00000000
usr/lib/modules/7.1.5-sp11-render-parity-v4+/kernel/drivers/i2c/busses/i2c-riic.ko.zst	0000072a	000081a4	000003e8	000003e8	00000001	6a7f656d	00000000	00000030	00000000	00000000	00000000
usr/lib/modules/7.1.5-sp11-render-parity-v4+/kernel/drivers/i2c/busses/i2c-rk3x.ko.zst	0000072b	000081a4	000003e8	000003e8	00000001	6a7f656d	00000000	00000030	00000000	00000000	00000000
usr/lib/modules/7.1.5-sp11-render-parity-v4+/kernel/drivers/i2c/busses/i2c-robotfuzz-osif.ko.zst	0000072c	000081a4	000003e8	000003e8	00000001	6a7f656e	00000000	00000030	00000000	00000000	00000000
usr/lib/modules/7.1.5-sp11-render-parity-v4+/kernel/drivers/i2c/busses/i2c-rzv2m.ko.zst	0000072d	000081a4	000003e8	000003e8	00000001	6a7f656d	00000000	00000030	00000000	00000000	00000000
usr/lib/modules/7.1.5-sp11-render-parity-v4+/kernel/drivers/i2c/busses/i2c-scmi.ko.zst	0000072e	000081a4	000003e8	000003e8	00000001	6a7f656c	00000000	00000030	00000000	00000000	00000000
usr/lib/modules/7.1.5-sp11-render-parity-v4+/kernel/drivers/i2c/busses/i2c-sh_mobile.ko.zst	0000072f	000081a4	000003e8	000003e8	00000001	6a7f656d	00000000	00000030	00000000	00000000	00000000
usr/lib/modules/7.1.5-sp11-render-parity-v4+/kernel/drivers/i2c/busses/i2c-simtec.ko.zst	00000730	000081a4	000003e8	000003e8	00000001	6a7f656d	00000000	00000030	00000000	00000000	00000000
usr/lib/modules/7.1.5-sp11-render-parity-v4+/kernel/drivers/i2c/busses/i2c-sis5595.ko.zst	00000731	000081a4	000003e8	000003e8	00000001	6a7f656c	00000000	00000030	00000000	00000000	00000000
usr/lib/modules/7.1.5-sp11-render-parity-v4+/kernel/drivers/i2c/busses/i2c-sis630.ko.zst	00000732	000081a4	000003e8	000003e8	00000001	6a7f656c	00000000	00000030	00000000	00000000	00000000
usr/lib/modules/7.1.5-sp11-render-parity-v4+/kernel/drivers/i2c/busses/i2c-sis96x.ko.zst	00000733	000081a4	000003e8	000003e8	00000001	6a7f656c	00000000	00000030	00000000	00000000	00000000
usr/lib/modules/7.1.5-sp11-render-parity-v4+/kernel/drivers/i2c/busses/i2c-stm32f4.ko.zst	00000734	000081a4	000003e8	000003e8	00000001	6a7f656d	00000000	00000030	00000000	00000000	00000000
usr/lib/modules/7.1.5-sp11-render-parity-v4+/kernel/drivers/i2c/busses/i2c-stm32f7-drv.ko.zst	00000735	000081a4	000003e8	000003e8	00000001	6a7f656d	00000000	00000030	00000000	00000000	00000000
usr/lib/modules/7.1.5-sp11-render-parity-v4+/kernel/drivers/i2c/busses/i2c-synquacer.ko.zst	00000736	000081a4	000003e8	000003e8	00000001	6a7f656d	00000000	00000030	00000000	00000000	00000000
usr/lib/modules/7.1.5-sp11-render-parity-v4+/kernel/drivers/i2c/busses/i2c-taos-evm.ko.zst	00000737	000081a4	000003e8	000003e8	00000001	6a7f656e	00000000	00000030	00000000	00000000	00000000
usr/lib/modules/7.1.5-sp11-render-parity-v4+/kernel/drivers/i2c/busses/i2c-tegra-bpmp.ko.zst	00000738	000081a4	000003e8	000003e8	00000001	6a7f656d	00000000	00000030	00000000	00000000	00000000
usr/lib/modules/7.1.5-sp11-render-parity-v4+/kernel/drivers/i2c/busses/i2c-tegra.ko.zst	00000739	000081a4	000003e8	000003e8	00000001	6a7f656d	00000000	00000030	00000000	00000000	00000000
usr/lib/modules/7.1.5-sp11-render-parity-v4+/kernel/drivers/i2c/busses/i2c-thunderx.ko.zst	0000073a	000081a4	000003e8	000003e8	00000001	6a7f656d	00000000	00000030	00000000	00000000	00000000
usr/lib/modules/7.1.5-sp11-render-parity-v4+/kernel/drivers/i2c/busses/i2c-tiny-usb.ko.zst	0000073b	000081a4	000003e8	000003e8	00000001	6a7f656e	00000000	00000030	00000000	00000000	00000000
usr/lib/modules/7.1.5-sp11-render-parity-v4+/kernel/drivers/i2c/busses/i2c-versatile.ko.zst	0000073c	000081a4	000003e8	000003e8	00000001	6a7f656d	00000000	00000030	00000000	00000000	00000000
usr/lib/modules/7.1.5-sp11-render-parity-v4+/kernel/drivers/i2c/busses/i2c-via.ko.zst	0000073f	000081a4	000003e8	000003e8	00000001	6a7f656c	00000000	00000030	00000000	00000000	00000000
usr/lib/modules/7.1.5-sp11-render-parity-v4+/kernel/drivers/i2c/busses/i2c-viai2c-common.ko.zst	0000073d	000081a4	000003e8	000003e8	00000001	6a7f656c	00000000	00000030	00000000	00000000	00000000
usr/lib/modules/7.1.5-sp11-render-parity-v4+/kernel/drivers/i2c/busses/i2c-viai2c-zhaoxin.ko.zst	0000073e	000081a4	000003e8	000003e8	00000001	6a7f656c	00000000	00000030	00000000	00000000	00000000
usr/lib/modules/7.1.5-sp11-render-parity-v4+/kernel/drivers/i2c/busses/i2c-viapro.ko.zst	00000740	000081a4	000003e8	000003e8	00000001	6a7f656c	00000000	00000030	00000000	00000000	00000000
usr/lib/modules/7.1.5-sp11-render-parity-v4+/kernel/drivers/i2c/busses/i2c-viperboard.ko.zst	00000741	000081a4	000003e8	000003e8	00000001	6a7f656e	00000000	00000030	00000000	00000000	00000000
usr/lib/modules/7.1.5-sp11-render-parity-v4+/kernel/drivers/i2c/busses/i2c-virtio.ko.zst	00000742	000081a4	000003e8	000003e8	00000001	6a7f656e	00000000	00000030	00000000	00000000	00000000
usr/lib/modules/7.1.5-sp11-render-parity-v4+/kernel/drivers/i2c/busses/i2c-xgene-slimpro.ko.zst	00000743	000081a4	000003e8	000003e8	00000001	6a7f656e	00000000	00000030	00000000	00000000	00000000
usr/lib/modules/7.1.5-sp11-render-parity-v4+/kernel/drivers/i2c/busses/i2c-xiic.ko.zst	00000744	000081a4	000003e8	000003e8	00000001	6a7f656d	00000000	00000030	00000000	00000000	00000000
usr/lib/modules/7.1.5-sp11-render-parity-v4+/kernel/drivers/i2c/busses/i2c-xlp9xx.ko.zst	00000745	000081a4	000003e8	000003e8	00000001	6a7f656d	00000000	00000030	00000000	00000000	00000000
usr/lib/modules/7.1.5-sp11-render-parity-v4+/kernel/drivers/i2c/i2c-mux.ko.zst	00000746	000081a4	000003e8	000003e8	00000001	6a7f656e	00000000	00000030	00000000	00000000	00000000
usr/lib/modules/7.1.5-sp11-render-parity-v4+/kernel/drivers/i2c/i2c-smbus.ko.zst	00000747	000081a4	000003e8	000003e8	00000001	6a7f656e	00000000	00000030	00000000	00000000	00000000
usr/lib/modules/7.1.5-sp11-render-parity-v4+/kernel/drivers/i2c/muxes	00000748	000041ed	000003e8	000003e8	00000002	6a8eba6d	00000000	00000030	00000000	00000000	00000000
usr/lib/modules/7.1.5-sp11-render-parity-v4+/kernel/drivers/i2c/muxes/i2c-arb-gpio-challenge.ko.zst	00000749	000081a4	000003e8	000003e8	00000001	6a7f656e	00000000	00000030	00000000	00000000	00000000
usr/lib/modules/7.1.5-sp11-render-parity-v4+/kernel/drivers/i2c/muxes/i2c-demux-pinctrl.ko.zst	0000074a	000081a4	000003e8	000003e8	00000001	6a7f656e	00000000	00000030	00000000	00000000	00000000
usr/lib/modules/7.1.5-sp11-render-parity-v4+/kernel/drivers/i2c/muxes/i2c-mux-gpio.ko.zst	0000074b	000081a4	000003e8	000003e8	00000001	6a7f656e	00000000	00000030	00000000	00000000	00000000
usr/lib/modules/7.1.5-sp11-render-parity-v4+/kernel/drivers/i2c/muxes/i2c-mux-gpmux.ko.zst	0000074c	000081a4	000003e8	000003e8	00000001	6a7f656e	00000000	00000030	00000000	00000000	00000000
usr/lib/modules/7.1.5-sp11-render-parity-v4+/kernel/drivers/i2c/muxes/i2c-mux-ltc4306.ko.zst	0000074d	000081a4	000003e8	000003e8	00000001	6a7f656e	00000000	00000030	00000000	00000000	00000000
usr/lib/modules/7.1.5-sp11-render-parity-v4+/kernel/drivers/i2c/muxes/i2c-mux-mlxcpld.ko.zst	0000074e	000081a4	000003e8	000003e8	00000001	6a7f656e	00000000	00000030	00000000	00000000	00000000
usr/lib/modules/7.1.5-sp11-render-parity-v4+/kernel/drivers/i2c/muxes/i2c-mux-pca9541.ko.zst	0000074f	000081a4	000003e8	000003e8	00000001	6a7f656e	00000000	00000030	00000000	00000000	00000000
usr/lib/modules/7.1.5-sp11-render-parity-v4+/kernel/drivers/i2c/muxes/i2c-mux-pca954x.ko.zst	00000750	000081a4	000003e8	000003e8	00000001	6a7f656e	00000000	00000030	00000000	00000000	00000000
usr/lib/modules/7.1.5-sp11-render-parity-v4+/kernel/drivers/i2c/muxes/i2c-mux-pinctrl.ko.zst	00000751	000081a4	000003e8	000003e8	00000001	6a7f656e	00000000	00000030	00000000	00000000	00000000
usr/lib/modules/7.1.5-sp11-render-parity-v4+/kernel/drivers/i2c/muxes/i2c-mux-reg.ko.zst	00000752	000081a4	000003e8	000003e8	00000001	6a7f656e	00000000	00000030	00000000	00000000	00000000
usr/lib/modules/7.1.5-sp11-render-parity-v4+/kernel/drivers/iio	00000753	000041ed	000003e8	000003e8	00000003	6a8eba6d	00000000	00000030	00000000	00000000	00000000
usr/lib/modules/7.1.5-sp11-render-parity-v4+/kernel/drivers/iio/common	00000754	000041ed	000003e8	000003e8	00000003	6a8eba6d	00000000	00000030	00000000	00000000	00000000
usr/lib/modules/7.1.5-sp11-render-parity-v4+/kernel/drivers/iio/common/hid-sensors	00000755	000041ed	000003e8	000003e8	00000002	6a8eba6d	00000000	00000030	00000000	00000000	00000000
usr/lib/modules/7.1.5-sp11-render-parity-v4+/kernel/drivers/iio/common/hid-sensors/hid-sensor-iio-common.ko.zst	00000756	000081a4	000003e8	000003e8	00000001	6a7f65b3	00000000	00000030	00000000	00000000	00000000
usr/lib/modules/7.1.5-sp11-render-parity-v4+/kernel/drivers/iio/industrialio.ko.zst	00000757	000081a4	000003e8	000003e8	00000001	6a7f65bb	00000000	00000030	00000000	00000000	00000000
usr/lib/modules/7.1.5-sp11-render-parity-v4+/kernel/drivers/infiniband	00000758	000041ed	000003e8	000003e8	00000005	6a8eba6d	00000000	00000030	00000000	00000000	00000000
usr/lib/modules/7.1.5-sp11-render-parity-v4+/kernel/drivers/infiniband/core	00000759	000041ed	000003e8	000003e8	00000002	6a8eba6d	00000000	00000030	00000000	00000000	00000000
usr/lib/modules/7.1.5-sp11-render-parity-v4+/kernel/drivers/infiniband/core/ib_cm.ko.zst	0000075a	000081a4	000003e8	000003e8	00000001	6a7f65a8	00000000	00000030	00000000	00000000	00000000
usr/lib/modules/7.1.5-sp11-render-parity-v4+/kernel/drivers/infiniband/core/ib_core.ko.zst	0000075b	000081a4	000003e8	000003e8	00000001	6a7f65a8	00000000	00000030	00000000	00000000	00000000
usr/lib/modules/7.1.5-sp11-render-parity-v4+/kernel/drivers/infiniband/core/ib_uverbs.ko.zst	0000075c	000081a4	000003e8	000003e8	00000001	6a7f65a8	00000000	00000030	00000000	00000000	00000000
usr/lib/modules/7.1.5-sp11-render-parity-v4+/kernel/drivers/infiniband/core/iw_cm.ko.zst	0000075d	000081a4	000003e8	000003e8	00000001	6a7f65a8	00000000	00000030	00000000	00000000	00000000
usr/lib/modules/7.1.5-sp11-render-parity-v4+/kernel/drivers/infiniband/core/rdma_cm.ko.zst	0000075e	000081a4	000003e8	000003e8	00000001	6a7f65a8	00000000	00000030	00000000	00000000	00000000
usr/lib/modules/7.1.5-sp11-render-parity-v4+/kernel/drivers/infiniband/hw	0000075f	000041ed	000003e8	000003e8	00000004	6a8eba6d	00000000	00000030	00000000	00000000	00000000
usr/lib/modules/7.1.5-sp11-render-parity-v4+/kernel/drivers/infiniband/hw/mlx4	00000760	000041ed	000003e8	000003e8	00000002	6a8eba6d	00000000	00000030	00000000	00000000	00000000
usr/lib/modules/7.1.5-sp11-render-parity-v4+/kernel/drivers/infiniband/hw/mlx4/mlx4_ib.ko.zst	00000761	000081a4	000003e8	000003e8	00000001	6a7f65a8	00000000	00000030	00000000	00000000	00000000
usr/lib/modules/7.1.5-sp11-render-parity-v4+/kernel/drivers/infiniband/hw/mlx5	00000762	000041ed	000003e8	000003e8	00000002	6a8eba6d	00000000	00000030	00000000	00000000	00000000
usr/lib/modules/7.1.5-sp11-render-parity-v4+/kernel/drivers/infiniband/hw/mlx5/mlx5_ib.ko.zst	00000763	000081a4	000003e8	000003e8	00000001	6a7f65a8	00000000	00000030	00000000	00000000	00000000
usr/lib/modules/7.1.5-sp11-render-parity-v4+/kernel/drivers/infiniband/ulp	00000764	000041ed	000003e8	000003e8	00000003	6a8eba6d	00000000	00000030	00000000	00000000	00000000
usr/lib/modules/7.1.5-sp11-render-parity-v4+/kernel/drivers/infiniband/ulp/rtrs	00000765	000041ed	000003e8	000003e8	00000002	6a8eba6d	00000000	00000030	00000000	00000000	00000000
usr/lib/modules/7.1.5-sp11-render-parity-v4+/kernel/drivers/infiniband/ulp/rtrs/rtrs-client.ko.zst	00000766	000081a4	000003e8	000003e8	00000001	6a7f65a9	00000000	00000030	00000000	00000000	00000000
usr/lib/modules/7.1.5-sp11-render-parity-v4+/kernel/drivers/infiniband/ulp/rtrs/rtrs-core.ko.zst	00000767	000081a4	000003e8	000003e8	00000001	6a7f65a9	00000000	00000030	00000000	00000000	00000000
usr/lib/modules/7.1.5-sp11-render-parity-v4+/kernel/drivers/input	00000768	000041ed	000003e8	000003e8	00000006	6a8eba6d	00000000	00000030	00000000	00000000	00000000
usr/lib/modules/7.1.5-sp11-render-parity-v4+/kernel/drivers/input/ff-memless.ko.zst	00000769	000081a4	000003e8	000003e8	00000001	6a7f6568	00000000	00000030	00000000	00000000	00000000
usr/lib/modules/7.1.5-sp11-render-parity-v4+/kernel/drivers/input/keyboard	0000076a	000041ed	000003e8	000003e8	00000002	6a8eba6d	00000000	00000030	00000000	00000000	00000000
usr/lib/modules/7.1.5-sp11-render-parity-v4+/kernel/drivers/input/keyboard/adc-keys.ko.zst	0000076b	000081a4	000003e8	000003e8	00000001	6a7f6562	00000000	00000030	00000000	00000000	00000000
usr/lib/modules/7.1.5-sp11-render-parity-v4+/kernel/drivers/input/keyboard/adp5520-keys.ko.zst	0000076c	000081a4	000003e8	000003e8	00000001	6a7f6562	00000000	00000030	00000000	00000000	00000000
usr/lib/modules/7.1.5-sp11-render-parity-v4+/kernel/drivers/input/keyboard/adp5588-keys.ko.zst	0000076d	000081a4	000003e8	000003e8	00000001	6a7f6562	00000000	00000030	00000000	00000000	00000000
usr/lib/modules/7.1.5-sp11-render-parity-v4+/kernel/drivers/input/keyboard/bcm-keypad.ko.zst	0000076e	000081a4	000003e8	000003e8	00000001	6a7f6562	00000000	00000030	00000000	00000000	00000000
usr/lib/modules/7.1.5-sp11-render-parity-v4+/kernel/drivers/input/keyboard/cap11xx.ko.zst	0000076f	000081a4	000003e8	000003e8	00000001	6a7f6562	00000000	00000030	00000000	00000000	00000000
usr/lib/modules/7.1.5-sp11-render-parity-v4+/kernel/drivers/input/keyboard/cros_ec_keyb.ko.zst	00000770	000081a4	000003e8	000003e8	00000001	6a7f6562	00000000	00000030	00000000	00000000	00000000
usr/lib/modules/7.1.5-sp11-render-parity-v4+/kernel/drivers/input/keyboard/cypress-sf.ko.zst	00000771	000081a4	000003e8	000003e8	00000001	6a7f6562	00000000	00000030	00000000	00000000	00000000
usr/lib/modules/7.1.5-sp11-render-parity-v4+/kernel/drivers/input/keyboard/dlink-dir685-touchkeys.ko.zst	00000772	000081a4	000003e8	000003e8	00000001	6a7f6562	00000000	00000030	00000000	00000000	00000000
usr/lib/modules/7.1.5-sp11-render-parity-v4+/kernel/drivers/input/keyboard/gpio_keys.ko.zst	00000773	000081a4	000003e8	000003e8	00000001	6a7f6562	00000000	00000030	00000000	00000000	00000000
usr/lib/modules/7.1.5-sp11-render-parity-v4+/kernel/drivers/input/keyboard/gpio_keys_polled.ko.zst	00000774	000081a4	000003e8	000003e8	00000001	6a7f6562	00000000	00000030	00000000	00000000	00000000
usr/lib/modules/7.1.5-sp11-render-parity-v4+/kernel/drivers/input/keyboard/imx_keypad.ko.zst	00000775	000081a4	000003e8	000003e8	00000001	6a7f6562	00000000	00000030	00000000	00000000	00000000
usr/lib/modules/7.1.5-sp11-render-parity-v4+/kernel/drivers/input/keyboard/imx_sc_key.ko.zst	00000776	000081a4	000003e8	000003e8	00000001	6a7f6562	00000000	00000030	00000000	00000000	00000000
usr/lib/modules/7.1.5-sp11-render-parity-v4+/kernel/drivers/input/keyboard/iqs62x-keys.ko.zst	00000777	000081a4	000003e8	000003e8	00000001	6a7f6562	00000000	00000030	00000000	00000000	00000000
usr/lib/modules/7.1.5-sp11-render-parity-v4+/kernel/drivers/input/keyboard/lkkbd.ko.zst	00000778	000081a4	000003e8	000003e8	00000001	6a7f6562	00000000	00000030	00000000	00000000	00000000
usr/lib/modules/7.1.5-sp11-render-parity-v4+/kernel/drivers/input/keyboard/lm8323.ko.zst	00000779	000081a4	000003e8	000003e8	00000001	6a7f6562	00000000	00000030	00000000	00000000	00000000
usr/lib/modules/7.1.5-sp11-render-parity-v4+/kernel/drivers/input/keyboard/lm8333.ko.zst	0000077a	000081a4	000003e8	000003e8	00000001	6a7f6562	00000000	00000030	00000000	00000000	00000000
usr/lib/modules/7.1.5-sp11-render-parity-v4+/kernel/drivers/input/keyboard/matrix_keypad.ko.zst	0000077b	000081a4	000003e8	000003e8	00000001	6a7f6562	00000000	00000030	00000000	00000000	00000000
usr/lib/modules/7.1.5-sp11-render-parity-v4+/kernel/drivers/input/keyboard/max7359_keypad.ko.zst	0000077c	000081a4	000003e8	000003e8	00000001	6a7f6562	00000000	00000030	00000000	00000000	00000000
usr/lib/modules/7.1.5-sp11-render-parity-v4+/kernel/drivers/input/keyboard/mpr121_touchkey.ko.zst	0000077d	000081a4	000003e8	000003e8	00000001	6a7f6562	00000000	00000030	00000000	00000000	00000000
usr/lib/modules/7.1.5-sp11-render-parity-v4+/kernel/drivers/input/keyboard/mt6779-keypad.ko.zst	0000077e	000081a4	000003e8	000003e8	00000001	6a7f6563	00000000	00000030	00000000	00000000	00000000
usr/lib/modules/7.1.5-sp11-render-parity-v4+/kernel/drivers/input/keyboard/mtk-pmic-keys.ko.zst	0000077f	000081a4	000003e8	000003e8	00000001	6a7f6563	00000000	00000030	00000000	00000000	00000000
usr/lib/modules/7.1.5-sp11-render-parity-v4+/kernel/drivers/input/keyboard/newtonkbd.ko.zst	00000780	000081a4	000003e8	000003e8	00000001	6a7f6563	00000000	00000030	00000000	00000000	00000000
usr/lib/modules/7.1.5-sp11-render-parity-v4+/kernel/drivers/input/keyboard/omap4-keypad.ko.zst	00000781	000081a4	000003e8	000003e8	00000001	6a7f6563	00000000	00000030	00000000	00000000	00000000
usr/lib/modules/7.1.5-sp11-render-parity-v4+/kernel/drivers/input/keyboard/opencores-kbd.ko.zst	00000782	000081a4	000003e8	000003e8	00000001	6a7f6563	00000000	00000030	00000000	00000000	00000000
usr/lib/modules/7.1.5-sp11-render-parity-v4+/kernel/drivers/input/keyboard/pinephone-keyboard.ko.zst	00000783	000081a4	000003e8	000003e8	00000001	6a7f6563	00000000	00000030	00000000	00000000	00000000
usr/lib/modules/7.1.5-sp11-render-parity-v4+/kernel/drivers/input/keyboard/qt1050.ko.zst	00000784	000081a4	000003e8	000003e8	00000001	6a7f6563	00000000	00000030	00000000	00000000	00000000
usr/lib/modules/7.1.5-sp11-render-parity-v4+/kernel/drivers/input/keyboard/qt1070.ko.zst	00000785	000081a4	000003e8	000003e8	00000001	6a7f6563	00000000	00000030	00000000	00000000	00000000
usr/lib/modules/7.1.5-sp11-render-parity-v4+/kernel/drivers/input/keyboard/qt2160.ko.zst	00000786	000081a4	000003e8	000003e8	00000001	6a7f6563	00000000	00000030	00000000	00000000	00000000
usr/lib/modules/7.1.5-sp11-render-parity-v4+/kernel/drivers/input/keyboard/samsung-keypad.ko.zst	00000787	000081a4	000003e8	000003e8	00000001	6a7f6563	00000000	00000030	00000000	00000000	00000000
usr/lib/modules/7.1.5-sp11-render-parity-v4+/kernel/drivers/input/keyboard/snvs_pwrkey.ko.zst	00000788	000081a4	000003e8	000003e8	00000001	6a7f6563	00000000	00000030	00000000	00000000	00000000
usr/lib/modules/7.1.5-sp11-render-parity-v4+/kernel/drivers/input/keyboard/stmpe-keypad.ko.zst	00000789	000081a4	000003e8	000003e8	00000001	6a7f6563	00000000	00000030	00000000	00000000	00000000
usr/lib/modules/7.1.5-sp11-render-parity-v4+/kernel/drivers/input/keyboard/stowaway.ko.zst	0000078a	000081a4	000003e8	000003e8	00000001	6a7f6563	00000000	00000030	00000000	00000000	00000000
usr/lib/modules/7.1.5-sp11-render-parity-v4+/kernel/drivers/input/keyboard/sunkbd.ko.zst	0000078b	000081a4	000003e8	000003e8	00000001	6a7f6563	00000000	00000030	00000000	00000000	00000000
usr/lib/modules/7.1.5-sp11-render-parity-v4+/kernel/drivers/input/keyboard/tc3589x-keypad.ko.zst	0000078c	000081a4	000003e8	000003e8	00000001	6a7f6563	00000000	00000030	00000000	00000000	00000000
usr/lib/modules/7.1.5-sp11-render-parity-v4+/kernel/drivers/input/keyboard/tca8418_keypad.ko.zst	0000078d	000081a4	000003e8	000003e8	00000001	6a7f6562	00000000	00000030	00000000	00000000	00000000
usr/lib/modules/7.1.5-sp11-render-parity-v4+/kernel/drivers/input/keyboard/tegra-kbc.ko.zst	0000078e	000081a4	000003e8	000003e8	00000001	6a7f6563	00000000	00000030	00000000	00000000	00000000
usr/lib/modules/7.1.5-sp11-render-parity-v4+/kernel/drivers/input/keyboard/tm2-touchkey.ko.zst	0000078f	000081a4	000003e8	000003e8	00000001	6a7f6563	00000000	00000030	00000000	00000000	00000000
usr/lib/modules/7.1.5-sp11-render-parity-v4+/kernel/drivers/input/keyboard/twl4030_keypad.ko.zst	00000790	000081a4	000003e8	000003e8	00000001	6a7f6563	00000000	00000030	00000000	00000000	00000000
usr/lib/modules/7.1.5-sp11-render-parity-v4+/kernel/drivers/input/keyboard/xtkbd.ko.zst	00000791	000081a4	000003e8	000003e8	00000001	6a7f6563	00000000	00000030	00000000	00000000	00000000
usr/lib/modules/7.1.5-sp11-render-parity-v4+/kernel/drivers/input/matrix-keymap.ko.zst	00000792	000081a4	000003e8	000003e8	00000001	6a7f6568	00000000	00000030	00000000	00000000	00000000
usr/lib/modules/7.1.5-sp11-render-parity-v4+/kernel/drivers/input/mouse	00000793	000041ed	000003e8	000003e8	00000002	6a8eba6d	00000000	00000030	00000000	00000000	00000000
usr/lib/modules/7.1.5-sp11-render-parity-v4+/kernel/drivers/input/mouse/psmouse.ko.zst	00000794	000081a4	000003e8	000003e8	00000001	6a7f6563	00000000	00000030	00000000	00000000	00000000
usr/lib/modules/7.1.5-sp11-render-parity-v4+/kernel/drivers/input/rmi4	00000795	000041ed	000003e8	000003e8	00000002	6a8eba6d	00000000	00000030	00000000	00000000	00000000
usr/lib/modules/7.1.5-sp11-render-parity-v4+/kernel/drivers/input/rmi4/rmi_core.ko.zst	00000796	000081a4	000003e8	000003e8	00000001	6a7f6569	00000000	00000030	00000000	00000000	00000000
usr/lib/modules/7.1.5-sp11-render-parity-v4+/kernel/drivers/input/serio	00000797	000041ed	000003e8	000003e8	00000002	6a8eba6d	00000000	00000030	00000000	00000000	00000000
usr/lib/modules/7.1.5-sp11-render-parity-v4+/kernel/drivers/input/serio/altera_ps2.ko.zst	00000798	000081a4	000003e8	000003e8	00000001	6a7f6562	00000000	00000030	00000000	00000000	00000000
usr/lib/modules/7.1.5-sp11-render-parity-v4+/kernel/drivers/input/serio/ambakmi.ko.zst	00000799	000081a4	000003e8	000003e8	00000001	6a7f6562	00000000	00000030	00000000	00000000	00000000
usr/lib/modules/7.1.5-sp11-render-parity-v4+/kernel/drivers/input/serio/apbps2.ko.zst	0000079a	000081a4	000003e8	000003e8	00000001	6a7f6562	00000000	00000030	00000000	00000000	00000000
usr/lib/modules/7.1.5-sp11-render-parity-v4+/kernel/drivers/input/serio/arc_ps2.ko.zst	0000079b	000081a4	000003e8	000003e8	00000001	6a7f6562	00000000	00000030	00000000	00000000	00000000
usr/lib/modules/7.1.5-sp11-render-parity-v4+/kernel/drivers/input/serio/parkbd.ko.zst	0000079c	000081a4	000003e8	000003e8	00000001	6a7f6562	00000000	00000030	00000000	00000000	00000000
usr/lib/modules/7.1.5-sp11-render-parity-v4+/kernel/drivers/input/serio/pcips2.ko.zst	0000079d	000081a4	000003e8	000003e8	00000001	6a7f6562	00000000	00000030	00000000	00000000	00000000
usr/lib/modules/7.1.5-sp11-render-parity-v4+/kernel/drivers/input/serio/ps2-gpio.ko.zst	0000079e	000081a4	000003e8	000003e8	00000001	6a7f6562	00000000	00000030	00000000	00000000	00000000
usr/lib/modules/7.1.5-sp11-render-parity-v4+/kernel/drivers/input/serio/ps2mult.ko.zst	0000079f	000081a4	000003e8	000003e8	00000001	6a7f6562	00000000	00000030	00000000	00000000	00000000
usr/lib/modules/7.1.5-sp11-render-parity-v4+/kernel/drivers/input/serio/serio_raw.ko.zst	000007a0	000081a4	000003e8	000003e8	00000001	6a7f6562	00000000	00000030	00000000	00000000	00000000
usr/lib/modules/7.1.5-sp11-render-parity-v4+/kernel/drivers/input/serio/serport.ko.zst	000007a1	000081a4	000003e8	000003e8	00000001	6a7f6562	00000000	00000030	00000000	00000000	00000000
usr/lib/modules/7.1.5-sp11-render-parity-v4+/kernel/drivers/input/serio/userio.ko.zst	000007a2	000081a4	000003e8	000003e8	00000001	6a7f6562	00000000	00000030	00000000	00000000	00000000
usr/lib/modules/7.1.5-sp11-render-parity-v4+/kernel/drivers/interconnect	000007a3	000041ed	000003e8	000003e8	00000005	6a8eba6d	00000000	00000030	00000000	00000000	00000000
usr/lib/modules/7.1.5-sp11-render-parity-v4+/kernel/drivers/interconnect/imx	000007a4	000041ed	000003e8	000003e8	00000002	6a8eba6d	00000000	00000030	00000000	00000000	00000000
usr/lib/modules/7.1.5-sp11-render-parity-v4+/kernel/drivers/interconnect/imx/imx-interconnect.ko.zst	000007a9	000081a4	000003e8	000003e8	00000001	6a7f65a2	00000000	00000030	00000000	00000000	00000000
usr/lib/modules/7.1.5-sp11-render-parity-v4+/kernel/drivers/interconnect/imx/imx8mm-interconnect.ko.zst	000007a5	000081a4	000003e8	000003e8	00000001	6a7f65a2	00000000	00000030	00000000	00000000	00000000
usr/lib/modules/7.1.5-sp11-render-parity-v4+/kernel/drivers/interconnect/imx/imx8mn-interconnect.ko.zst	000007a6	000081a4	000003e8	000003e8	00000001	6a7f65a2	00000000	00000030	00000000	00000000	00000000
usr/lib/modules/7.1.5-sp11-render-parity-v4+/kernel/drivers/interconnect/imx/imx8mp-interconnect.ko.zst	000007a7	000081a4	000003e8	000003e8	00000001	6a7f65a2	00000000	00000030	00000000	00000000	00000000
usr/lib/modules/7.1.5-sp11-render-parity-v4+/kernel/drivers/interconnect/imx/imx8mq-interconnect.ko.zst	000007a8	000081a4	000003e8	000003e8	00000001	6a7f65a2	00000000	00000030	00000000	00000000	00000000
usr/lib/modules/7.1.5-sp11-render-parity-v4+/kernel/drivers/interconnect/mediatek	000007aa	000041ed	000003e8	000003e8	00000002	6a8eba6d	00000000	00000030	00000000	00000000	00000000
usr/lib/modules/7.1.5-sp11-render-parity-v4+/kernel/drivers/interconnect/mediatek/icc-emi.ko.zst	000007ab	000081a4	000003e8	000003e8	00000001	6a7f65a1	00000000	00000030	00000000	00000000	00000000
usr/lib/modules/7.1.5-sp11-render-parity-v4+/kernel/drivers/interconnect/mediatek/mt8183.ko.zst	000007ac	000081a4	000003e8	000003e8	00000001	6a7f65a1	00000000	00000030	00000000	00000000	00000000
usr/lib/modules/7.1.5-sp11-render-parity-v4+/kernel/drivers/interconnect/mediatek/mt8195.ko.zst	000007ad	000081a4	000003e8	000003e8	00000001	6a7f65a1	00000000	00000030	00000000	00000000	00000000
usr/lib/modules/7.1.5-sp11-render-parity-v4+/kernel/drivers/interconnect/mediatek/mt8196.ko.zst	000007ae	000081a4	000003e8	000003e8	00000001	6a7f65a1	00000000	00000030	00000000	00000000	00000000
usr/lib/modules/7.1.5-sp11-render-parity-v4+/kernel/drivers/interconnect/qcom	000007af	000041ed	000003e8	000003e8	00000002	6a8eba6d	00000000	00000030	00000000	00000000	00000000
usr/lib/modules/7.1.5-sp11-render-parity-v4+/kernel/drivers/interconnect/qcom/icc-osm-l3.ko.zst	000007b0	000081a4	000003e8	000003e8	00000001	6a7f65a1	00000000	00000030	00000000	00000000	00000000
usr/lib/modules/7.1.5-sp11-render-parity-v4+/kernel/drivers/interconnect/qcom/icc-smd-rpm.ko.zst	000007b1	000081a4	000003e8	000003e8	00000001	6a7f65a2	00000000	00000030	00000000	00000000	00000000
usr/lib/modules/7.1.5-sp11-render-parity-v4+/kernel/drivers/interconnect/qcom/qnoc-kaanapali.ko.zst	000007b2	000081a4	000003e8	000003e8	00000001	6a7f65a1	00000000	00000030	00000000	00000000	00000000
usr/lib/modules/7.1.5-sp11-render-parity-v4+/kernel/drivers/interconnect/qcom/qnoc-msm8909.ko.zst	000007b3	000081a4	000003e8	000003e8	00000001	6a7f65a1	00000000	00000030	00000000	00000000	00000000
usr/lib/modules/7.1.5-sp11-render-parity-v4+/kernel/drivers/interconnect/qcom/qnoc-msm8916.ko.zst	000007b4	000081a4	000003e8	000003e8	00000001	6a7f65a1	00000000	00000030	00000000	00000000	00000000
usr/lib/modules/7.1.5-sp11-render-parity-v4+/kernel/drivers/interconnect/qcom/qnoc-msm8937.ko.zst	000007b5	000081a4	000003e8	000003e8	00000001	6a7f65a1	00000000	00000030	00000000	00000000	00000000
usr/lib/modules/7.1.5-sp11-render-parity-v4+/kernel/drivers/interconnect/qcom/qnoc-msm8939.ko.zst	000007b6	000081a4	000003e8	000003e8	00000001	6a7f65a1	00000000	00000030	00000000	00000000	00000000
usr/lib/modules/7.1.5-sp11-render-parity-v4+/kernel/drivers/interconnect/qcom/qnoc-msm8953.ko.zst	000007b7	000081a4	000003e8	000003e8	00000001	6a7f65a1	00000000	00000030	00000000	00000000	00000000
usr/lib/modules/7.1.5-sp11-render-parity-v4+/kernel/drivers/interconnect/qcom/qnoc-msm8974.ko.zst	000007b8	000081a4	000003e8	000003e8	00000001	6a7f65a1	00000000	00000030	00000000	00000000	00000000
usr/lib/modules/7.1.5-sp11-render-parity-v4+/kernel/drivers/interconnect/qcom/qnoc-msm8976.ko.zst	000007b9	000081a4	000003e8	000003e8	00000001	6a7f65a1	00000000	00000030	00000000	00000000	00000000
usr/lib/modules/7.1.5-sp11-render-parity-v4+/kernel/drivers/interconnect/qcom/qnoc-msm8996.ko.zst	000007ba	000081a4	000003e8	000003e8	00000001	6a7f65a1	00000000	00000030	00000000	00000000	00000000
usr/lib/modules/7.1.5-sp11-render-parity-v4+/kernel/drivers/interconnect/qcom/qnoc-qcm2290.ko.zst	000007bb	000081a4	000003e8	000003e8	00000001	6a7f65a2	00000000	00000030	00000000	00000000	00000000
usr/lib/modules/7.1.5-sp11-render-parity-v4+/kernel/drivers/interconnect/qcom/qnoc-qcs404.ko.zst	000007bc	000081a4	000003e8	000003e8	00000001	6a7f65a2	00000000	00000030	00000000	00000000	00000000
usr/lib/modules/7.1.5-sp11-render-parity-v4+/kernel/drivers/interconnect/qcom/qnoc-qcs615.ko.zst	000007bd	000081a4	000003e8	000003e8	00000001	6a7f65a2	00000000	00000030	00000000	00000000	00000000
usr/lib/modules/7.1.5-sp11-render-parity-v4+/kernel/drivers/interconnect/qcom/qnoc-qcs8300.ko.zst	000007be	000081a4	000003e8	000003e8	00000001	6a7f65a2	00000000	00000030	00000000	00000000	00000000
usr/lib/modules/7.1.5-sp11-render-parity-v4+/kernel/drivers/interconnect/qcom/qnoc-qdu1000.ko.zst	000007bf	000081a4	000003e8	000003e8	00000001	6a7f65a2	00000000	00000030	00000000	00000000	00000000
usr/lib/modules/7.1.5-sp11-render-parity-v4+/kernel/drivers/interconnect/qcom/qnoc-sa8775p.ko.zst	000007c0	000081a4	000003e8	000003e8	00000001	6a7f65a2	00000000	00000030	00000000	00000000	00000000
usr/lib/modules/7.1.5-sp11-render-parity-v4+/kernel/drivers/interconnect/qcom/qnoc-sar2130p.ko.zst	000007c1	000081a4	000003e8	000003e8	00000001	6a7f65a2	00000000	00000030	00000000	00000000	00000000
usr/lib/modules/7.1.5-sp11-render-parity-v4+/kernel/drivers/interconnect/qcom/qnoc-sc7180.ko.zst	000007c2	000081a4	000003e8	000003e8	00000001	6a7f65a2	00000000	00000030	00000000	00000000	00000000
usr/lib/modules/7.1.5-sp11-render-parity-v4+/kernel/drivers/interconnect/qcom/qnoc-sc7280.ko.zst	000007c3	000081a4	000003e8	000003e8	00000001	6a7f65a2	00000000	00000030	00000000	00000000	00000000
usr/lib/modules/7.1.5-sp11-render-parity-v4+/kernel/drivers/interconnect/qcom/qnoc-sc8180x.ko.zst	000007c4	000081a4	000003e8	000003e8	00000001	6a7f65a2	00000000	00000030	00000000	00000000	00000000
usr/lib/modules/7.1.5-sp11-render-parity-v4+/kernel/drivers/interconnect/qcom/qnoc-sc8280xp.ko.zst	000007c5	000081a4	000003e8	000003e8	00000001	6a7f65a2	00000000	00000030	00000000	00000000	00000000
usr/lib/modules/7.1.5-sp11-render-parity-v4+/kernel/drivers/interconnect/qcom/qnoc-sdm660.ko.zst	000007c6	000081a4	000003e8	000003e8	00000001	6a7f65a2	00000000	00000030	00000000	00000000	00000000
usr/lib/modules/7.1.5-sp11-render-parity-v4+/kernel/drivers/interconnect/qcom/qnoc-sdm670.ko.zst	000007c7	000081a4	000003e8	000003e8	00000001	6a7f65a2	00000000	00000030	00000000	00000000	00000000
usr/lib/modules/7.1.5-sp11-render-parity-v4+/kernel/drivers/interconnect/qcom/qnoc-sdm845.ko.zst	000007c8	000081a4	000003e8	000003e8	00000001	6a7f65a2	00000000	00000030	00000000	00000000	00000000
usr/lib/modules/7.1.5-sp11-render-parity-v4+/kernel/drivers/interconnect/qcom/qnoc-sdx55.ko.zst	000007c9	000081a4	000003e8	000003e8	00000001	6a7f65a2	00000000	00000030	00000000	00000000	00000000
usr/lib/modules/7.1.5-sp11-render-parity-v4+/kernel/drivers/interconnect/qcom/qnoc-sdx65.ko.zst	000007ca	000081a4	000003e8	000003e8	00000001	6a7f65a2	00000000	00000030	00000000	00000000	00000000
usr/lib/modules/7.1.5-sp11-render-parity-v4+/kernel/drivers/interconnect/qcom/qnoc-sdx75.ko.zst	000007cb	000081a4	000003e8	000003e8	00000001	6a7f65a2	00000000	00000030	00000000	00000000	00000000
usr/lib/modules/7.1.5-sp11-render-parity-v4+/kernel/drivers/interconnect/qcom/qnoc-sm6115.ko.zst	000007cc	000081a4	000003e8	000003e8	00000001	6a7f65a2	00000000	00000030	00000000	00000000	00000000
usr/lib/modules/7.1.5-sp11-render-parity-v4+/kernel/drivers/interconnect/qcom/qnoc-sm6350.ko.zst	000007cd	000081a4	000003e8	000003e8	00000001	6a7f65a2	00000000	00000030	00000000	00000000	00000000
usr/lib/modules/7.1.5-sp11-render-parity-v4+/kernel/drivers/interconnect/qcom/qnoc-sm7150.ko.zst	000007ce	000081a4	000003e8	000003e8	00000001	6a7f65a2	00000000	00000030	00000000	00000000	00000000
usr/lib/modules/7.1.5-sp11-render-parity-v4+/kernel/drivers/interconnect/qcom/qnoc-sm8150.ko.zst	000007cf	000081a4	000003e8	000003e8	00000001	6a7f65a2	00000000	00000030	00000000	00000000	00000000
usr/lib/modules/7.1.5-sp11-render-parity-v4+/kernel/drivers/interconnect/qcom/qnoc-sm8250.ko.zst	000007d0	000081a4	000003e8	000003e8	00000001	6a7f65a2	00000000	00000030	00000000	00000000	00000000
usr/lib/modules/7.1.5-sp11-render-parity-v4+/kernel/drivers/interconnect/qcom/qnoc-sm8350.ko.zst	000007d1	000081a4	000003e8	000003e8	00000001	6a7f65a2	00000000	00000030	00000000	00000000	00000000
usr/lib/modules/7.1.5-sp11-render-parity-v4+/kernel/drivers/interconnect/qcom/qnoc-sm8450.ko.zst	000007d2	000081a4	000003e8	000003e8	00000001	6a7f65a2	00000000	00000030	00000000	00000000	00000000
usr/lib/modules/7.1.5-sp11-render-parity-v4+/kernel/drivers/interconnect/qcom/qnoc-sm8550.ko.zst	000007d3	000081a4	000003e8	000003e8	00000001	6a7f65a2	00000000	00000030	00000000	00000000	00000000
usr/lib/modules/7.1.5-sp11-render-parity-v4+/kernel/drivers/interconnect/qcom/qnoc-sm8650.ko.zst	000007d4	000081a4	000003e8	000003e8	00000001	6a7f65a2	00000000	00000030	00000000	00000000	00000000
usr/lib/modules/7.1.5-sp11-render-parity-v4+/kernel/drivers/iommu	000007d5	000041ed	000003e8	000003e8	00000002	6a8eba6d	00000000	00000030	00000000	00000000	00000000
usr/lib/modules/7.1.5-sp11-render-parity-v4+/kernel/drivers/iommu/mtk_iommu.ko.zst	000007d6	000081a4	000003e8	000003e8	00000001	6a7f652e	00000000	00000030	00000000	00000000	00000000
usr/lib/modules/7.1.5-sp11-render-parity-v4+/kernel/drivers/leds	000007d7	000041ed	000003e8	000003e8	00000002	6a8eba6d	00000000	00000030	00000000	00000000	00000000
usr/lib/modules/7.1.5-sp11-render-parity-v4+/kernel/drivers/leds/led-class-multicolor.ko.zst	000007d8	000081a4	000003e8	000003e8	00000001	6a7f6517	00000000	00000030	00000000	00000000	00000000
usr/lib/modules/7.1.5-sp11-render-parity-v4+/kernel/drivers/mailbox	000007d9	000041ed	000003e8	000003e8	00000002	6a8eba6d	00000000	00000030	00000000	00000000	00000000
usr/lib/modules/7.1.5-sp11-render-parity-v4+/kernel/drivers/mailbox/arm_mhu.ko.zst	000007dc	000081a4	000003e8	000003e8	00000001	6a7f659e	00000000	00000030	00000000	00000000	00000000
usr/lib/modules/7.1.5-sp11-render-parity-v4+/kernel/drivers/mailbox/arm_mhu_db.ko.zst	000007db	000081a4	000003e8	000003e8	00000001	6a7f659e	00000000	00000030	00000000	00000000	00000000
usr/lib/modules/7.1.5-sp11-render-parity-v4+/kernel/drivers/mailbox/arm_mhuv2.ko.zst	000007dd	000081a4	000003e8	000003e8	00000001	6a7f659e	00000000	00000030	00000000	00000000	00000000
usr/lib/modules/7.1.5-sp11-render-parity-v4+/kernel/drivers/mailbox/arm_mhuv3.ko.zst	000007de	000081a4	000003e8	000003e8	00000001	6a7f659e	00000000	00000030	00000000	00000000	00000000
usr/lib/modules/7.1.5-sp11-render-parity-v4+/kernel/drivers/mailbox/armada-37xx-rwtm-mailbox.ko.zst	000007da	000081a4	000003e8	000003e8	00000001	6a7f659e	00000000	00000030	00000000	00000000	00000000
usr/lib/modules/7.1.5-sp11-render-parity-v4+/kernel/drivers/mailbox/hi3660-mailbox.ko.zst	000007df	000081a4	000003e8	000003e8	00000001	6a7f659e	00000000	00000030	00000000	00000000	00000000
usr/lib/modules/7.1.5-sp11-render-parity-v4+/kernel/drivers/mailbox/hi6220-mailbox.ko.zst	000007e0	000081a4	000003e8	000003e8	00000001	6a7f659e	00000000	00000030	00000000	00000000	00000000
usr/lib/modules/7.1.5-sp11-render-parity-v4+/kernel/drivers/mailbox/imx-mailbox.ko.zst	000007e1	000081a4	000003e8	000003e8	00000001	6a7f659e	00000000	00000030	00000000	00000000	00000000
usr/lib/modules/7.1.5-sp11-render-parity-v4+/kernel/drivers/mailbox/mailbox-altera.ko.zst	000007e2	000081a4	000003e8	000003e8	00000001	6a7f659e	00000000	00000030	00000000	00000000	00000000
usr/lib/modules/7.1.5-sp11-render-parity-v4+/kernel/drivers/mailbox/mailbox-test.ko.zst	000007e3	000081a4	000003e8	000003e8	00000001	6a7f659d	00000000	00000030	00000000	00000000	00000000
usr/lib/modules/7.1.5-sp11-render-parity-v4+/kernel/drivers/mailbox/mailbox-xgene-slimpro.ko.zst	000007e4	000081a4	000003e8	000003e8	00000001	6a7f659e	00000000	00000030	00000000	00000000	00000000
usr/lib/modules/7.1.5-sp11-render-parity-v4+/kernel/drivers/mailbox/mtk-adsp-mailbox.ko.zst	000007e5	000081a4	000003e8	000003e8	00000001	6a7f659e	00000000	00000030	00000000	00000000	00000000
usr/lib/modules/7.1.5-sp11-render-parity-v4+/kernel/drivers/mailbox/mtk-cmdq-mailbox.ko.zst	000007e6	000081a4	000003e8	000003e8	00000001	6a7f659e	00000000	00000030	00000000	00000000	00000000
usr/lib/modules/7.1.5-sp11-render-parity-v4+/kernel/drivers/mailbox/omap-mailbox.ko.zst	000007e7	000081a4	000003e8	000003e8	00000001	6a7f659e	00000000	00000030	00000000	00000000	00000000
usr/lib/modules/7.1.5-sp11-render-parity-v4+/kernel/drivers/mailbox/platform_mhu.ko.zst	000007e8	000081a4	000003e8	000003e8	00000001	6a7f659e	00000000	00000030	00000000	00000000	00000000
usr/lib/modules/7.1.5-sp11-render-parity-v4+/kernel/drivers/mailbox/qcom-cpucp-mbox.ko.zst	000007e9	000081a4	000003e8	000003e8	00000001	6a7f659e	00000000	00000030	00000000	00000000	00000000
usr/lib/modules/7.1.5-sp11-render-parity-v4+/kernel/drivers/mailbox/sprd-mailbox.ko.zst	000007ea	000081a4	000003e8	000003e8	00000001	6a7f659e	00000000	00000030	00000000	00000000	00000000
usr/lib/modules/7.1.5-sp11-render-parity-v4+/kernel/drivers/mcb	000007eb	000041ed	000003e8	000003e8	00000002	6a8eba6d	00000000	00000030	00000000	00000000	00000000
usr/lib/modules/7.1.5-sp11-render-parity-v4+/kernel/drivers/mcb/mcb.ko.zst	000007ec	000081a4	000003e8	000003e8	00000001	6a7f65bc	00000000	00000030	00000000	00000000	00000000
usr/lib/modules/7.1.5-sp11-render-parity-v4+/kernel/drivers/media	000007ed	000041ed	000003e8	000003e8	00000006	6a8eba6d	00000000	00000030	00000000	00000000	00000000
usr/lib/modules/7.1.5-sp11-render-parity-v4+/kernel/drivers/media/common	000007ee	000041ed	000003e8	000003e8	00000003	6a8eba6d	00000000	00000030	00000000	00000000	00000000
usr/lib/modules/7.1.5-sp11-render-parity-v4+/kernel/drivers/media/common/videobuf2	000007ef	000041ed	000003e8	000003e8	00000002	6a8eba6d	00000000	00000030	00000000	00000000	00000000
usr/lib/modules/7.1.5-sp11-render-parity-v4+/kernel/drivers/media/common/videobuf2/videobuf2-common.ko.zst	000007f0	000081a4	000003e8	000003e8	00000001	6a7f6579	00000000	00000030	00000000	00000000	00000000
usr/lib/modules/7.1.5-sp11-render-parity-v4+/kernel/drivers/media/common/videobuf2/videobuf2-memops.ko.zst	000007f1	000081a4	000003e8	000003e8	00000001	6a7f6579	00000000	00000030	00000000	00000000	00000000
usr/lib/modules/7.1.5-sp11-render-parity-v4+/kernel/drivers/media/common/videobuf2/videobuf2-v4l2.ko.zst	000007f2	000081a4	000003e8	000003e8	00000001	6a7f6579	00000000	00000030	00000000	00000000	00000000
usr/lib/modules/7.1.5-sp11-render-parity-v4+/kernel/drivers/media/common/videobuf2/videobuf2-vmalloc.ko.zst	000007f3	000081a4	000003e8	000003e8	00000001	6a7f6579	00000000	00000030	00000000	00000000	00000000
usr/lib/modules/7.1.5-sp11-render-parity-v4+/kernel/drivers/media/mc	000007f4	000041ed	000003e8	000003e8	00000002	6a8eba6d	00000000	00000030	00000000	00000000	00000000
usr/lib/modules/7.1.5-sp11-render-parity-v4+/kernel/drivers/media/mc/mc.ko.zst	000007f5	000081a4	000003e8	000003e8	00000001	6a7f6583	00000000	00000030	00000000	00000000	00000000
usr/lib/modules/7.1.5-sp11-render-parity-v4+/kernel/drivers/media/rc	000007f6	000041ed	000003e8	000003e8	00000002	6a8eba6d	00000000	00000030	00000000	00000000	00000000
usr/lib/modules/7.1.5-sp11-render-parity-v4+/kernel/drivers/media/rc/rc-core.ko.zst	000007f7	000081a4	000003e8	000003e8	00000001	6a7f6578	00000000	00000030	00000000	00000000	00000000
usr/lib/modules/7.1.5-sp11-render-parity-v4+/kernel/drivers/media/v4l2-core	000007f8	000041ed	000003e8	000003e8	00000002	6a8eba6d	00000000	00000030	00000000	00000000	00000000
usr/lib/modules/7.1.5-sp11-render-parity-v4+/kernel/drivers/media/v4l2-core/videodev.ko.zst	000007f9	000081a4	000003e8	000003e8	00000001	6a7f6583	00000000	00000030	00000000	00000000	00000000
usr/lib/modules/7.1.5-sp11-render-parity-v4+/kernel/drivers/memory	000007fa	000041ed	000003e8	000003e8	00000003	6a8eba6d	00000000	00000030	00000000	00000000	00000000
usr/lib/modules/7.1.5-sp11-render-parity-v4+/kernel/drivers/memory/dfl-emif.ko.zst	000007fb	000081a4	000003e8	000003e8	00000001	6a7f659f	00000000	00000030	00000000	00000000	00000000
usr/lib/modules/7.1.5-sp11-render-parity-v4+/kernel/drivers/memory/mtk-smi.ko.zst	000007fc	000081a4	000003e8	000003e8	00000001	6a7f659f	00000000	00000030	00000000	00000000	00000000
usr/lib/modules/7.1.5-sp11-render-parity-v4+/kernel/drivers/memory/pl172.ko.zst	000007fd	000081a4	000003e8	000003e8	00000001	6a7f659f	00000000	00000030	00000000	00000000	00000000
usr/lib/modules/7.1.5-sp11-render-parity-v4+/kernel/drivers/memory/renesas-rpc-if.ko.zst	000007fe	000081a4	000003e8	000003e8	00000001	6a7f659f	00000000	00000030	00000000	00000000	00000000
usr/lib/modules/7.1.5-sp11-render-parity-v4+/kernel/drivers/memory/stm32-fmc2-ebi.ko.zst	000007ff	000081a4	000003e8	000003e8	00000001	6a7f659f	00000000	00000030	00000000	00000000	00000000
usr/lib/modules/7.1.5-sp11-render-parity-v4+/kernel/drivers/memory/tegra	00000800	000041ed	000003e8	000003e8	00000002	6a8eba6d	00000000	00000030	00000000	00000000	00000000
usr/lib/modules/7.1.5-sp11-render-parity-v4+/kernel/drivers/memory/tegra/tegra210-emc.ko.zst	00000801	000081a4	000003e8	000003e8	00000001	6a7f659f	00000000	00000030	00000000	00000000	00000000
usr/lib/modules/7.1.5-sp11-render-parity-v4+/kernel/drivers/message	00000802	000041ed	000003e8	000003e8	00000003	6a8eba6d	00000000	00000030	00000000	00000000	00000000
usr/lib/modules/7.1.5-sp11-render-parity-v4+/kernel/drivers/message/fusion	00000803	000041ed	000003e8	000003e8	00000002	6a8eba6d	00000000	00000030	00000000	00000000	00000000
usr/lib/modules/7.1.5-sp11-render-parity-v4+/kernel/drivers/message/fusion/mptbase.ko.zst	00000804	000081a4	000003e8	000003e8	00000001	6a7f655a	00000000	00000030	00000000	00000000	00000000
usr/lib/modules/7.1.5-sp11-render-parity-v4+/kernel/drivers/message/fusion/mptfc.ko.zst	00000805	000081a4	000003e8	000003e8	00000001	6a7f655a	00000000	00000030	00000000	00000000	00000000
usr/lib/modules/7.1.5-sp11-render-parity-v4+/kernel/drivers/message/fusion/mptsas.ko.zst	00000806	000081a4	000003e8	000003e8	00000001	6a7f655a	00000000	00000030	00000000	00000000	00000000
usr/lib/modules/7.1.5-sp11-render-parity-v4+/kernel/drivers/message/fusion/mptscsih.ko.zst	00000807	000081a4	000003e8	000003e8	00000001	6a7f655a	00000000	00000030	00000000	00000000	00000000
usr/lib/modules/7.1.5-sp11-render-parity-v4+/kernel/drivers/message/fusion/mptspi.ko.zst	00000808	000081a4	000003e8	000003e8	00000001	6a7f655a	00000000	00000030	00000000	00000000	00000000
usr/lib/modules/7.1.5-sp11-render-parity-v4+/kernel/drivers/mfd	00000809	000041ed	000003e8	000003e8	00000002	6a8eba6d	00000000	00000030	00000000	00000000	00000000
usr/lib/modules/7.1.5-sp11-render-parity-v4+/kernel/drivers/mfd/88pm800.ko.zst	0000080a	000081a4	000003e8	000003e8	00000001	6a7f6539	00000000	00000030	00000000	00000000	00000000
usr/lib/modules/7.1.5-sp11-render-parity-v4+/kernel/drivers/mfd/88pm805.ko.zst	0000080b	000081a4	000003e8	000003e8	00000001	6a7f6539	00000000	00000030	00000000	00000000	00000000
usr/lib/modules/7.1.5-sp11-render-parity-v4+/kernel/drivers/mfd/88pm80x.ko.zst	0000080c	000081a4	000003e8	000003e8	00000001	6a7f6539	00000000	00000030	00000000	00000000	00000000
usr/lib/modules/7.1.5-sp11-render-parity-v4+/kernel/drivers/mfd/act8945a.ko.zst	0000080d	000081a4	000003e8	000003e8	00000001	6a7f6539	00000000	00000030	00000000	00000000	00000000
usr/lib/modules/7.1.5-sp11-render-parity-v4+/kernel/drivers/mfd/arizona-i2c.ko.zst	0000080e	000081a4	000003e8	000003e8	00000001	6a7f653a	00000000	00000030	00000000	00000000	00000000
usr/lib/modules/7.1.5-sp11-render-parity-v4+/kernel/drivers/mfd/arizona-spi.ko.zst	00000810	000081a4	000003e8	000003e8	00000001	6a7f653a	00000000	00000030	00000000	00000000	00000000
usr/lib/modules/7.1.5-sp11-render-parity-v4+/kernel/drivers/mfd/arizona.ko.zst	0000080f	000081a4	000003e8	000003e8	00000001	6a7f653a	00000000	00000030	00000000	00000000	00000000
usr/lib/modules/7.1.5-sp11-render-parity-v4+/kernel/drivers/mfd/atc260x-core.ko.zst	00000811	000081a4	000003e8	000003e8	00000001	6a7f653c	00000000	00000030	00000000	00000000	00000000
usr/lib/modules/7.1.5-sp11-render-parity-v4+/kernel/drivers/mfd/atc260x-i2c.ko.zst	00000812	000081a4	000003e8	000003e8	00000001	6a7f653c	00000000	00000030	00000000	00000000	00000000
usr/lib/modules/7.1.5-sp11-render-parity-v4+/kernel/drivers/mfd/atmel-flexcom.ko.zst	00000813	000081a4	000003e8	000003e8	00000001	6a7f653b	00000000	00000030	00000000	00000000	00000000
usr/lib/modules/7.1.5-sp11-render-parity-v4+/kernel/drivers/mfd/atmel-hlcdc.ko.zst	00000814	000081a4	000003e8	000003e8	00000001	6a7f653b	00000000	00000030	00000000	00000000	00000000
usr/lib/modules/7.1.5-sp11-render-parity-v4+/kernel/drivers/mfd/axp20x-i2c.ko.zst	00000815	000081a4	000003e8	000003e8	00000001	6a7f653a	00000000	00000030	00000000	00000000	00000000
usr/lib/modules/7.1.5-sp11-render-parity-v4+/kernel/drivers/mfd/axp20x-rsb.ko.zst	00000817	000081a4	000003e8	000003e8	00000001	6a7f653a	00000000	00000030	00000000	00000000	00000000
usr/lib/modules/7.1.5-sp11-render-parity-v4+/kernel/drivers/mfd/axp20x.ko.zst	00000816	000081a4	000003e8	000003e8	00000001	6a7f653a	00000000	00000030	00000000	00000000	00000000
usr/lib/modules/7.1.5-sp11-render-parity-v4+/kernel/drivers/mfd/bcm590xx.ko.zst	00000818	000081a4	000003e8	000003e8	00000001	6a7f6539	00000000	00000030	00000000	00000000	00000000
usr/lib/modules/7.1.5-sp11-render-parity-v4+/kernel/drivers/mfd/bd9571mwv.ko.zst	00000819	000081a4	000003e8	000003e8	00000001	6a7f6539	00000000	00000030	00000000	00000000	00000000
usr/lib/modules/7.1.5-sp11-render-parity-v4+/kernel/drivers/mfd/cros_ec_dev.ko.zst	0000081a	000081a4	000003e8	000003e8	00000001	6a7f6539	00000000	00000030	00000000	00000000	00000000
usr/lib/modules/7.1.5-sp11-render-parity-v4+/kernel/drivers/mfd/cs40l50-core.ko.zst	0000081b	000081a4	000003e8	000003e8	00000001	6a7f653a	00000000	00000030	00000000	00000000	00000000
usr/lib/modules/7.1.5-sp11-render-parity-v4+/kernel/drivers/mfd/cs40l50-i2c.ko.zst	0000081c	000081a4	000003e8	000003e8	00000001	6a7f653a	00000000	00000030	00000000	00000000	00000000
usr/lib/modules/7.1.5-sp11-render-parity-v4+/kernel/drivers/mfd/cs40l50-spi.ko.zst	0000081d	000081a4	000003e8	000003e8	00000001	6a7f653a	00000000	00000030	00000000	00000000	00000000
usr/lib/modules/7.1.5-sp11-render-parity-v4+/kernel/drivers/mfd/cs42l43-i2c.ko.zst	0000081e	000081a4	000003e8	000003e8	00000001	6a7f653a	00000000	00000030	00000000	00000000	00000000
usr/lib/modules/7.1.5-sp11-render-parity-v4+/kernel/drivers/mfd/cs42l43-sdw.ko.zst	00000820	000081a4	000003e8	000003e8	00000001	6a7f653a	00000000	00000030	00000000	00000000	00000000
usr/lib/modules/7.1.5-sp11-render-parity-v4+/kernel/drivers/mfd/cs42l43.ko.zst	0000081f	000081a4	000003e8	000003e8	00000001	6a7f6539	00000000	00000030	00000000	00000000	00000000
usr/lib/modules/7.1.5-sp11-render-parity-v4+/kernel/drivers/mfd/da9062-core.ko.zst	00000821	000081a4	000003e8	000003e8	00000001	6a7f653b	00000000	00000030	00000000	00000000	00000000
usr/lib/modules/7.1.5-sp11-render-parity-v4+/kernel/drivers/mfd/da9150-core.ko.zst	00000822	000081a4	000003e8	000003e8	00000001	6a7f653b	00000000	00000030	00000000	00000000	00000000
usr/lib/modules/7.1.5-sp11-render-parity-v4+/kernel/drivers/mfd/dln2.ko.zst	00000823	000081a4	000003e8	000003e8	00000001	6a7f653b	00000000	00000030	00000000	00000000	00000000
usr/lib/modules/7.1.5-sp11-render-parity-v4+/kernel/drivers/mfd/gateworks-gsc.ko.zst	00000824	000081a4	000003e8	000003e8	00000001	6a7f653a	00000000	00000030	00000000	00000000	00000000
usr/lib/modules/7.1.5-sp11-render-parity-v4+/kernel/drivers/mfd/hi6421-pmic-core.ko.zst	00000825	000081a4	000003e8	000003e8	00000001	6a7f653b	00000000	00000030	00000000	00000000	00000000
usr/lib/modules/7.1.5-sp11-render-parity-v4+/kernel/drivers/mfd/hi6421-spmi-pmic.ko.zst	00000826	000081a4	000003e8	000003e8	00000001	6a7f653b	00000000	00000030	00000000	00000000	00000000
usr/lib/modules/7.1.5-sp11-render-parity-v4+/kernel/drivers/mfd/hi655x-pmic.ko.zst	00000827	000081a4	000003e8	000003e8	00000001	6a7f653b	00000000	00000030	00000000	00000000	00000000
usr/lib/modules/7.1.5-sp11-render-parity-v4+/kernel/drivers/mfd/intel-m10-bmc-core.ko.zst	00000828	000081a4	000003e8	000003e8	00000001	6a7f653c	00000000	00000030	00000000	00000000	00000000
usr/lib/modules/7.1.5-sp11-render-parity-v4+/kernel/drivers/mfd/intel-m10-bmc-pmci.ko.zst	00000829	000081a4	000003e8	000003e8	00000001	6a7f653c	00000000	00000030	00000000	00000000	00000000
usr/lib/modules/7.1.5-sp11-render-parity-v4+/kernel/drivers/mfd/intel-m10-bmc-spi.ko.zst	0000082a	000081a4	000003e8	000003e8	00000001	6a7f653c	00000000	00000030	00000000	00000000	00000000
usr/lib/modules/7.1.5-sp11-render-parity-v4+/kernel/drivers/mfd/iqs62x.ko.zst	0000082b	000081a4	000003e8	000003e8	00000001	6a7f653b	00000000	00000030	00000000	00000000	00000000
usr/lib/modules/7.1.5-sp11-render-parity-v4+/kernel/drivers/mfd/janz-cmodio.ko.zst	0000082c	000081a4	000003e8	000003e8	00000001	6a7f653b	00000000	00000030	00000000	00000000	00000000
usr/lib/modules/7.1.5-sp11-render-parity-v4+/kernel/drivers/mfd/kempld-core.ko.zst	0000082d	000081a4	000003e8	000003e8	00000001	6a7f653b	00000000	00000030	00000000	00000000	00000000
usr/lib/modules/7.1.5-sp11-render-parity-v4+/kernel/drivers/mfd/khadas-mcu.ko.zst	0000082e	000081a4	000003e8	000003e8	00000001	6a7f653c	00000000	00000030	00000000	00000000	00000000
usr/lib/modules/7.1.5-sp11-render-parity-v4+/kernel/drivers/mfd/lm3533-core.ko.zst	0000082f	000081a4	000003e8	000003e8	00000001	6a7f653b	00000000	00000030	00000000	00000000	00000000
usr/lib/modules/7.1.5-sp11-render-parity-v4+/kernel/drivers/mfd/lm3533-ctrlbank.ko.zst	00000830	000081a4	000003e8	000003e8	00000001	6a7f653b	00000000	00000030	00000000	00000000	00000000
usr/lib/modules/7.1.5-sp11-render-parity-v4+/kernel/drivers/mfd/lp3943.ko.zst	00000831	000081a4	000003e8	000003e8	00000001	6a7f653a	00000000	00000030	00000000	00000000	00000000
usr/lib/modules/7.1.5-sp11-render-parity-v4+/kernel/drivers/mfd/lp873x.ko.zst	00000832	000081a4	000003e8	000003e8	00000001	6a7f653a	00000000	00000030	00000000	00000000	00000000
usr/lib/modules/7.1.5-sp11-render-parity-v4+/kernel/drivers/mfd/lp87565.ko.zst	00000833	000081a4	000003e8	000003e8	00000001	6a7f653a	00000000	00000030	00000000	00000000	00000000
usr/lib/modules/7.1.5-sp11-render-parity-v4+/kernel/drivers/mfd/lpc_ich.ko.zst	00000834	000081a4	000003e8	000003e8	00000001	6a7f653b	00000000	00000030	00000000	00000000	00000000
usr/lib/modules/7.1.5-sp11-render-parity-v4+/kernel/drivers/mfd/lpc_sch.ko.zst	00000835	000081a4	000003e8	000003e8	00000001	6a7f653b	00000000	00000030	00000000	00000000	00000000
usr/lib/modules/7.1.5-sp11-render-parity-v4+/kernel/drivers/mfd/madera-i2c.ko.zst	00000836	000081a4	000003e8	000003e8	00000001	6a7f653a	00000000	00000030	00000000	00000000	00000000
usr/lib/modules/7.1.5-sp11-render-parity-v4+/kernel/drivers/mfd/madera-spi.ko.zst	00000838	000081a4	000003e8	000003e8	00000001	6a7f653a	00000000	00000030	00000000	00000000	00000000
usr/lib/modules/7.1.5-sp11-render-parity-v4+/kernel/drivers/mfd/madera.ko.zst	00000837	000081a4	000003e8	000003e8	00000001	6a7f653a	00000000	00000030	00000000	00000000	00000000
usr/lib/modules/7.1.5-sp11-render-parity-v4+/kernel/drivers/mfd/max77541.ko.zst	00000839	000081a4	000003e8	000003e8	00000001	6a7f653b	00000000	00000030	00000000	00000000	00000000
usr/lib/modules/7.1.5-sp11-render-parity-v4+/kernel/drivers/mfd/max77650.ko.zst	0000083a	000081a4	000003e8	000003e8	00000001	6a7f653b	00000000	00000030	00000000	00000000	00000000
usr/lib/modules/7.1.5-sp11-render-parity-v4+/kernel/drivers/mfd/max77714.ko.zst	0000083b	000081a4	000003e8	000003e8	00000001	6a7f653b	00000000	00000030	00000000	00000000	00000000
usr/lib/modules/7.1.5-sp11-render-parity-v4+/kernel/drivers/mfd/max8907.ko.zst	0000083c	000081a4	000003e8	000003e8	00000001	6a7f653b	00000000	00000030	00000000	00000000	00000000
usr/lib/modules/7.1.5-sp11-render-parity-v4+/kernel/drivers/mfd/mc13xxx-core.ko.zst	0000083d	000081a4	000003e8	000003e8	00000001	6a7f653a	00000000	00000030	00000000	00000000	00000000
usr/lib/modules/7.1.5-sp11-render-parity-v4+/kernel/drivers/mfd/mc13xxx-i2c.ko.zst	0000083e	000081a4	000003e8	000003e8	00000001	6a7f653a	00000000	00000030	00000000	00000000	00000000
usr/lib/modules/7.1.5-sp11-render-parity-v4+/kernel/drivers/mfd/mc13xxx-spi.ko.zst	0000083f	000081a4	000003e8	000003e8	00000001	6a7f653a	00000000	00000030	00000000	00000000	00000000
usr/lib/modules/7.1.5-sp11-render-parity-v4+/kernel/drivers/mfd/menf21bmc.ko.zst	00000840	000081a4	000003e8	000003e8	00000001	6a7f653b	00000000	00000030	00000000	00000000	00000000
usr/lib/modules/7.1.5-sp11-render-parity-v4+/kernel/drivers/mfd/motorola-cpcap.ko.zst	00000841	000081a4	000003e8	000003e8	00000001	6a7f653a	00000000	00000030	00000000	00000000	00000000
usr/lib/modules/7.1.5-sp11-render-parity-v4+/kernel/drivers/mfd/mp2629.ko.zst	00000842	000081a4	000003e8	000003e8	00000001	6a7f653b	00000000	00000030	00000000	00000000	00000000
usr/lib/modules/7.1.5-sp11-render-parity-v4+/kernel/drivers/mfd/mt6360-core.ko.zst	00000843	000081a4	000003e8	000003e8	00000001	6a7f653b	00000000	00000030	00000000	00000000	00000000
usr/lib/modules/7.1.5-sp11-render-parity-v4+/kernel/drivers/mfd/mt6370.ko.zst	00000844	000081a4	000003e8	000003e8	00000001	6a7f653b	00000000	00000030	00000000	00000000	00000000
usr/lib/modules/7.1.5-sp11-render-parity-v4+/kernel/drivers/mfd/mt6397.ko.zst	00000845	000081a4	000003e8	000003e8	00000001	6a7f653b	00000000	00000030	00000000	00000000	00000000
usr/lib/modules/7.1.5-sp11-render-parity-v4+/kernel/drivers/mfd/ntxec.ko.zst	00000846	000081a4	000003e8	000003e8	00000001	6a7f653b	00000000	00000030	00000000	00000000	00000000
usr/lib/modules/7.1.5-sp11-render-parity-v4+/kernel/drivers/mfd/ocelot-soc.ko.zst	00000847	000081a4	000003e8	000003e8	00000001	6a7f653a	00000000	00000030	00000000	00000000	00000000
usr/lib/modules/7.1.5-sp11-render-parity-v4+/kernel/drivers/mfd/pf1550.ko.zst	00000848	000081a4	000003e8	000003e8	00000001	6a7f653a	00000000	00000030	00000000	00000000	00000000
usr/lib/modules/7.1.5-sp11-render-parity-v4+/kernel/drivers/mfd/qcom-pm8008.ko.zst	00000849	000081a4	000003e8	000003e8	00000001	6a7f653c	00000000	00000030	00000000	00000000	00000000
usr/lib/modules/7.1.5-sp11-render-parity-v4+/kernel/drivers/mfd/qcom-spmi-pmic.ko.zst	0000084a	000081a4	000003e8	000003e8	00000001	6a7f653b	00000000	00000030	00000000	00000000	00000000
usr/lib/modules/7.1.5-sp11-render-parity-v4+/kernel/drivers/mfd/rave-sp.ko.zst	0000084b	000081a4	000003e8	000003e8	00000001	6a7f653c	00000000	00000030	00000000	00000000	00000000
usr/lib/modules/7.1.5-sp11-render-parity-v4+/kernel/drivers/mfd/rdc321x-southbridge.ko.zst	0000084c	000081a4	000003e8	000003e8	00000001	6a7f653b	00000000	00000030	00000000	00000000	00000000
usr/lib/modules/7.1.5-sp11-render-parity-v4+/kernel/drivers/mfd/retu-mfd.ko.zst	0000084d	000081a4	000003e8	000003e8	00000001	6a7f653b	00000000	00000030	00000000	00000000	00000000
usr/lib/modules/7.1.5-sp11-render-parity-v4+/kernel/drivers/mfd/rk8xx-core.ko.zst	0000084e	000081a4	000003e8	000003e8	00000001	6a7f653b	00000000	00000030	00000000	00000000	00000000
usr/lib/modules/7.1.5-sp11-render-parity-v4+/kernel/drivers/mfd/rk8xx-i2c.ko.zst	0000084f	000081a4	000003e8	000003e8	00000001	6a7f653b	00000000	00000030	00000000	00000000	00000000
usr/lib/modules/7.1.5-sp11-render-parity-v4+/kernel/drivers/mfd/rk8xx-spi.ko.zst	00000850	000081a4	000003e8	000003e8	00000001	6a7f653b	00000000	00000030	00000000	00000000	00000000
usr/lib/modules/7.1.5-sp11-render-parity-v4+/kernel/drivers/mfd/rn5t618.ko.zst	00000851	000081a4	000003e8	000003e8	00000001	6a7f653b	00000000	00000030	00000000	00000000	00000000
usr/lib/modules/7.1.5-sp11-render-parity-v4+/kernel/drivers/mfd/rohm-bd71828.ko.zst	00000852	000081a4	000003e8	000003e8	00000001	6a7f653c	00000000	00000030	00000000	00000000	00000000
usr/lib/modules/7.1.5-sp11-render-parity-v4+/kernel/drivers/mfd/rohm-bd718x7.ko.zst	00000853	000081a4	000003e8	000003e8	00000001	6a7f653c	00000000	00000030	00000000	00000000	00000000
usr/lib/modules/7.1.5-sp11-render-parity-v4+/kernel/drivers/mfd/rohm-bd9576.ko.zst	00000854	000081a4	000003e8	000003e8	00000001	6a7f653c	00000000	00000030	00000000	00000000	00000000
usr/lib/modules/7.1.5-sp11-render-parity-v4+/kernel/drivers/mfd/rohm-bd96801.ko.zst	00000855	000081a4	000003e8	000003e8	00000001	6a7f653c	00000000	00000030	00000000	00000000	00000000
usr/lib/modules/7.1.5-sp11-render-parity-v4+/kernel/drivers/mfd/rsmu_core.ko.zst	00000856	000081a4	000003e8	000003e8	00000001	6a7f653c	00000000	00000030	00000000	00000000	00000000
usr/lib/modules/7.1.5-sp11-render-parity-v4+/kernel/drivers/mfd/rsmu_i2c.ko.zst	00000857	000081a4	000003e8	000003e8	00000001	6a7f653c	00000000	00000030	00000000	00000000	00000000
usr/lib/modules/7.1.5-sp11-render-parity-v4+/kernel/drivers/mfd/rsmu_spi.ko.zst	00000858	000081a4	000003e8	000003e8	00000001	6a7f653c	00000000	00000030	00000000	00000000	00000000
usr/lib/modules/7.1.5-sp11-render-parity-v4+/kernel/drivers/mfd/rt4831.ko.zst	00000859	000081a4	000003e8	000003e8	00000001	6a7f653b	00000000	00000030	00000000	00000000	00000000
usr/lib/modules/7.1.5-sp11-render-parity-v4+/kernel/drivers/mfd/rt5033.ko.zst	0000085a	000081a4	000003e8	000003e8	00000001	6a7f653b	00000000	00000030	00000000	00000000	00000000
usr/lib/modules/7.1.5-sp11-render-parity-v4+/kernel/drivers/mfd/rt5120.ko.zst	0000085b	000081a4	000003e8	000003e8	00000001	6a7f653b	00000000	00000030	00000000	00000000	00000000
usr/lib/modules/7.1.5-sp11-render-parity-v4+/kernel/drivers/mfd/si476x-core.ko.zst	0000085c	000081a4	000003e8	000003e8	00000001	6a7f653b	00000000	00000030	00000000	00000000	00000000
usr/lib/modules/7.1.5-sp11-render-parity-v4+/kernel/drivers/mfd/simple-mfd-i2c.ko.zst	0000085d	000081a4	000003e8	000003e8	00000001	6a7f653c	00000000	00000030	00000000	00000000	00000000
usr/lib/modules/7.1.5-sp11-render-parity-v4+/kernel/drivers/mfd/sky81452.ko.zst	0000085e	000081a4	000003e8	000003e8	00000001	6a7f653b	00000000	00000030	00000000	00000000	00000000
usr/lib/modules/7.1.5-sp11-render-parity-v4+/kernel/drivers/mfd/sm501.ko.zst	0000085f	000081a4	000003e8	000003e8	00000001	6a7f6539	00000000	00000030	00000000	00000000	00000000
usr/lib/modules/7.1.5-sp11-render-parity-v4+/kernel/drivers/mfd/smpro-core.ko.zst	00000860	000081a4	000003e8	000003e8	00000001	6a7f653c	00000000	00000030	00000000	00000000	00000000
usr/lib/modules/7.1.5-sp11-render-parity-v4+/kernel/drivers/mfd/sprd-sc27xx-spi.ko.zst	00000861	000081a4	000003e8	000003e8	00000001	6a7f653c	00000000	00000030	00000000	00000000	00000000
usr/lib/modules/7.1.5-sp11-render-parity-v4+/kernel/drivers/mfd/stm32-lptimer.ko.zst	00000862	000081a4	000003e8	000003e8	00000001	6a7f653c	00000000	00000030	00000000	00000000	00000000
usr/lib/modules/7.1.5-sp11-render-parity-v4+/kernel/drivers/mfd/stm32-timers.ko.zst	00000863	000081a4	000003e8	000003e8	00000001	6a7f653c	00000000	00000030	00000000	00000000	00000000
usr/lib/modules/7.1.5-sp11-render-parity-v4+/kernel/drivers/mfd/stmfx.ko.zst	00000864	000081a4	000003e8	000003e8	00000001	6a7f653c	00000000	00000030	00000000	00000000	00000000
usr/lib/modules/7.1.5-sp11-render-parity-v4+/kernel/drivers/mfd/stpmic1.ko.zst	00000865	000081a4	000003e8	000003e8	00000001	6a7f653c	00000000	00000030	00000000	00000000	00000000
usr/lib/modules/7.1.5-sp11-render-parity-v4+/kernel/drivers/mfd/sun4i-gpadc.ko.zst	00000866	000081a4	000003e8	000003e8	00000001	6a7f653c	00000000	00000030	00000000	00000000	00000000
usr/lib/modules/7.1.5-sp11-render-parity-v4+/kernel/drivers/mfd/ti-lmu.ko.zst	00000868	000081a4	000003e8	000003e8	00000001	6a7f653b	00000000	00000030	00000000	00000000	00000000
usr/lib/modules/7.1.5-sp11-render-parity-v4+/kernel/drivers/mfd/ti_am335x_tscadc.ko.zst	00000867	000081a4	000003e8	000003e8	00000001	6a7f653a	00000000	00000030	00000000	00000000	00000000
usr/lib/modules/7.1.5-sp11-render-parity-v4+/kernel/drivers/mfd/tps6105x.ko.zst	00000869	000081a4	000003e8	000003e8	00000001	6a7f653a	00000000	00000030	00000000	00000000	00000000
usr/lib/modules/7.1.5-sp11-render-parity-v4+/kernel/drivers/mfd/tps65010.ko.zst	0000086a	000081a4	000003e8	000003e8	00000001	6a7f653a	00000000	00000030	00000000	00000000	00000000
usr/lib/modules/7.1.5-sp11-render-parity-v4+/kernel/drivers/mfd/tps6507x.ko.zst	0000086b	000081a4	000003e8	000003e8	00000001	6a7f653a	00000000	00000030	00000000	00000000	00000000
usr/lib/modules/7.1.5-sp11-render-parity-v4+/kernel/drivers/mfd/tps65086.ko.zst	0000086c	000081a4	000003e8	000003e8	00000001	6a7f653a	00000000	00000030	00000000	00000000	00000000
usr/lib/modules/7.1.5-sp11-render-parity-v4+/kernel/drivers/mfd/tps65217.ko.zst	0000086d	000081a4	000003e8	000003e8	00000001	6a7f653a	00000000	00000030	00000000	00000000	00000000
usr/lib/modules/7.1.5-sp11-render-parity-v4+/kernel/drivers/mfd/tps65218.ko.zst	0000086e	000081a4	000003e8	000003e8	00000001	6a7f653a	00000000	00000030	00000000	00000000	00000000
usr/lib/modules/7.1.5-sp11-render-parity-v4+/kernel/drivers/mfd/tps65219.ko.zst	0000086f	000081a4	000003e8	000003e8	00000001	6a7f653a	00000000	00000030	00000000	00000000	00000000
usr/lib/modules/7.1.5-sp11-render-parity-v4+/kernel/drivers/mfd/tps6594-core.ko.zst	00000870	000081a4	000003e8	000003e8	00000001	6a7f653a	00000000	00000030	00000000	00000000	00000000
usr/lib/modules/7.1.5-sp11-render-parity-v4+/kernel/drivers/mfd/tps6594-i2c.ko.zst	00000871	000081a4	000003e8	000003e8	00000001	6a7f653a	00000000	00000030	00000000	00000000	00000000
usr/lib/modules/7.1.5-sp11-render-parity-v4+/kernel/drivers/mfd/tps6594-spi.ko.zst	00000872	000081a4	000003e8	000003e8	00000001	6a7f653a	00000000	00000030	00000000	00000000	00000000
usr/lib/modules/7.1.5-sp11-render-parity-v4+/kernel/drivers/mfd/tqmx86.ko.zst	00000873	000081a4	000003e8	000003e8	00000001	6a7f653a	00000000	00000030	00000000	00000000	00000000
usr/lib/modules/7.1.5-sp11-render-parity-v4+/kernel/drivers/mfd/viperboard.ko.zst	00000874	000081a4	000003e8	000003e8	00000001	6a7f653b	00000000	00000030	00000000	00000000	00000000
usr/lib/modules/7.1.5-sp11-render-parity-v4+/kernel/drivers/mfd/vx855.ko.zst	00000875	000081a4	000003e8	000003e8	00000001	6a7f653b	00000000	00000030	00000000	00000000	00000000
usr/lib/modules/7.1.5-sp11-render-parity-v4+/kernel/drivers/mfd/wcd934x.ko.zst	00000876	000081a4	000003e8	000003e8	00000001	6a7f653a	00000000	00000030	00000000	00000000	00000000
usr/lib/modules/7.1.5-sp11-render-parity-v4+/kernel/drivers/mfd/wm8994.ko.zst	00000877	000081a4	000003e8	000003e8	00000001	6a7f653a	00000000	00000030	00000000	00000000	00000000
usr/lib/modules/7.1.5-sp11-render-parity-v4+/kernel/drivers/misc	00000878	000041ed	000003e8	000003e8	00000005	6a8eba6d	00000000	00000030	00000000	00000000	00000000
usr/lib/modules/7.1.5-sp11-render-parity-v4+/kernel/drivers/misc/cardreader	00000879	000041ed	000003e8	000003e8	00000002	6a8eba6d	00000000	00000030	00000000	00000000	00000000
usr/lib/modules/7.1.5-sp11-render-parity-v4+/kernel/drivers/misc/cardreader/alcor_pci.ko.zst	0000087a	000081a4	000003e8	000003e8	00000001	6a7f6538	00000000	00000030	00000000	00000000	00000000
usr/lib/modules/7.1.5-sp11-render-parity-v4+/kernel/drivers/misc/cardreader/rtsx_pci.ko.zst	0000087b	000081a4	000003e8	000003e8	00000001	6a7f6538	00000000	00000030	00000000	00000000	00000000
usr/lib/modules/7.1.5-sp11-render-parity-v4+/kernel/drivers/misc/cardreader/rtsx_usb.ko.zst	0000087c	000081a4	000003e8	000003e8	00000001	6a7f6538	00000000	00000030	00000000	00000000	00000000
usr/lib/modules/7.1.5-sp11-render-parity-v4+/kernel/drivers/misc/cb710	0000087d	000041ed	000003e8	000003e8	00000002	6a8eba6d	00000000	00000030	00000000	00000000	00000000
usr/lib/modules/7.1.5-sp11-render-parity-v4+/kernel/drivers/misc/cb710/cb710.ko.zst	0000087e	000081a4	000003e8	000003e8	00000001	6a7f6538	00000000	00000030	00000000	00000000	00000000
usr/lib/modules/7.1.5-sp11-render-parity-v4+/kernel/drivers/misc/eeprom	0000087f	000041ed	000003e8	000003e8	00000002	6a8eba6d	00000000	00000030	00000000	00000000	00000000
usr/lib/modules/7.1.5-sp11-render-parity-v4+/kernel/drivers/misc/eeprom/eeprom_93cx6.ko.zst	00000880	000081a4	000003e8	000003e8	00000001	6a7f6538	00000000	00000030	00000000	00000000	00000000
usr/lib/modules/7.1.5-sp11-render-parity-v4+/kernel/drivers/misc/tifm_core.ko.zst	00000881	000081a4	000003e8	000003e8	00000001	6a7f6538	00000000	00000030	00000000	00000000	00000000
usr/lib/modules/7.1.5-sp11-render-parity-v4+/kernel/drivers/mmc	00000882	000041ed	000003e8	000003e8	00000004	6a8eba6d	00000000	00000030	00000000	00000000	00000000
usr/lib/modules/7.1.5-sp11-render-parity-v4+/kernel/drivers/mmc/core	00000883	000041ed	000003e8	000003e8	00000002	6a8eba6d	00000000	00000030	00000000	00000000	00000000
usr/lib/modules/7.1.5-sp11-render-parity-v4+/kernel/drivers/mmc/core/pwrseq_emmc.ko.zst	00000884	000081a4	000003e8	000003e8	00000001	6a7f6592	00000000	00000030	00000000	00000000	00000000
usr/lib/modules/7.1.5-sp11-render-parity-v4+/kernel/drivers/mmc/core/pwrseq_sd8787.ko.zst	00000885	000081a4	000003e8	000003e8	00000001	6a7f6592	00000000	00000030	00000000	00000000	00000000
usr/lib/modules/7.1.5-sp11-render-parity-v4+/kernel/drivers/mmc/core/pwrseq_simple.ko.zst	00000886	000081a4	000003e8	000003e8	00000001	6a7f6592	00000000	00000030	00000000	00000000	00000000
usr/lib/modules/7.1.5-sp11-render-parity-v4+/kernel/drivers/mmc/core/sdio_uart.ko.zst	00000887	000081a4	000003e8	000003e8	00000001	6a7f6592	00000000	00000030	00000000	00000000	00000000
usr/lib/modules/7.1.5-sp11-render-parity-v4+/kernel/drivers/mmc/host	00000888	000041ed	000003e8	000003e8	00000002	6a8eba6d	00000000	00000030	00000000	00000000	00000000
usr/lib/modules/7.1.5-sp11-render-parity-v4+/kernel/drivers/mmc/host/alcor.ko.zst	00000889	000081a4	000003e8	000003e8	00000001	6a7f6593	00000000	00000030	00000000	00000000	00000000
usr/lib/modules/7.1.5-sp11-render-parity-v4+/kernel/drivers/mmc/host/cb710-mmc.ko.zst	0000088a	000081a4	000003e8	000003e8	00000001	6a7f6593	00000000	00000030	00000000	00000000	00000000
usr/lib/modules/7.1.5-sp11-render-parity-v4+/kernel/drivers/mmc/host/cqhci.ko.zst	0000088b	000081a4	000003e8	000003e8	00000001	6a7f6594	00000000	00000030	00000000	00000000	00000000
usr/lib/modules/7.1.5-sp11-render-parity-v4+/kernel/drivers/mmc/host/dw_mmc-bluefield.ko.zst	0000088c	000081a4	000003e8	000003e8	00000001	6a7f6593	00000000	00000030	00000000	00000000	00000000
usr/lib/modules/7.1.5-sp11-render-parity-v4+/kernel/drivers/mmc/host/dw_mmc-exynos.ko.zst	0000088d	000081a4	000003e8	000003e8	00000001	6a7f6593	00000000	00000030	00000000	00000000	00000000
usr/lib/modules/7.1.5-sp11-render-parity-v4+/kernel/drivers/mmc/host/dw_mmc-hi3798cv200.ko.zst	0000088e	000081a4	000003e8	000003e8	00000001	6a7f6593	00000000	00000030	00000000	00000000	00000000
usr/lib/modules/7.1.5-sp11-render-parity-v4+/kernel/drivers/mmc/host/dw_mmc-hi3798mv200.ko.zst	0000088f	000081a4	000003e8	000003e8	00000001	6a7f6593	00000000	00000030	00000000	00000000	00000000
usr/lib/modules/7.1.5-sp11-render-parity-v4+/kernel/drivers/mmc/host/dw_mmc-k3.ko.zst	00000890	000081a4	000003e8	000003e8	00000001	6a7f6593	00000000	00000030	00000000	00000000	00000000
usr/lib/modules/7.1.5-sp11-render-parity-v4+/kernel/drivers/mmc/host/dw_mmc-pci.ko.zst	00000892	000081a4	000003e8	000003e8	00000001	6a7f6593	00000000	00000030	00000000	00000000	00000000
usr/lib/modules/7.1.5-sp11-render-parity-v4+/kernel/drivers/mmc/host/dw_mmc-pltfm.ko.zst	00000893	000081a4	000003e8	000003e8	00000001	6a7f6593	00000000	00000030	00000000	00000000	00000000
usr/lib/modules/7.1.5-sp11-render-parity-v4+/kernel/drivers/mmc/host/dw_mmc-rockchip.ko.zst	00000894	000081a4	000003e8	000003e8	00000001	6a7f6593	00000000	00000030	00000000	00000000	00000000
usr/lib/modules/7.1.5-sp11-render-parity-v4+/kernel/drivers/mmc/host/dw_mmc.ko.zst	00000891	000081a4	000003e8	000003e8	00000001	6a7f6593	00000000	00000030	00000000	00000000	00000000
usr/lib/modules/7.1.5-sp11-render-parity-v4+/kernel/drivers/mmc/host/litex_mmc.ko.zst	00000895	000081a4	000003e8	000003e8	00000001	6a7f6594	00000000	00000030	00000000	00000000	00000000
usr/lib/modules/7.1.5-sp11-render-parity-v4+/kernel/drivers/mmc/host/meson-gx-mmc.ko.zst	00000896	000081a4	000003e8	000003e8	00000001	6a7f6593	00000000	00000030	00000000	00000000	00000000
usr/lib/modules/7.1.5-sp11-render-parity-v4+/kernel/drivers/mmc/host/meson-mx-sdio.ko.zst	00000897	000081a4	000003e8	000003e8	00000001	6a7f6593	00000000	00000030	00000000	00000000	00000000
usr/lib/modules/7.1.5-sp11-render-parity-v4+/kernel/drivers/mmc/host/mmc_hsq.ko.zst	00000898	000081a4	000003e8	000003e8	00000001	6a7f6594	00000000	00000030	00000000	00000000	00000000
usr/lib/modules/7.1.5-sp11-render-parity-v4+/kernel/drivers/mmc/host/mmc_spi.ko.zst	00000899	000081a4	000003e8	000003e8	00000001	6a7f6593	00000000	00000030	00000000	00000000	00000000
usr/lib/modules/7.1.5-sp11-render-parity-v4+/kernel/drivers/mmc/host/mtk-sd.ko.zst	0000089a	000081a4	000003e8	000003e8	00000001	6a7f6593	00000000	00000030	00000000	00000000	00000000
usr/lib/modules/7.1.5-sp11-render-parity-v4+/kernel/drivers/mmc/host/mxcmmc.ko.zst	0000089b	000081a4	000003e8	000003e8	00000001	6a7f6592	00000000	00000030	00000000	00000000	00000000
usr/lib/modules/7.1.5-sp11-render-parity-v4+/kernel/drivers/mmc/host/of_mmc_spi.ko.zst	0000089c	000081a4	000003e8	000003e8	00000001	6a7f6593	00000000	00000030	00000000	00000000	00000000
usr/lib/modules/7.1.5-sp11-render-parity-v4+/kernel/drivers/mmc/host/owl-mmc.ko.zst	0000089d	000081a4	000003e8	000003e8	00000001	6a7f6593	00000000	00000030	00000000	00000000	00000000
usr/lib/modules/7.1.5-sp11-render-parity-v4+/kernel/drivers/mmc/host/renesas_sdhi_core.ko.zst	0000089e	000081a4	000003e8	000003e8	00000001	6a7f6593	00000000	00000030	00000000	00000000	00000000
usr/lib/modules/7.1.5-sp11-render-parity-v4+/kernel/drivers/mmc/host/renesas_sdhi_internal_dmac.ko.zst	0000089f	000081a4	000003e8	000003e8	00000001	6a7f6593	00000000	00000030	00000000	00000000	00000000
usr/lib/modules/7.1.5-sp11-render-parity-v4+/kernel/drivers/mmc/host/renesas_sdhi_sys_dmac.ko.zst	000008a0	000081a4	000003e8	000003e8	00000001	6a7f6593	00000000	00000030	00000000	00000000	00000000
usr/lib/modules/7.1.5-sp11-render-parity-v4+/kernel/drivers/mmc/host/rtsx_pci_sdmmc.ko.zst	000008a1	000081a4	000003e8	000003e8	00000001	6a7f6593	00000000	00000030	00000000	00000000	00000000
usr/lib/modules/7.1.5-sp11-render-parity-v4+/kernel/drivers/mmc/host/rtsx_usb_sdmmc.ko.zst	000008a2	000081a4	000003e8	000003e8	00000001	6a7f6594	00000000	00000030	00000000	00000000	00000000
usr/lib/modules/7.1.5-sp11-render-parity-v4+/kernel/drivers/mmc/host/sdhci-acpi.ko.zst	000008a3	000081a4	000003e8	000003e8	00000001	6a7f6593	00000000	00000030	00000000	00000000	00000000
usr/lib/modules/7.1.5-sp11-render-parity-v4+/kernel/drivers/mmc/host/sdhci-cadence.ko.zst	000008a5	000081a4	000003e8	000003e8	00000001	6a7f6594	00000000	00000030	00000000	00000000	00000000
usr/lib/modules/7.1.5-sp11-render-parity-v4+/kernel/drivers/mmc/host/sdhci-esdhc-imx.ko.zst	000008a6	000081a4	000003e8	000003e8	00000001	6a7f6594	00000000	00000030	00000000	00000000	00000000
usr/lib/modules/7.1.5-sp11-render-parity-v4+/kernel/drivers/mmc/host/sdhci-milbeaut.ko.zst	000008a9	000081a4	000003e8	000003e8	00000001	6a7f6593	00000000	00000030	00000000	00000000	00000000
usr/lib/modules/7.1.5-sp11-render-parity-v4+/kernel/drivers/mmc/host/sdhci-msm.ko.zst	000008aa	000081a4	000003e8	000003e8	00000001	6a7f6594	00000000	00000030	00000000	00000000	00000000
usr/lib/modules/7.1.5-sp11-render-parity-v4+/kernel/drivers/mmc/host/sdhci-npcm.ko.zst	000008ab	000081a4	000003e8	000003e8	00000001	6a7f6594	00000000	00000030	00000000	00000000	00000000
usr/lib/modules/7.1.5-sp11-render-parity-v4+/kernel/drivers/mmc/host/sdhci-of-arasan.ko.zst	000008ac	000081a4	000003e8	000003e8	00000001	6a7f6594	00000000	00000030	00000000	00000000	00000000
usr/lib/modules/7.1.5-sp11-render-parity-v4+/kernel/drivers/mmc/host/sdhci-of-at91.ko.zst	000008ad	000081a4	000003e8	000003e8	00000001	6a7f6594	00000000	00000030	00000000	00000000	00000000
usr/lib/modules/7.1.5-sp11-render-parity-v4+/kernel/drivers/mmc/host/sdhci-of-dwcmshc.ko.zst	000008ae	000081a4	000003e8	000003e8	00000001	6a7f6594	00000000	00000030	00000000	00000000	00000000
usr/lib/modules/7.1.5-sp11-render-parity-v4+/kernel/drivers/mmc/host/sdhci-of-esdhc.ko.zst	000008af	000081a4	000003e8	000003e8	00000001	6a7f6594	00000000	00000030	00000000	00000000	00000000
usr/lib/modules/7.1.5-sp11-render-parity-v4+/kernel/drivers/mmc/host/sdhci-of-sparx5.ko.zst	000008b0	000081a4	000003e8	000003e8	00000001	6a7f6594	00000000	00000030	00000000	00000000	00000000
usr/lib/modules/7.1.5-sp11-render-parity-v4+/kernel/drivers/mmc/host/sdhci-pci.ko.zst	000008b1	000081a4	000003e8	000003e8	00000001	6a7f6592	00000000	00000030	00000000	00000000	00000000
usr/lib/modules/7.1.5-sp11-render-parity-v4+/kernel/drivers/mmc/host/sdhci-pltfm.ko.zst	000008b2	000081a4	000003e8	000003e8	00000001	6a7f6594	00000000	00000030	00000000	00000000	00000000
usr/lib/modules/7.1.5-sp11-render-parity-v4+/kernel/drivers/mmc/host/sdhci-pxav3.ko.zst	000008b3	000081a4	000003e8	000003e8	00000001	6a7f6593	00000000	00000030	00000000	00000000	00000000
usr/lib/modules/7.1.5-sp11-render-parity-v4+/kernel/drivers/mmc/host/sdhci-sprd.ko.zst	000008b4	000081a4	000003e8	000003e8	00000001	6a7f6594	00000000	00000030	00000000	00000000	00000000
usr/lib/modules/7.1.5-sp11-render-parity-v4+/kernel/drivers/mmc/host/sdhci-tegra.ko.zst	000008b5	000081a4	000003e8	000003e8	00000001	6a7f6594	00000000	00000030	00000000	00000000	00000000
usr/lib/modules/7.1.5-sp11-render-parity-v4+/kernel/drivers/mmc/host/sdhci-uhs2.ko.zst	000008b6	000081a4	000003e8	000003e8	00000001	6a7f6592	00000000	00000030	00000000	00000000	00000000
usr/lib/modules/7.1.5-sp11-render-parity-v4+/kernel/drivers/mmc/host/sdhci-xenon-driver.ko.zst	000008b7	000081a4	000003e8	000003e8	00000001	6a7f6594	00000000	00000030	00000000	00000000	00000000
usr/lib/modules/7.1.5-sp11-render-parity-v4+/kernel/drivers/mmc/host/sdhci.ko.zst	000008a8	000081a4	000003e8	000003e8	00000001	6a7f6592	00000000	00000030	00000000	00000000	00000000
usr/lib/modules/7.1.5-sp11-render-parity-v4+/kernel/drivers/mmc/host/sdhci_am654.ko.zst	000008a4	000081a4	000003e8	000003e8	00000001	6a7f6593	00000000	00000030	00000000	00000000	00000000
usr/lib/modules/7.1.5-sp11-render-parity-v4+/kernel/drivers/mmc/host/sdhci_f_sdh30.ko.zst	000008a7	000081a4	000003e8	000003e8	00000001	6a7f6593	00000000	00000030	00000000	00000000	00000000
usr/lib/modules/7.1.5-sp11-render-parity-v4+/kernel/drivers/mmc/host/sh_mmcif.ko.zst	000008b8	000081a4	000003e8	000003e8	00000001	6a7f6593	00000000	00000030	00000000	00000000	00000000
usr/lib/modules/7.1.5-sp11-render-parity-v4+/kernel/drivers/mmc/host/sunxi-mmc.ko.zst	000008b9	000081a4	000003e8	000003e8	00000001	6a7f6593	00000000	00000030	00000000	00000000	00000000
usr/lib/modules/7.1.5-sp11-render-parity-v4+/kernel/drivers/mmc/host/thunderx-mmc.ko.zst	000008ba	000081a4	000003e8	000003e8	00000001	6a7f6593	00000000	00000030	00000000	00000000	00000000
usr/lib/modules/7.1.5-sp11-render-parity-v4+/kernel/drivers/mmc/host/tifm_sd.ko.zst	000008bb	000081a4	000003e8	000003e8	00000001	6a7f6593	00000000	00000030	00000000	00000000	00000000
usr/lib/modules/7.1.5-sp11-render-parity-v4+/kernel/drivers/mmc/host/tmio_mmc_core.ko.zst	000008bc	000081a4	000003e8	000003e8	00000001	6a7f6593	00000000	00000030	00000000	00000000	00000000
usr/lib/modules/7.1.5-sp11-render-parity-v4+/kernel/drivers/mmc/host/toshsd.ko.zst	000008bd	000081a4	000003e8	000003e8	00000001	6a7f6593	00000000	00000030	00000000	00000000	00000000
usr/lib/modules/7.1.5-sp11-render-parity-v4+/kernel/drivers/mmc/host/usdhi6rol0.ko.zst	000008be	000081a4	000003e8	000003e8	00000001	6a7f6593	00000000	00000030	00000000	00000000	00000000
usr/lib/modules/7.1.5-sp11-render-parity-v4+/kernel/drivers/mmc/host/ushc.ko.zst	000008bf	000081a4	000003e8	000003e8	00000001	6a7f6593	00000000	00000030	00000000	00000000	00000000
usr/lib/modules/7.1.5-sp11-render-parity-v4+/kernel/drivers/mmc/host/via-sdmmc.ko.zst	000008c0	000081a4	000003e8	000003e8	00000001	6a7f6593	00000000	00000030	00000000	00000000	00000000
usr/lib/modules/7.1.5-sp11-render-parity-v4+/kernel/drivers/mmc/host/vub300.ko.zst	000008c1	000081a4	000003e8	000003e8	00000001	6a7f6593	00000000	00000030	00000000	00000000	00000000
usr/lib/modules/7.1.5-sp11-render-parity-v4+/kernel/drivers/mtd	000008c2	000041ed	000003e8	000003e8	00000003	6a8eba6d	00000000	00000030	00000000	00000000	00000000
usr/lib/modules/7.1.5-sp11-render-parity-v4+/kernel/drivers/mtd/mtd.ko.zst	000008c3	000081a4	000003e8	000003e8	00000001	6a7f65a5	00000000	00000030	00000000	00000000	00000000
usr/lib/modules/7.1.5-sp11-render-parity-v4+/kernel/drivers/mtd/nand	000008c4	000041ed	000003e8	000003e8	00000002	6a8eba6d	00000000	00000030	00000000	00000000	00000000
usr/lib/modules/7.1.5-sp11-render-parity-v4+/kernel/drivers/mtd/nand/ecc-mtk.ko.zst	000008c5	000081a4	000003e8	000003e8	00000001	6a7f65a5	00000000	00000030	00000000	00000000	00000000
usr/lib/modules/7.1.5-sp11-render-parity-v4+/kernel/drivers/mtd/nand/nandcore.ko.zst	000008c6	000081a4	000003e8	000003e8	00000001	6a7f65a5	00000000	00000030	00000000	00000000	00000000
usr/lib/modules/7.1.5-sp11-render-parity-v4+/kernel/drivers/mux	000008c7	000041ed	000003e8	000003e8	00000002	6a8eba6d	00000000	00000030	00000000	00000000	00000000
usr/lib/modules/7.1.5-sp11-render-parity-v4+/kernel/drivers/mux/mux-mmio.ko.zst	000008c8	000081a4	000003e8	000003e8	00000001	6a7f65a1	00000000	00000030	00000000	00000000	00000000
usr/lib/modules/7.1.5-sp11-render-parity-v4+/kernel/drivers/net	000008c9	000041ed	000003e8	000003e8	0000000e	6a8eba6d	00000000	00000030	00000000	00000000	00000000
usr/lib/modules/7.1.5-sp11-render-parity-v4+/kernel/drivers/net/ethernet	000008ca	000041ed	000003e8	000003e8	00000047	6a8eba6d	00000000	00000030	00000000	00000000	00000000
usr/lib/modules/7.1.5-sp11-render-parity-v4+/kernel/drivers/net/ethernet/3com	000008cb	000041ed	000003e8	000003e8	00000002	6a8eba6d	00000000	00000030	00000000	00000000	00000000
usr/lib/modules/7.1.5-sp11-render-parity-v4+/kernel/drivers/net/ethernet/3com/3c59x.ko.zst	000008cc	000081a4	000003e8	000003e8	00000001	6a7f6548	00000000	00000030	00000000	00000000	00000000
usr/lib/modules/7.1.5-sp11-render-parity-v4+/kernel/drivers/net/ethernet/3com/typhoon.ko.zst	000008cd	000081a4	000003e8	000003e8	00000001	6a7f6548	00000000	00000030	00000000	00000000	00000000
usr/lib/modules/7.1.5-sp11-render-parity-v4+/kernel/drivers/net/ethernet/8390	000008ce	000041ed	000003e8	000003e8	00000002	6a8eba6d	00000000	00000030	00000000	00000000	00000000
usr/lib/modules/7.1.5-sp11-render-parity-v4+/kernel/drivers/net/ethernet/8390/8390.ko.zst	000008cf	000081a4	000003e8	000003e8	00000001	6a7f6548	00000000	00000030	00000000	00000000	00000000
usr/lib/modules/7.1.5-sp11-render-parity-v4+/kernel/drivers/net/ethernet/8390/ne2k-pci.ko.zst	000008d0	000081a4	000003e8	000003e8	00000001	6a7f6548	00000000	00000030	00000000	00000000	00000000
usr/lib/modules/7.1.5-sp11-render-parity-v4+/kernel/drivers/net/ethernet/actions	000008d1	000041ed	000003e8	000003e8	00000002	6a8eba6d	00000000	00000030	00000000	00000000	00000000
usr/lib/modules/7.1.5-sp11-render-parity-v4+/kernel/drivers/net/ethernet/actions/owl-emac.ko.zst	000008d2	000081a4	000003e8	000003e8	00000001	6a7f6548	00000000	00000030	00000000	00000000	00000000
usr/lib/modules/7.1.5-sp11-render-parity-v4+/kernel/drivers/net/ethernet/adaptec	000008d3	000041ed	000003e8	000003e8	00000002	6a8eba6d	00000000	00000030	00000000	00000000	00000000
usr/lib/modules/7.1.5-sp11-render-parity-v4+/kernel/drivers/net/ethernet/adaptec/starfire.ko.zst	000008d4	000081a4	000003e8	000003e8	00000001	6a7f6548	00000000	00000030	00000000	00000000	00000000
usr/lib/modules/7.1.5-sp11-render-parity-v4+/kernel/drivers/net/ethernet/adi	000008d5	000041ed	000003e8	000003e8	00000002	6a8eba6d	00000000	00000030	00000000	00000000	00000000
usr/lib/modules/7.1.5-sp11-render-parity-v4+/kernel/drivers/net/ethernet/adi/adin1110.ko.zst	000008d6	000081a4	000003e8	000003e8	00000001	6a7f6548	00000000	00000030	00000000	00000000	00000000
usr/lib/modules/7.1.5-sp11-render-parity-v4+/kernel/drivers/net/ethernet/agere	000008d7	000041ed	000003e8	000003e8	00000002	6a8eba6d	00000000	00000030	00000000	00000000	00000000
usr/lib/modules/7.1.5-sp11-render-parity-v4+/kernel/drivers/net/ethernet/agere/et131x.ko.zst	000008d8	000081a4	000003e8	000003e8	00000001	6a7f6548	00000000	00000030	00000000	00000000	00000000
usr/lib/modules/7.1.5-sp11-render-parity-v4+/kernel/drivers/net/ethernet/alacritech	000008d9	000041ed	000003e8	000003e8	00000002	6a8eba6d	00000000	00000030	00000000	00000000	00000000
usr/lib/modules/7.1.5-sp11-render-parity-v4+/kernel/drivers/net/ethernet/alacritech/slicoss.ko.zst	000008da	000081a4	000003e8	000003e8	00000001	6a7f6548	00000000	00000030	00000000	00000000	00000000
usr/lib/modules/7.1.5-sp11-render-parity-v4+/kernel/drivers/net/ethernet/altera	000008db	000041ed	000003e8	000003e8	00000002	6a8eba6d	00000000	00000030	00000000	00000000	00000000
usr/lib/modules/7.1.5-sp11-render-parity-v4+/kernel/drivers/net/ethernet/altera/altera_tse.ko.zst	000008dc	000081a4	000003e8	000003e8	00000001	6a7f654f	00000000	00000030	00000000	00000000	00000000
usr/lib/modules/7.1.5-sp11-render-parity-v4+/kernel/drivers/net/ethernet/amazon	000008dd	000041ed	000003e8	000003e8	00000003	6a8eba6d	00000000	00000030	00000000	00000000	00000000
usr/lib/modules/7.1.5-sp11-render-parity-v4+/kernel/drivers/net/ethernet/amazon/ena	000008de	000041ed	000003e8	000003e8	00000002	6a8eba6d	00000000	00000030	00000000	00000000	00000000
usr/lib/modules/7.1.5-sp11-render-parity-v4+/kernel/drivers/net/ethernet/amazon/ena/ena.ko.zst	000008df	000081a4	000003e8	000003e8	00000001	6a7f6548	00000000	00000030	00000000	00000000	00000000
usr/lib/modules/7.1.5-sp11-render-parity-v4+/kernel/drivers/net/ethernet/amd	000008e0	000041ed	000003e8	000003e8	00000004	6a8eba6d	00000000	00000030	00000000	00000000	00000000
usr/lib/modules/7.1.5-sp11-render-parity-v4+/kernel/drivers/net/ethernet/amd/amd8111e.ko.zst	000008e1	000081a4	000003e8	000003e8	00000001	6a7f6548	00000000	00000030	00000000	00000000	00000000
usr/lib/modules/7.1.5-sp11-render-parity-v4+/kernel/drivers/net/ethernet/amd/pcnet32.ko.zst	000008e2	000081a4	000003e8	000003e8	00000001	6a7f6548	00000000	00000030	00000000	00000000	00000000
usr/lib/modules/7.1.5-sp11-render-parity-v4+/kernel/drivers/net/ethernet/amd/pds_core	000008e3	000041ed	000003e8	000003e8	00000002	6a8eba6d	00000000	00000030	00000000	00000000	00000000
usr/lib/modules/7.1.5-sp11-render-parity-v4+/kernel/drivers/net/ethernet/amd/pds_core/pds_core.ko.zst	000008e4	000081a4	000003e8	000003e8	00000001	6a7f6548	00000000	00000030	00000000	00000000	00000000
usr/lib/modules/7.1.5-sp11-render-parity-v4+/kernel/drivers/net/ethernet/amd/xgbe	000008e5	000041ed	000003e8	000003e8	00000002	6a8eba6d	00000000	00000030	00000000	00000000	00000000
usr/lib/modules/7.1.5-sp11-render-parity-v4+/kernel/drivers/net/ethernet/amd/xgbe/amd-xgbe.ko.zst	000008e6	000081a4	000003e8	000003e8	00000001	6a7f6548	00000000	00000030	00000000	00000000	00000000
usr/lib/modules/7.1.5-sp11-render-parity-v4+/kernel/drivers/net/ethernet/apm	000008e7	000041ed	000003e8	000003e8	00000004	6a8eba6d	00000000	00000030	00000000	00000000	00000000
usr/lib/modules/7.1.5-sp11-render-parity-v4+/kernel/drivers/net/ethernet/apm/xgene	000008e8	000041ed	000003e8	000003e8	00000002	6a8eba6d	00000000	00000030	00000000	00000000	00000000
usr/lib/modules/7.1.5-sp11-render-parity-v4+/kernel/drivers/net/ethernet/apm/xgene-v2	000008e9	000041ed	000003e8	000003e8	00000002	6a8eba6d	00000000	00000030	00000000	00000000	00000000
usr/lib/modules/7.1.5-sp11-render-parity-v4+/kernel/drivers/net/ethernet/apm/xgene-v2/xgene-enet-v2.ko.zst	000008ea	000081a4	000003e8	000003e8	00000001	6a7f654f	00000000	00000030	00000000	00000000	00000000
usr/lib/modules/7.1.5-sp11-render-parity-v4+/kernel/drivers/net/ethernet/apm/xgene/xgene-enet.ko.zst	000008eb	000081a4	000003e8	000003e8	00000001	6a7f654f	00000000	00000030	00000000	00000000	00000000
usr/lib/modules/7.1.5-sp11-render-parity-v4+/kernel/drivers/net/ethernet/aquantia	000008ec	000041ed	000003e8	000003e8	00000003	6a8eba6d	00000000	00000030	00000000	00000000	00000000
usr/lib/modules/7.1.5-sp11-render-parity-v4+/kernel/drivers/net/ethernet/aquantia/atlantic	000008ed	000041ed	000003e8	000003e8	00000002	6a8eba6d	00000000	00000030	00000000	00000000	00000000
usr/lib/modules/7.1.5-sp11-render-parity-v4+/kernel/drivers/net/ethernet/aquantia/atlantic/atlantic.ko.zst	000008ee	000081a4	000003e8	000003e8	00000001	6a7f6548	00000000	00000030	00000000	00000000	00000000
usr/lib/modules/7.1.5-sp11-render-parity-v4+/kernel/drivers/net/ethernet/arc	000008ef	000041ed	000003e8	000003e8	00000002	6a8eba6d	00000000	00000030	00000000	00000000	00000000
usr/lib/modules/7.1.5-sp11-render-parity-v4+/kernel/drivers/net/ethernet/arc/arc_emac.ko.zst	000008f0	000081a4	000003e8	000003e8	00000001	6a7f6548	00000000	00000030	00000000	00000000	00000000
usr/lib/modules/7.1.5-sp11-render-parity-v4+/kernel/drivers/net/ethernet/arc/emac_rockchip.ko.zst	000008f1	000081a4	000003e8	000003e8	00000001	6a7f6548	00000000	00000030	00000000	00000000	00000000
usr/lib/modules/7.1.5-sp11-render-parity-v4+/kernel/drivers/net/ethernet/asix	000008f2	000041ed	000003e8	000003e8	00000002	6a8eba6d	00000000	00000030	00000000	00000000	00000000
usr/lib/modules/7.1.5-sp11-render-parity-v4+/kernel/drivers/net/ethernet/asix/ax88796c.ko.zst	000008f3	000081a4	000003e8	000003e8	00000001	6a7f6548	00000000	00000030	00000000	00000000	00000000
usr/lib/modules/7.1.5-sp11-render-parity-v4+/kernel/drivers/net/ethernet/atheros	000008f4	000041ed	000003e8	000003e8	00000006	6a8eba6d	00000000	00000030	00000000	00000000	00000000
usr/lib/modules/7.1.5-sp11-render-parity-v4+/kernel/drivers/net/ethernet/atheros/alx	000008f5	000041ed	000003e8	000003e8	00000002	6a8eba6d	00000000	00000030	00000000	00000000	00000000
usr/lib/modules/7.1.5-sp11-render-parity-v4+/kernel/drivers/net/ethernet/atheros/alx/alx.ko.zst	000008f6	000081a4	000003e8	000003e8	00000001	6a7f6548	00000000	00000030	00000000	00000000	00000000
usr/lib/modules/7.1.5-sp11-render-parity-v4+/kernel/drivers/net/ethernet/atheros/atl1c	000008f7	000041ed	000003e8	000003e8	00000002	6a8eba6d	00000000	00000030	00000000	00000000	00000000
usr/lib/modules/7.1.5-sp11-render-parity-v4+/kernel/drivers/net/ethernet/atheros/atl1c/atl1c.ko.zst	000008f8	000081a4	000003e8	000003e8	00000001	6a7f6548	00000000	00000030	00000000	00000000	00000000
usr/lib/modules/7.1.5-sp11-render-parity-v4+/kernel/drivers/net/ethernet/atheros/atl1e	000008f9	000041ed	000003e8	000003e8	00000002	6a8eba6d	00000000	00000030	00000000	00000000	00000000
usr/lib/modules/7.1.5-sp11-render-parity-v4+/kernel/drivers/net/ethernet/atheros/atl1e/atl1e.ko.zst	000008fa	000081a4	000003e8	000003e8	00000001	6a7f6548	00000000	00000030	00000000	00000000	00000000
usr/lib/modules/7.1.5-sp11-render-parity-v4+/kernel/drivers/net/ethernet/atheros/atlx	000008fb	000041ed	000003e8	000003e8	00000002	6a8eba6d	00000000	00000030	00000000	00000000	00000000
usr/lib/modules/7.1.5-sp11-render-parity-v4+/kernel/drivers/net/ethernet/atheros/atlx/atl1.ko.zst	000008fc	000081a4	000003e8	000003e8	00000001	6a7f6548	00000000	00000030	00000000	00000000	00000000
usr/lib/modules/7.1.5-sp11-render-parity-v4+/kernel/drivers/net/ethernet/atheros/atlx/atl2.ko.zst	000008fd	000081a4	000003e8	000003e8	00000001	6a7f6548	00000000	00000030	00000000	00000000	00000000
usr/lib/modules/7.1.5-sp11-render-parity-v4+/kernel/drivers/net/ethernet/broadcom	000008fe	000041ed	000003e8	000003e8	00000005	6a8eba6d	00000000	00000030	00000000	00000000	00000000
usr/lib/modules/7.1.5-sp11-render-parity-v4+/kernel/drivers/net/ethernet/broadcom/b44.ko.zst	000008ff	000081a4	000003e8	000003e8	00000001	6a7f6549	00000000	00000030	00000000	00000000	00000000
usr/lib/modules/7.1.5-sp11-render-parity-v4+/kernel/drivers/net/ethernet/broadcom/bcmsysport.ko.zst	00000900	000081a4	000003e8	000003e8	00000001	6a7f6549	00000000	00000030	00000000	00000000	00000000
usr/lib/modules/7.1.5-sp11-render-parity-v4+/kernel/drivers/net/ethernet/broadcom/bnx2.ko.zst	00000901	000081a4	000003e8	000003e8	00000001	6a7f6549	00000000	00000030	00000000	00000000	00000000
usr/lib/modules/7.1.5-sp11-render-parity-v4+/kernel/drivers/net/ethernet/broadcom/bnx2x	00000902	000041ed	000003e8	000003e8	00000002	6a8eba6d	00000000	00000030	00000000	00000000	00000000
usr/lib/modules/7.1.5-sp11-render-parity-v4+/kernel/drivers/net/ethernet/broadcom/bnx2x/bnx2x.ko.zst	00000903	000081a4	000003e8	000003e8	00000001	6a7f6549	00000000	00000030	00000000	00000000	00000000
usr/lib/modules/7.1.5-sp11-render-parity-v4+/kernel/drivers/net/ethernet/broadcom/bnxt	00000904	000041ed	000003e8	000003e8	00000002	6a8eba6d	00000000	00000030	00000000	00000000	00000000
usr/lib/modules/7.1.5-sp11-render-parity-v4+/kernel/drivers/net/ethernet/broadcom/bnxt/bnxt_en.ko.zst	00000905	000081a4	000003e8	000003e8	00000001	6a7f6549	00000000	00000030	00000000	00000000	00000000
usr/lib/modules/7.1.5-sp11-render-parity-v4+/kernel/drivers/net/ethernet/broadcom/cnic.ko.zst	00000906	000081a4	000003e8	000003e8	00000001	6a7f6549	00000000	00000030	00000000	00000000	00000000
usr/lib/modules/7.1.5-sp11-render-parity-v4+/kernel/drivers/net/ethernet/broadcom/genet	00000907	000041ed	000003e8	000003e8	00000002	6a8eba6d	00000000	00000030	00000000	00000000	00000000
usr/lib/modules/7.1.5-sp11-render-parity-v4+/kernel/drivers/net/ethernet/broadcom/genet/genet.ko.zst	00000908	000081a4	000003e8	000003e8	00000001	6a7f6549	00000000	00000030	00000000	00000000	00000000
usr/lib/modules/7.1.5-sp11-render-parity-v4+/kernel/drivers/net/ethernet/broadcom/tg3.ko.zst	00000909	000081a4	000003e8	000003e8	00000001	6a7f6549	00000000	00000030	00000000	00000000	00000000
usr/lib/modules/7.1.5-sp11-render-parity-v4+/kernel/drivers/net/ethernet/brocade	0000090a	000041ed	000003e8	000003e8	00000003	6a8eba6d	00000000	00000030	00000000	00000000	00000000
usr/lib/modules/7.1.5-sp11-render-parity-v4+/kernel/drivers/net/ethernet/brocade/bna	0000090b	000041ed	000003e8	000003e8	00000002	6a8eba6d	00000000	00000030	00000000	00000000	00000000
usr/lib/modules/7.1.5-sp11-render-parity-v4+/kernel/drivers/net/ethernet/brocade/bna/bna.ko.zst	0000090c	000081a4	000003e8	000003e8	00000001	6a7f6549	00000000	00000030	00000000	00000000	00000000
usr/lib/modules/7.1.5-sp11-render-parity-v4+/kernel/drivers/net/ethernet/cadence	0000090d	000041ed	000003e8	000003e8	00000002	6a8eba6d	00000000	00000030	00000000	00000000	00000000
usr/lib/modules/7.1.5-sp11-render-parity-v4+/kernel/drivers/net/ethernet/cadence/macb.ko.zst	0000090e	000081a4	000003e8	000003e8	00000001	6a7f6549	00000000	00000030	00000000	00000000	00000000
usr/lib/modules/7.1.5-sp11-render-parity-v4+/kernel/drivers/net/ethernet/cadence/macb_pci.ko.zst	0000090f	000081a4	000003e8	000003e8	00000001	6a7f6549	00000000	00000030	00000000	00000000	00000000
usr/lib/modules/7.1.5-sp11-render-parity-v4+/kernel/drivers/net/ethernet/cavium	00000910	000041ed	000003e8	000003e8	00000005	6a8eba6d	00000000	00000030	00000000	00000000	00000000
usr/lib/modules/7.1.5-sp11-render-parity-v4+/kernel/drivers/net/ethernet/cavium/common	00000911	000041ed	000003e8	000003e8	00000002	6a8eba6d	00000000	00000030	00000000	00000000	00000000
usr/lib/modules/7.1.5-sp11-render-parity-v4+/kernel/drivers/net/ethernet/cavium/common/cavium_ptp.ko.zst	00000912	000081a4	000003e8	000003e8	00000001	6a7f6549	00000000	00000030	00000000	00000000	00000000
usr/lib/modules/7.1.5-sp11-render-parity-v4+/kernel/drivers/net/ethernet/cavium/liquidio	00000913	000041ed	000003e8	000003e8	00000002	6a8eba6d	00000000	00000030	00000000	00000000	00000000
usr/lib/modules/7.1.5-sp11-render-parity-v4+/kernel/drivers/net/ethernet/cavium/liquidio/liquidio-core.ko.zst	00000914	000081a4	000003e8	000003e8	00000001	6a7f6549	00000000	00000030	00000000	00000000	00000000
usr/lib/modules/7.1.5-sp11-render-parity-v4+/kernel/drivers/net/ethernet/cavium/liquidio/liquidio.ko.zst	00000915	000081a4	000003e8	000003e8	00000001	6a7f6549	00000000	00000030	00000000	00000000	00000000
usr/lib/modules/7.1.5-sp11-render-parity-v4+/kernel/drivers/net/ethernet/cavium/liquidio/liquidio_vf.ko.zst	00000916	000081a4	000003e8	000003e8	00000001	6a7f6549	00000000	00000030	00000000	00000000	00000000
usr/lib/modules/7.1.5-sp11-render-parity-v4+/kernel/drivers/net/ethernet/cavium/thunder	00000917	000041ed	000003e8	000003e8	00000002	6a8eba6d	00000000	00000030	00000000	00000000	00000000
usr/lib/modules/7.1.5-sp11-render-parity-v4+/kernel/drivers/net/ethernet/cavium/thunder/nicpf.ko.zst	00000918	000081a4	000003e8	000003e8	00000001	6a7f6549	00000000	00000030	00000000	00000000	00000000
usr/lib/modules/7.1.5-sp11-render-parity-v4+/kernel/drivers/net/ethernet/cavium/thunder/nicvf.ko.zst	00000919	000081a4	000003e8	000003e8	00000001	6a7f6549	00000000	00000030	00000000	00000000	00000000
usr/lib/modules/7.1.5-sp11-render-parity-v4+/kernel/drivers/net/ethernet/cavium/thunder/thunder_bgx.ko.zst	0000091a	000081a4	000003e8	000003e8	00000001	6a7f6549	00000000	00000030	00000000	00000000	00000000
usr/lib/modules/7.1.5-sp11-render-parity-v4+/kernel/drivers/net/ethernet/cavium/thunder/thunder_xcv.ko.zst	0000091b	000081a4	000003e8	000003e8	00000001	6a7f6549	00000000	00000030	00000000	00000000	00000000
usr/lib/modules/7.1.5-sp11-render-parity-v4+/kernel/drivers/net/ethernet/chelsio	0000091c	000041ed	000003e8	000003e8	00000008	6a8eba6d	00000000	00000030	00000000	00000000	00000000
usr/lib/modules/7.1.5-sp11-render-parity-v4+/kernel/drivers/net/ethernet/chelsio/cxgb	0000091d	000041ed	000003e8	000003e8	00000002	6a8eba6d	00000000	00000030	00000000	00000000	00000000
usr/lib/modules/7.1.5-sp11-render-parity-v4+/kernel/drivers/net/ethernet/chelsio/cxgb/cxgb.ko.zst	00000924	000081a4	000003e8	000003e8	00000001	6a7f6549	00000000	00000030	00000000	00000000	00000000
usr/lib/modules/7.1.5-sp11-render-parity-v4+/kernel/drivers/net/ethernet/chelsio/cxgb3	0000091e	000041ed	000003e8	000003e8	00000002	6a8eba6d	00000000	00000030	00000000	00000000	00000000
usr/lib/modules/7.1.5-sp11-render-parity-v4+/kernel/drivers/net/ethernet/chelsio/cxgb3/cxgb3.ko.zst	0000091f	000081a4	000003e8	000003e8	00000001	6a7f6549	00000000	00000030	00000000	00000000	00000000
usr/lib/modules/7.1.5-sp11-render-parity-v4+/kernel/drivers/net/ethernet/chelsio/cxgb4	00000920	000041ed	000003e8	000003e8	00000002	6a8eba6d	00000000	00000030	00000000	00000000	00000000
usr/lib/modules/7.1.5-sp11-render-parity-v4+/kernel/drivers/net/ethernet/chelsio/cxgb4/cxgb4.ko.zst	00000921	000081a4	000003e8	000003e8	00000001	6a7f6549	00000000	00000030	00000000	00000000	00000000
usr/lib/modules/7.1.5-sp11-render-parity-v4+/kernel/drivers/net/ethernet/chelsio/cxgb4vf	00000922	000041ed	000003e8	000003e8	00000002	6a8eba6d	00000000	00000030	00000000	00000000	00000000
usr/lib/modules/7.1.5-sp11-render-parity-v4+/kernel/drivers/net/ethernet/chelsio/cxgb4vf/cxgb4vf.ko.zst	00000923	000081a4	000003e8	000003e8	00000001	6a7f6549	00000000	00000030	00000000	00000000	00000000
usr/lib/modules/7.1.5-sp11-render-parity-v4+/kernel/drivers/net/ethernet/chelsio/inline_crypto	00000925	000041ed	000003e8	000003e8	00000004	6a8eba6d	00000000	00000030	00000000	00000000	00000000
usr/lib/modules/7.1.5-sp11-render-parity-v4+/kernel/drivers/net/ethernet/chelsio/inline_crypto/ch_ipsec	00000926	000041ed	000003e8	000003e8	00000002	6a8eba6d	00000000	00000030	00000000	00000000	00000000
usr/lib/modules/7.1.5-sp11-render-parity-v4+/kernel/drivers/net/ethernet/chelsio/inline_crypto/ch_ipsec/ch_ipsec.ko.zst	00000927	000081a4	000003e8	000003e8	00000001	6a7f6549	00000000	00000030	00000000	00000000	00000000
usr/lib/modules/7.1.5-sp11-render-parity-v4+/kernel/drivers/net/ethernet/chelsio/inline_crypto/ch_ktls	00000928	000041ed	000003e8	000003e8	00000002	6a8eba6d	00000000	00000030	00000000	00000000	00000000
usr/lib/modules/7.1.5-sp11-render-parity-v4+/kernel/drivers/net/ethernet/chelsio/inline_crypto/ch_ktls/ch_ktls.ko.zst	00000929	000081a4	000003e8	000003e8	00000001	6a7f6549	00000000	00000030	00000000	00000000	00000000
usr/lib/modules/7.1.5-sp11-render-parity-v4+/kernel/drivers/net/ethernet/chelsio/libcxgb	0000092a	000041ed	000003e8	000003e8	00000002	6a8eba6d	00000000	00000030	00000000	00000000	00000000
usr/lib/modules/7.1.5-sp11-render-parity-v4+/kernel/drivers/net/ethernet/chelsio/libcxgb/libcxgb.ko.zst	0000092b	000081a4	000003e8	000003e8	00000001	6a7f6549	00000000	00000030	00000000	00000000	00000000
usr/lib/modules/7.1.5-sp11-render-parity-v4+/kernel/drivers/net/ethernet/cisco	0000092c	000041ed	000003e8	000003e8	00000003	6a8eba6d	00000000	00000030	00000000	00000000	00000000
usr/lib/modules/7.1.5-sp11-render-parity-v4+/kernel/drivers/net/ethernet/cisco/enic	0000092d	000041ed	000003e8	000003e8	00000002	6a8eba6d	00000000	00000030	00000000	00000000	00000000
usr/lib/modules/7.1.5-sp11-render-parity-v4+/kernel/drivers/net/ethernet/cisco/enic/enic.ko.zst	0000092e	000081a4	000003e8	000003e8	00000001	6a7f6549	00000000	00000030	00000000	00000000	00000000
usr/lib/modules/7.1.5-sp11-render-parity-v4+/kernel/drivers/net/ethernet/cortina	0000092f	000041ed	000003e8	000003e8	00000002	6a8eba6d	00000000	00000030	00000000	00000000	00000000
usr/lib/modules/7.1.5-sp11-render-parity-v4+/kernel/drivers/net/ethernet/cortina/gemini.ko.zst	00000930	000081a4	000003e8	000003e8	00000001	6a7f6549	00000000	00000030	00000000	00000000	00000000
usr/lib/modules/7.1.5-sp11-render-parity-v4+/kernel/drivers/net/ethernet/dec	00000931	000041ed	000003e8	000003e8	00000003	6a8eba6d	00000000	00000030	00000000	00000000	00000000
usr/lib/modules/7.1.5-sp11-render-parity-v4+/kernel/drivers/net/ethernet/dec/tulip	00000932	000041ed	000003e8	000003e8	00000002	6a8eba6d	00000000	00000030	00000000	00000000	00000000
usr/lib/modules/7.1.5-sp11-render-parity-v4+/kernel/drivers/net/ethernet/dec/tulip/de2104x.ko.zst	00000933	000081a4	000003e8	000003e8	00000001	6a7f654a	00000000	00000030	00000000	00000000	00000000
usr/lib/modules/7.1.5-sp11-render-parity-v4+/kernel/drivers/net/ethernet/dec/tulip/dmfe.ko.zst	00000934	000081a4	000003e8	000003e8	00000001	6a7f6549	00000000	00000030	00000000	00000000	00000000
usr/lib/modules/7.1.5-sp11-render-parity-v4+/kernel/drivers/net/ethernet/dec/tulip/tulip.ko.zst	00000935	000081a4	000003e8	000003e8	00000001	6a7f654a	00000000	00000030	00000000	00000000	00000000
usr/lib/modules/7.1.5-sp11-render-parity-v4+/kernel/drivers/net/ethernet/dec/tulip/uli526x.ko.zst	00000936	000081a4	000003e8	000003e8	00000001	6a7f654a	00000000	00000030	00000000	00000000	00000000
usr/lib/modules/7.1.5-sp11-render-parity-v4+/kernel/drivers/net/ethernet/dec/tulip/winbond-840.ko.zst	00000937	000081a4	000003e8	000003e8	00000001	6a7f6549	00000000	00000030	00000000	00000000	00000000
usr/lib/modules/7.1.5-sp11-render-parity-v4+/kernel/drivers/net/ethernet/dec/tulip/xircom_cb.ko.zst	00000938	000081a4	000003e8	000003e8	00000001	6a7f6549	00000000	00000030	00000000	00000000	00000000
usr/lib/modules/7.1.5-sp11-render-parity-v4+/kernel/drivers/net/ethernet/dlink	00000939	000041ed	000003e8	000003e8	00000002	6a8eba6d	00000000	00000030	00000000	00000000	00000000
usr/lib/modules/7.1.5-sp11-render-parity-v4+/kernel/drivers/net/ethernet/dlink/dl2k.ko.zst	0000093a	000081a4	000003e8	000003e8	00000001	6a7f654a	00000000	00000030	00000000	00000000	00000000
usr/lib/modules/7.1.5-sp11-render-parity-v4+/kernel/drivers/net/ethernet/emulex	0000093b	000041ed	000003e8	000003e8	00000003	6a8eba6d	00000000	00000030	00000000	00000000	00000000
usr/lib/modules/7.1.5-sp11-render-parity-v4+/kernel/drivers/net/ethernet/emulex/benet	0000093c	000041ed	000003e8	000003e8	00000002	6a8eba6d	00000000	00000030	00000000	00000000	00000000
usr/lib/modules/7.1.5-sp11-render-parity-v4+/kernel/drivers/net/ethernet/emulex/benet/be2net.ko.zst	0000093d	000081a4	000003e8	000003e8	00000001	6a7f654a	00000000	00000030	00000000	00000000	00000000
usr/lib/modules/7.1.5-sp11-render-parity-v4+/kernel/drivers/net/ethernet/engleder	0000093e	000041ed	000003e8	000003e8	00000002	6a8eba6d	00000000	00000030	00000000	00000000	00000000
usr/lib/modules/7.1.5-sp11-render-parity-v4+/kernel/drivers/net/ethernet/engleder/tsnep.ko.zst	0000093f	000081a4	000003e8	000003e8	00000001	6a7f654a	00000000	00000030	00000000	00000000	00000000
usr/lib/modules/7.1.5-sp11-render-parity-v4+/kernel/drivers/net/ethernet/ethoc.ko.zst	00000940	000081a4	000003e8	000003e8	00000001	6a7f6550	00000000	00000030	00000000	00000000	00000000
usr/lib/modules/7.1.5-sp11-render-parity-v4+/kernel/drivers/net/ethernet/ezchip	00000941	000041ed	000003e8	000003e8	00000002	6a8eba6d	00000000	00000030	00000000	00000000	00000000
usr/lib/modules/7.1.5-sp11-render-parity-v4+/kernel/drivers/net/ethernet/ezchip/nps_enet.ko.zst	00000942	000081a4	000003e8	000003e8	00000001	6a7f654a	00000000	00000030	00000000	00000000	00000000
usr/lib/modules/7.1.5-sp11-render-parity-v4+/kernel/drivers/net/ethernet/fealnx.ko.zst	00000943	000081a4	000003e8	000003e8	00000001	6a7f6550	00000000	00000030	00000000	00000000	00000000
usr/lib/modules/7.1.5-sp11-render-parity-v4+/kernel/drivers/net/ethernet/freescale	00000944	000041ed	000003e8	000003e8	00000005	6a8eba6d	00000000	00000030	00000000	00000000	00000000
usr/lib/modules/7.1.5-sp11-render-parity-v4+/kernel/drivers/net/ethernet/freescale/dpaa	00000945	000041ed	000003e8	000003e8	00000002	6a8eba6d	00000000	00000030	00000000	00000000	00000000
usr/lib/modules/7.1.5-sp11-render-parity-v4+/kernel/drivers/net/ethernet/freescale/dpaa/fsl_dpa.ko.zst	0000094b	000081a4	000003e8	000003e8	00000001	6a7f654a	00000000	00000030	00000000	00000000	00000000
usr/lib/modules/7.1.5-sp11-render-parity-v4+/kernel/drivers/net/ethernet/freescale/dpaa2	00000946	000041ed	000003e8	000003e8	00000002	6a8eba6d	00000000	00000030	00000000	00000000	00000000
usr/lib/modules/7.1.5-sp11-render-parity-v4+/kernel/drivers/net/ethernet/freescale/dpaa2/fsl-dpaa2-eth.ko.zst	00000947	000081a4	000003e8	000003e8	00000001	6a7f654a	00000000	00000030	00000000	00000000	00000000
usr/lib/modules/7.1.5-sp11-render-parity-v4+/kernel/drivers/net/ethernet/freescale/dpaa2/fsl-dpaa2-mac.ko.zst	00000948	000081a4	000003e8	000003e8	00000001	6a7f654a	00000000	00000030	00000000	00000000	00000000
usr/lib/modules/7.1.5-sp11-render-parity-v4+/kernel/drivers/net/ethernet/freescale/dpaa2/fsl-dpaa2-ptp.ko.zst	00000949	000081a4	000003e8	000003e8	00000001	6a7f654a	00000000	00000030	00000000	00000000	00000000
usr/lib/modules/7.1.5-sp11-render-parity-v4+/kernel/drivers/net/ethernet/freescale/dpaa2/fsl-dpaa2-switch.ko.zst	0000094a	000081a4	000003e8	000003e8	00000001	6a7f654a	00000000	00000030	00000000	00000000	00000000
usr/lib/modules/7.1.5-sp11-render-parity-v4+/kernel/drivers/net/ethernet/freescale/enetc	0000094c	000041ed	000003e8	000003e8	00000002	6a8eba6d	00000000	00000030	00000000	00000000	00000000
usr/lib/modules/7.1.5-sp11-render-parity-v4+/kernel/drivers/net/ethernet/freescale/enetc/fsl-enetc-core.ko.zst	0000094d	000081a4	000003e8	000003e8	00000001	6a7f654a	00000000	00000030	00000000	00000000	00000000
usr/lib/modules/7.1.5-sp11-render-parity-v4+/kernel/drivers/net/ethernet/freescale/enetc/fsl-enetc-ierb.ko.zst	0000094e	000081a4	000003e8	000003e8	00000001	6a7f654a	00000000	00000030	00000000	00000000	00000000
usr/lib/modules/7.1.5-sp11-render-parity-v4+/kernel/drivers/net/ethernet/freescale/enetc/fsl-enetc-mdio.ko.zst	00000950	000081a4	000003e8	000003e8	00000001	6a7f654a	00000000	00000030	00000000	00000000	00000000
usr/lib/modules/7.1.5-sp11-render-parity-v4+/kernel/drivers/net/ethernet/freescale/enetc/fsl-enetc-ptp.ko.zst	00000951	000081a4	000003e8	000003e8	00000001	6a7f654a	00000000	00000030	00000000	00000000	00000000
usr/lib/modules/7.1.5-sp11-render-parity-v4+/kernel/drivers/net/ethernet/freescale/enetc/fsl-enetc-vf.ko.zst	00000952	000081a4	000003e8	000003e8	00000001	6a7f654a	00000000	00000030	00000000	00000000	00000000
usr/lib/modules/7.1.5-sp11-render-parity-v4+/kernel/drivers/net/ethernet/freescale/enetc/fsl-enetc.ko.zst	0000094f	000081a4	000003e8	000003e8	00000001	6a7f654a	00000000	00000030	00000000	00000000	00000000
usr/lib/modules/7.1.5-sp11-render-parity-v4+/kernel/drivers/net/ethernet/freescale/enetc/nxp-enetc-pf-common.ko.zst	00000953	000081a4	000003e8	000003e8	00000001	6a7f654a	00000000	00000030	00000000	00000000	00000000
usr/lib/modules/7.1.5-sp11-render-parity-v4+/kernel/drivers/net/ethernet/freescale/fsl_pq_mdio.ko.zst	00000954	000081a4	000003e8	000003e8	00000001	6a7f654a	00000000	00000030	00000000	00000000	00000000
usr/lib/modules/7.1.5-sp11-render-parity-v4+/kernel/drivers/net/ethernet/freescale/gianfar_driver.ko.zst	00000955	000081a4	000003e8	000003e8	00000001	6a7f654a	00000000	00000030	00000000	00000000	00000000
usr/lib/modules/7.1.5-sp11-render-parity-v4+/kernel/drivers/net/ethernet/fungible	00000956	000041ed	000003e8	000003e8	00000004	6a8eba6d	00000000	00000030	00000000	00000000	00000000
usr/lib/modules/7.1.5-sp11-render-parity-v4+/kernel/drivers/net/ethernet/fungible/funcore	00000957	000041ed	000003e8	000003e8	00000002	6a8eba6d	00000000	00000030	00000000	00000000	00000000
usr/lib/modules/7.1.5-sp11-render-parity-v4+/kernel/drivers/net/ethernet/fungible/funcore/funcore.ko.zst	00000958	000081a4	000003e8	000003e8	00000001	6a7f654a	00000000	00000030	00000000	00000000	00000000
usr/lib/modules/7.1.5-sp11-render-parity-v4+/kernel/drivers/net/ethernet/fungible/funeth	00000959	000041ed	000003e8	000003e8	00000002	6a8eba6d	00000000	00000030	00000000	00000000	00000000
usr/lib/modules/7.1.5-sp11-render-parity-v4+/kernel/drivers/net/ethernet/fungible/funeth/funeth.ko.zst	0000095a	000081a4	000003e8	000003e8	00000001	6a7f654a	00000000	00000030	00000000	00000000	00000000
usr/lib/modules/7.1.5-sp11-render-parity-v4+/kernel/drivers/net/ethernet/google	0000095b	000041ed	000003e8	000003e8	00000003	6a8eba6d	00000000	00000030	00000000	00000000	00000000
usr/lib/modules/7.1.5-sp11-render-parity-v4+/kernel/drivers/net/ethernet/google/gve	0000095c	000041ed	000003e8	000003e8	00000002	6a8eba6d	00000000	00000030	00000000	00000000	00000000
usr/lib/modules/7.1.5-sp11-render-parity-v4+/kernel/drivers/net/ethernet/google/gve/gve.ko.zst	0000095d	000081a4	000003e8	000003e8	00000001	6a7f654a	00000000	00000030	00000000	00000000	00000000
usr/lib/modules/7.1.5-sp11-render-parity-v4+/kernel/drivers/net/ethernet/hisilicon	0000095e	000041ed	000003e8	000003e8	00000004	6a8eba6d	00000000	00000030	00000000	00000000	00000000
usr/lib/modules/7.1.5-sp11-render-parity-v4+/kernel/drivers/net/ethernet/hisilicon/hip04_eth.ko.zst	0000095f	000081a4	000003e8	000003e8	00000001	6a7f654a	00000000	00000030	00000000	00000000	00000000
usr/lib/modules/7.1.5-sp11-render-parity-v4+/kernel/drivers/net/ethernet/hisilicon/hisi_femac.ko.zst	00000960	000081a4	000003e8	000003e8	00000001	6a7f654b	00000000	00000030	00000000	00000000	00000000
usr/lib/modules/7.1.5-sp11-render-parity-v4+/kernel/drivers/net/ethernet/hisilicon/hix5hd2_gmac.ko.zst	00000961	000081a4	000003e8	000003e8	00000001	6a7f654a	00000000	00000030	00000000	00000000	00000000
usr/lib/modules/7.1.5-sp11-render-parity-v4+/kernel/drivers/net/ethernet/hisilicon/hns	00000962	000041ed	000003e8	000003e8	00000002	6a8eba6d	00000000	00000030	00000000	00000000	00000000
usr/lib/modules/7.1.5-sp11-render-parity-v4+/kernel/drivers/net/ethernet/hisilicon/hns/hnae.ko.zst	00000969	000081a4	000003e8	000003e8	00000001	6a7f654a	00000000	00000030	00000000	00000000	00000000
usr/lib/modules/7.1.5-sp11-render-parity-v4+/kernel/drivers/net/ethernet/hisilicon/hns/hns_dsaf.ko.zst	0000096a	000081a4	000003e8	000003e8	00000001	6a7f654a	00000000	00000030	00000000	00000000	00000000
usr/lib/modules/7.1.5-sp11-render-parity-v4+/kernel/drivers/net/ethernet/hisilicon/hns/hns_enet_drv.ko.zst	0000096b	000081a4	000003e8	000003e8	00000001	6a7f654a	00000000	00000030	00000000	00000000	00000000
usr/lib/modules/7.1.5-sp11-render-parity-v4+/kernel/drivers/net/ethernet/hisilicon/hns3	00000963	000041ed	000003e8	000003e8	00000002	6a8eba6d	00000000	00000030	00000000	00000000	00000000
usr/lib/modules/7.1.5-sp11-render-parity-v4+/kernel/drivers/net/ethernet/hisilicon/hns3/hclge-common.ko.zst	00000964	000081a4	000003e8	000003e8	00000001	6a7f654a	00000000	00000030	00000000	00000000	00000000
usr/lib/modules/7.1.5-sp11-render-parity-v4+/kernel/drivers/net/ethernet/hisilicon/hns3/hclge.ko.zst	00000965	000081a4	000003e8	000003e8	00000001	6a7f654a	00000000	00000030	00000000	00000000	00000000
usr/lib/modules/7.1.5-sp11-render-parity-v4+/kernel/drivers/net/ethernet/hisilicon/hns3/hclgevf.ko.zst	00000966	000081a4	000003e8	000003e8	00000001	6a7f654a	00000000	00000030	00000000	00000000	00000000
usr/lib/modules/7.1.5-sp11-render-parity-v4+/kernel/drivers/net/ethernet/hisilicon/hns3/hnae3.ko.zst	00000967	000081a4	000003e8	000003e8	00000001	6a7f654a	00000000	00000030	00000000	00000000	00000000
usr/lib/modules/7.1.5-sp11-render-parity-v4+/kernel/drivers/net/ethernet/hisilicon/hns3/hns3.ko.zst	00000968	000081a4	000003e8	000003e8	00000001	6a7f654a	00000000	00000030	00000000	00000000	00000000
usr/lib/modules/7.1.5-sp11-render-parity-v4+/kernel/drivers/net/ethernet/hisilicon/hns_mdio.ko.zst	0000096c	000081a4	000003e8	000003e8	00000001	6a7f654a	00000000	00000030	00000000	00000000	00000000
usr/lib/modules/7.1.5-sp11-render-parity-v4+/kernel/drivers/net/ethernet/huawei	0000096d	000041ed	000003e8	000003e8	00000003	6a8eba6d	00000000	00000030	00000000	00000000	00000000
usr/lib/modules/7.1.5-sp11-render-parity-v4+/kernel/drivers/net/ethernet/huawei/hinic	0000096e	000041ed	000003e8	000003e8	00000002	6a8eba6d	00000000	00000030	00000000	00000000	00000000
usr/lib/modules/7.1.5-sp11-render-parity-v4+/kernel/drivers/net/ethernet/huawei/hinic/hinic.ko.zst	0000096f	000081a4	000003e8	000003e8	00000001	6a7f654b	00000000	00000030	00000000	00000000	00000000
usr/lib/modules/7.1.5-sp11-render-parity-v4+/kernel/drivers/net/ethernet/intel	00000970	000041ed	000003e8	000003e8	00000010	6a8eba6d	00000000	00000030	00000000	00000000	00000000
usr/lib/modules/7.1.5-sp11-render-parity-v4+/kernel/drivers/net/ethernet/intel/e100.ko.zst	00000975	000081a4	000003e8	000003e8	00000001	6a7f654b	00000000	00000030	00000000	00000000	00000000
usr/lib/modules/7.1.5-sp11-render-parity-v4+/kernel/drivers/net/ethernet/intel/e1000	00000971	000041ed	000003e8	000003e8	00000002	6a8eba6d	00000000	00000030	00000000	00000000	00000000
usr/lib/modules/7.1.5-sp11-render-parity-v4+/kernel/drivers/net/ethernet/intel/e1000/e1000.ko.zst	00000973	000081a4	000003e8	000003e8	00000001	6a7f654b	00000000	00000030	00000000	00000000	00000000
usr/lib/modules/7.1.5-sp11-render-parity-v4+/kernel/drivers/net/ethernet/intel/e1000e	00000972	000041ed	000003e8	000003e8	00000002	6a8eba6d	00000000	00000030	00000000	00000000	00000000
usr/lib/modules/7.1.5-sp11-render-parity-v4+/kernel/drivers/net/ethernet/intel/e1000e/e1000e.ko.zst	00000974	000081a4	000003e8	000003e8	00000001	6a7f654b	00000000	00000030	00000000	00000000	00000000
usr/lib/modules/7.1.5-sp11-render-parity-v4+/kernel/drivers/net/ethernet/intel/fm10k	00000976	000041ed	000003e8	000003e8	00000002	6a8eba6d	00000000	00000030	00000000	00000000	00000000
usr/lib/modules/7.1.5-sp11-render-parity-v4+/kernel/drivers/net/ethernet/intel/fm10k/fm10k.ko.zst	00000977	000081a4	000003e8	000003e8	00000001	6a7f654b	00000000	00000030	00000000	00000000	00000000
usr/lib/modules/7.1.5-sp11-render-parity-v4+/kernel/drivers/net/ethernet/intel/i40e	00000978	000041ed	000003e8	000003e8	00000002	6a8eba6d	00000000	00000030	00000000	00000000	00000000
usr/lib/modules/7.1.5-sp11-render-parity-v4+/kernel/drivers/net/ethernet/intel/i40e/i40e.ko.zst	00000979	000081a4	000003e8	000003e8	00000001	6a7f654b	00000000	00000030	00000000	00000000	00000000
usr/lib/modules/7.1.5-sp11-render-parity-v4+/kernel/drivers/net/ethernet/intel/iavf	0000097a	000041ed	000003e8	000003e8	00000002	6a8eba6d	00000000	00000030	00000000	00000000	00000000
usr/lib/modules/7.1.5-sp11-render-parity-v4+/kernel/drivers/net/ethernet/intel/iavf/iavf.ko.zst	0000097b	000081a4	000003e8	000003e8	00000001	6a7f654b	00000000	00000030	00000000	00000000	00000000
usr/lib/modules/7.1.5-sp11-render-parity-v4+/kernel/drivers/net/ethernet/intel/ice	0000097c	000041ed	000003e8	000003e8	00000002	6a8eba6d	00000000	00000030	00000000	00000000	00000000
usr/lib/modules/7.1.5-sp11-render-parity-v4+/kernel/drivers/net/ethernet/intel/ice/ice.ko.zst	0000097d	000081a4	000003e8	000003e8	00000001	6a7f654b	00000000	00000030	00000000	00000000	00000000
usr/lib/modules/7.1.5-sp11-render-parity-v4+/kernel/drivers/net/ethernet/intel/idpf	0000097e	000041ed	000003e8	000003e8	00000002	6a8eba6d	00000000	00000030	00000000	00000000	00000000
usr/lib/modules/7.1.5-sp11-render-parity-v4+/kernel/drivers/net/ethernet/intel/idpf/idpf.ko.zst	0000097f	000081a4	000003e8	000003e8	00000001	6a7f654b	00000000	00000030	00000000	00000000	00000000
usr/lib/modules/7.1.5-sp11-render-parity-v4+/kernel/drivers/net/ethernet/intel/igb	00000980	000041ed	000003e8	000003e8	00000002	6a8eba6d	00000000	00000030	00000000	00000000	00000000
usr/lib/modules/7.1.5-sp11-render-parity-v4+/kernel/drivers/net/ethernet/intel/igb/igb.ko.zst	00000981	000081a4	000003e8	000003e8	00000001	6a7f654b	00000000	00000030	00000000	00000000	00000000
usr/lib/modules/7.1.5-sp11-render-parity-v4+/kernel/drivers/net/ethernet/intel/igbvf	00000982	000041ed	000003e8	000003e8	00000002	6a8eba6d	00000000	00000030	00000000	00000000	00000000
usr/lib/modules/7.1.5-sp11-render-parity-v4+/kernel/drivers/net/ethernet/intel/igbvf/igbvf.ko.zst	00000983	000081a4	000003e8	000003e8	00000001	6a7f654b	00000000	00000030	00000000	00000000	00000000
usr/lib/modules/7.1.5-sp11-render-parity-v4+/kernel/drivers/net/ethernet/intel/igc	00000984	000041ed	000003e8	000003e8	00000002	6a8eba6d	00000000	00000030	00000000	00000000	00000000
usr/lib/modules/7.1.5-sp11-render-parity-v4+/kernel/drivers/net/ethernet/intel/igc/igc.ko.zst	00000985	000081a4	000003e8	000003e8	00000001	6a7f654b	00000000	00000030	00000000	00000000	00000000
usr/lib/modules/7.1.5-sp11-render-parity-v4+/kernel/drivers/net/ethernet/intel/ixgbe	00000986	000041ed	000003e8	000003e8	00000002	6a8eba6d	00000000	00000030	00000000	00000000	00000000
usr/lib/modules/7.1.5-sp11-render-parity-v4+/kernel/drivers/net/ethernet/intel/ixgbe/ixgbe.ko.zst	00000987	000081a4	000003e8	000003e8	00000001	6a7f654b	00000000	00000030	00000000	00000000	00000000
usr/lib/modules/7.1.5-sp11-render-parity-v4+/kernel/drivers/net/ethernet/intel/ixgbevf	00000988	000041ed	000003e8	000003e8	00000002	6a8eba6d	00000000	00000030	00000000	00000000	00000000
usr/lib/modules/7.1.5-sp11-render-parity-v4+/kernel/drivers/net/ethernet/intel/ixgbevf/ixgbevf.ko.zst	00000989	000081a4	000003e8	000003e8	00000001	6a7f654b	00000000	00000030	00000000	00000000	00000000
usr/lib/modules/7.1.5-sp11-render-parity-v4+/kernel/drivers/net/ethernet/intel/libeth	0000098a	000041ed	000003e8	000003e8	00000002	6a8eba6d	00000000	00000030	00000000	00000000	00000000
usr/lib/modules/7.1.5-sp11-render-parity-v4+/kernel/drivers/net/ethernet/intel/libeth/libeth.ko.zst	0000098b	000081a4	000003e8	000003e8	00000001	6a7f654b	00000000	00000030	00000000	00000000	00000000
usr/lib/modules/7.1.5-sp11-render-parity-v4+/kernel/drivers/net/ethernet/intel/libeth/libeth_xdp.ko.zst	0000098c	000081a4	000003e8	000003e8	00000001	6a7f654b	00000000	00000030	00000000	00000000	00000000
usr/lib/modules/7.1.5-sp11-render-parity-v4+/kernel/drivers/net/ethernet/intel/libie	0000098d	000041ed	000003e8	000003e8	00000002	6a8eba6d	00000000	00000030	00000000	00000000	00000000
usr/lib/modules/7.1.5-sp11-render-parity-v4+/kernel/drivers/net/ethernet/intel/libie/libie.ko.zst	00000990	000081a4	000003e8	000003e8	00000001	6a7f654b	00000000	00000030	00000000	00000000	00000000
usr/lib/modules/7.1.5-sp11-render-parity-v4+/kernel/drivers/net/ethernet/intel/libie/libie_adminq.ko.zst	0000098e	000081a4	000003e8	000003e8	00000001	6a7f654b	00000000	00000030	00000000	00000000	00000000
usr/lib/modules/7.1.5-sp11-render-parity-v4+/kernel/drivers/net/ethernet/intel/libie/libie_fwlog.ko.zst	0000098f	000081a4	000003e8	000003e8	00000001	6a7f654b	00000000	00000030	00000000	00000000	00000000
usr/lib/modules/7.1.5-sp11-render-parity-v4+/kernel/drivers/net/ethernet/jme.ko.zst	00000991	000081a4	000003e8	000003e8	00000001	6a7f654f	00000000	00000030	00000000	00000000	00000000
usr/lib/modules/7.1.5-sp11-render-parity-v4+/kernel/drivers/net/ethernet/litex	00000992	000041ed	000003e8	000003e8	00000002	6a8eba6d	00000000	00000030	00000000	00000000	00000000
usr/lib/modules/7.1.5-sp11-render-parity-v4+/kernel/drivers/net/ethernet/litex/litex_liteeth.ko.zst	00000993	000081a4	000003e8	000003e8	00000001	6a7f654b	00000000	00000030	00000000	00000000	00000000
usr/lib/modules/7.1.5-sp11-render-parity-v4+/kernel/drivers/net/ethernet/marvell	00000994	000041ed	000003e8	000003e8	00000007	6a8eba6d	00000000	00000030	00000000	00000000	00000000
usr/lib/modules/7.1.5-sp11-render-parity-v4+/kernel/drivers/net/ethernet/marvell/mvmdio.ko.zst	00000995	000081a4	000003e8	000003e8	00000001	6a7f654c	00000000	00000030	00000000	00000000	00000000
usr/lib/modules/7.1.5-sp11-render-parity-v4+/kernel/drivers/net/ethernet/marvell/mvneta.ko.zst	00000996	000081a4	000003e8	000003e8	00000001	6a7f654c	00000000	00000030	00000000	00000000	00000000
usr/lib/modules/7.1.5-sp11-render-parity-v4+/kernel/drivers/net/ethernet/marvell/mvpp2	00000997	000041ed	000003e8	000003e8	00000002	6a8eba6d	00000000	00000030	00000000	00000000	00000000
usr/lib/modules/7.1.5-sp11-render-parity-v4+/kernel/drivers/net/ethernet/marvell/mvpp2/mvpp2.ko.zst	00000998	000081a4	000003e8	000003e8	00000001	6a7f654c	00000000	00000030	00000000	00000000	00000000
usr/lib/modules/7.1.5-sp11-render-parity-v4+/kernel/drivers/net/ethernet/marvell/octeon_ep	00000999	000041ed	000003e8	000003e8	00000002	6a8eba6d	00000000	00000030	00000000	00000000	00000000
usr/lib/modules/7.1.5-sp11-render-parity-v4+/kernel/drivers/net/ethernet/marvell/octeon_ep/octeon_ep.ko.zst	0000099a	000081a4	000003e8	000003e8	00000001	6a7f654b	00000000	00000030	00000000	00000000	00000000
usr/lib/modules/7.1.5-sp11-render-parity-v4+/kernel/drivers/net/ethernet/marvell/octeon_ep_vf	0000099b	000041ed	000003e8	000003e8	00000002	6a8eba6d	00000000	00000030	00000000	00000000	00000000
usr/lib/modules/7.1.5-sp11-render-parity-v4+/kernel/drivers/net/ethernet/marvell/octeon_ep_vf/octeon_ep_vf.ko.zst	0000099c	000081a4	000003e8	000003e8	00000001	6a7f654b	00000000	00000030	00000000	00000000	00000000
usr/lib/modules/7.1.5-sp11-render-parity-v4+/kernel/drivers/net/ethernet/marvell/octeontx2	0000099d	000041ed	000003e8	000003e8	00000004	6a8eba6d	00000000	00000030	00000000	00000000	00000000
usr/lib/modules/7.1.5-sp11-render-parity-v4+/kernel/drivers/net/ethernet/marvell/octeontx2/af	0000099e	000041ed	000003e8	000003e8	00000002	6a8eba6d	00000000	00000030	00000000	00000000	00000000
usr/lib/modules/7.1.5-sp11-render-parity-v4+/kernel/drivers/net/ethernet/marvell/octeontx2/af/rvu_af.ko.zst	0000099f	000081a4	000003e8	000003e8	00000001	6a7f654b	00000000	00000030	00000000	00000000	00000000
usr/lib/modules/7.1.5-sp11-render-parity-v4+/kernel/drivers/net/ethernet/marvell/octeontx2/af/rvu_mbox.ko.zst	000009a0	000081a4	000003e8	000003e8	00000001	6a7f654b	00000000	00000030	00000000	00000000	00000000
usr/lib/modules/7.1.5-sp11-render-parity-v4+/kernel/drivers/net/ethernet/marvell/octeontx2/nic	000009a1	000041ed	000003e8	000003e8	00000002	6a8eba6d	00000000	00000030	00000000	00000000	00000000
usr/lib/modules/7.1.5-sp11-render-parity-v4+/kernel/drivers/net/ethernet/marvell/octeontx2/nic/otx2_ptp.ko.zst	000009a2	000081a4	000003e8	000003e8	00000001	6a7f654b	00000000	00000030	00000000	00000000	00000000
usr/lib/modules/7.1.5-sp11-render-parity-v4+/kernel/drivers/net/ethernet/marvell/octeontx2/nic/rvu_nicpf.ko.zst	000009a3	000081a4	000003e8	000003e8	00000001	6a7f654b	00000000	00000030	00000000	00000000	00000000
usr/lib/modules/7.1.5-sp11-render-parity-v4+/kernel/drivers/net/ethernet/marvell/octeontx2/nic/rvu_nicvf.ko.zst	000009a4	000081a4	000003e8	000003e8	00000001	6a7f654b	00000000	00000030	00000000	00000000	00000000
usr/lib/modules/7.1.5-sp11-render-parity-v4+/kernel/drivers/net/ethernet/marvell/octeontx2/nic/rvu_rep.ko.zst	000009a5	000081a4	000003e8	000003e8	00000001	6a7f654c	00000000	00000030	00000000	00000000	00000000
usr/lib/modules/7.1.5-sp11-render-parity-v4+/kernel/drivers/net/ethernet/marvell/prestera	000009a6	000041ed	000003e8	000003e8	00000002	6a8eba6d	00000000	00000030	00000000	00000000	00000000
usr/lib/modules/7.1.5-sp11-render-parity-v4+/kernel/drivers/net/ethernet/marvell/prestera/prestera.ko.zst	000009a7	000081a4	000003e8	000003e8	00000001	6a7f654c	00000000	00000030	00000000	00000000	00000000
usr/lib/modules/7.1.5-sp11-render-parity-v4+/kernel/drivers/net/ethernet/marvell/prestera/prestera_pci.ko.zst	000009a8	000081a4	000003e8	000003e8	00000001	6a7f654c	00000000	00000030	00000000	00000000	00000000
usr/lib/modules/7.1.5-sp11-render-parity-v4+/kernel/drivers/net/ethernet/marvell/pxa168_eth.ko.zst	000009a9	000081a4	000003e8	000003e8	00000001	6a7f654c	00000000	00000030	00000000	00000000	00000000
usr/lib/modules/7.1.5-sp11-render-parity-v4+/kernel/drivers/net/ethernet/marvell/skge.ko.zst	000009aa	000081a4	000003e8	000003e8	00000001	6a7f654c	00000000	00000030	00000000	00000000	00000000
usr/lib/modules/7.1.5-sp11-render-parity-v4+/kernel/drivers/net/ethernet/marvell/sky2.ko.zst	000009ab	000081a4	000003e8	000003e8	00000001	6a7f654c	00000000	00000030	00000000	00000000	00000000
usr/lib/modules/7.1.5-sp11-render-parity-v4+/kernel/drivers/net/ethernet/mellanox	000009ac	000041ed	000003e8	000003e8	00000007	6a8eba6d	00000000	00000030	00000000	00000000	00000000
usr/lib/modules/7.1.5-sp11-render-parity-v4+/kernel/drivers/net/ethernet/mellanox/mlx4	000009ad	000041ed	000003e8	000003e8	00000002	6a8eba6d	00000000	00000030	00000000	00000000	00000000
usr/lib/modules/7.1.5-sp11-render-parity-v4+/kernel/drivers/net/ethernet/mellanox/mlx4/mlx4_core.ko.zst	000009ae	000081a4	000003e8	000003e8	00000001	6a7f654c	00000000	00000030	00000000	00000000	00000000
usr/lib/modules/7.1.5-sp11-render-parity-v4+/kernel/drivers/net/ethernet/mellanox/mlx4/mlx4_en.ko.zst	000009af	000081a4	000003e8	000003e8	00000001	6a7f654c	00000000	00000030	00000000	00000000	00000000
usr/lib/modules/7.1.5-sp11-render-parity-v4+/kernel/drivers/net/ethernet/mellanox/mlx5	000009b0	000041ed	000003e8	000003e8	00000003	6a8eba6d	00000000	00000030	00000000	00000000	00000000
usr/lib/modules/7.1.5-sp11-render-parity-v4+/kernel/drivers/net/ethernet/mellanox/mlx5/core	000009b1	000041ed	000003e8	000003e8	00000002	6a8eba6d	00000000	00000030	00000000	00000000	00000000
usr/lib/modules/7.1.5-sp11-render-parity-v4+/kernel/drivers/net/ethernet/mellanox/mlx5/core/mlx5_core.ko.zst	000009b2	000081a4	000003e8	000003e8	00000001	6a7f654c	00000000	00000030	00000000	00000000	00000000
usr/lib/modules/7.1.5-sp11-render-parity-v4+/kernel/drivers/net/ethernet/mellanox/mlx5/core/mlx5_dpll.ko.zst	000009b3	000081a4	000003e8	000003e8	00000001	6a7f654c	00000000	00000030	00000000	00000000	00000000
usr/lib/modules/7.1.5-sp11-render-parity-v4+/kernel/drivers/net/ethernet/mellanox/mlxbf_gige	000009b4	000041ed	000003e8	000003e8	00000002	6a8eba6d	00000000	00000030	00000000	00000000	00000000
usr/lib/modules/7.1.5-sp11-render-parity-v4+/kernel/drivers/net/ethernet/mellanox/mlxbf_gige/mlxbf_gige.ko.zst	000009b5	000081a4	000003e8	000003e8	00000001	6a7f654c	00000000	00000030	00000000	00000000	00000000
usr/lib/modules/7.1.5-sp11-render-parity-v4+/kernel/drivers/net/ethernet/mellanox/mlxfw	000009b6	000041ed	000003e8	000003e8	00000002	6a8eba6d	00000000	00000030	00000000	00000000	00000000
usr/lib/modules/7.1.5-sp11-render-parity-v4+/kernel/drivers/net/ethernet/mellanox/mlxfw/mlxfw.ko.zst	000009b7	000081a4	000003e8	000003e8	00000001	6a7f654c	00000000	00000030	00000000	00000000	00000000
usr/lib/modules/7.1.5-sp11-render-parity-v4+/kernel/drivers/net/ethernet/mellanox/mlxsw	000009b8	000041ed	000003e8	000003e8	00000002	6a8eba6d	00000000	00000030	00000000	00000000	00000000
usr/lib/modules/7.1.5-sp11-render-parity-v4+/kernel/drivers/net/ethernet/mellanox/mlxsw/mlxsw_core.ko.zst	000009b9	000081a4	000003e8	000003e8	00000001	6a7f654c	00000000	00000030	00000000	00000000	00000000
usr/lib/modules/7.1.5-sp11-render-parity-v4+/kernel/drivers/net/ethernet/mellanox/mlxsw/mlxsw_i2c.ko.zst	000009ba	000081a4	000003e8	000003e8	00000001	6a7f654c	00000000	00000030	00000000	00000000	00000000
usr/lib/modules/7.1.5-sp11-render-parity-v4+/kernel/drivers/net/ethernet/mellanox/mlxsw/mlxsw_minimal.ko.zst	000009bb	000081a4	000003e8	000003e8	00000001	6a7f654c	00000000	00000030	00000000	00000000	00000000
usr/lib/modules/7.1.5-sp11-render-parity-v4+/kernel/drivers/net/ethernet/mellanox/mlxsw/mlxsw_pci.ko.zst	000009bc	000081a4	000003e8	000003e8	00000001	6a7f654c	00000000	00000030	00000000	00000000	00000000
usr/lib/modules/7.1.5-sp11-render-parity-v4+/kernel/drivers/net/ethernet/mellanox/mlxsw/mlxsw_spectrum.ko.zst	000009bd	000081a4	000003e8	000003e8	00000001	6a7f654c	00000000	00000030	00000000	00000000	00000000
usr/lib/modules/7.1.5-sp11-render-parity-v4+/kernel/drivers/net/ethernet/meta	000009be	000041ed	000003e8	000003e8	00000003	6a8eba6d	00000000	00000030	00000000	00000000	00000000
usr/lib/modules/7.1.5-sp11-render-parity-v4+/kernel/drivers/net/ethernet/meta/fbnic	000009bf	000041ed	000003e8	000003e8	00000002	6a8eba6d	00000000	00000030	00000000	00000000	00000000
usr/lib/modules/7.1.5-sp11-render-parity-v4+/kernel/drivers/net/ethernet/meta/fbnic/fbnic.ko.zst	000009c0	000081a4	000003e8	000003e8	00000001	6a7f654c	00000000	00000030	00000000	00000000	00000000
usr/lib/modules/7.1.5-sp11-render-parity-v4+/kernel/drivers/net/ethernet/micrel	000009c1	000041ed	000003e8	000003e8	00000002	6a8eba6d	00000000	00000030	00000000	00000000	00000000
usr/lib/modules/7.1.5-sp11-render-parity-v4+/kernel/drivers/net/ethernet/micrel/ks8842.ko.zst	000009c2	000081a4	000003e8	000003e8	00000001	6a7f654c	00000000	00000030	00000000	00000000	00000000
usr/lib/modules/7.1.5-sp11-render-parity-v4+/kernel/drivers/net/ethernet/micrel/ks8851_common.ko.zst	000009c3	000081a4	000003e8	000003e8	00000001	6a7f654c	00000000	00000030	00000000	00000000	00000000
usr/lib/modules/7.1.5-sp11-render-parity-v4+/kernel/drivers/net/ethernet/micrel/ks8851_par.ko.zst	000009c4	000081a4	000003e8	000003e8	00000001	6a7f654c	00000000	00000030	00000000	00000000	00000000
usr/lib/modules/7.1.5-sp11-render-parity-v4+/kernel/drivers/net/ethernet/micrel/ks8851_spi.ko.zst	000009c5	000081a4	000003e8	000003e8	00000001	6a7f654c	00000000	00000030	00000000	00000000	00000000
usr/lib/modules/7.1.5-sp11-render-parity-v4+/kernel/drivers/net/ethernet/micrel/ksz884x.ko.zst	000009c6	000081a4	000003e8	000003e8	00000001	6a7f654c	00000000	00000030	00000000	00000000	00000000
usr/lib/modules/7.1.5-sp11-render-parity-v4+/kernel/drivers/net/ethernet/microchip	000009c7	000041ed	000003e8	000003e8	00000004	6a8eba6d	00000000	00000030	00000000	00000000	00000000
usr/lib/modules/7.1.5-sp11-render-parity-v4+/kernel/drivers/net/ethernet/microchip/enc28j60.ko.zst	000009c8	000081a4	000003e8	000003e8	00000001	6a7f654c	00000000	00000030	00000000	00000000	00000000
usr/lib/modules/7.1.5-sp11-render-parity-v4+/kernel/drivers/net/ethernet/microchip/encx24j600-regmap.ko.zst	000009ca	000081a4	000003e8	000003e8	00000001	6a7f654d	00000000	00000030	00000000	00000000	00000000
usr/lib/modules/7.1.5-sp11-render-parity-v4+/kernel/drivers/net/ethernet/microchip/encx24j600.ko.zst	000009c9	000081a4	000003e8	000003e8	00000001	6a7f654d	00000000	00000030	00000000	00000000	00000000
usr/lib/modules/7.1.5-sp11-render-parity-v4+/kernel/drivers/net/ethernet/microchip/lan743x.ko.zst	000009cb	000081a4	000003e8	000003e8	00000001	6a7f654d	00000000	00000030	00000000	00000000	00000000
usr/lib/modules/7.1.5-sp11-render-parity-v4+/kernel/drivers/net/ethernet/microchip/lan966x	000009cc	000041ed	000003e8	000003e8	00000002	6a8eba6d	00000000	00000030	00000000	00000000	00000000
usr/lib/modules/7.1.5-sp11-render-parity-v4+/kernel/drivers/net/ethernet/microchip/lan966x/lan966x-switch.ko.zst	000009cd	000081a4	000003e8	000003e8	00000001	6a7f654d	00000000	00000030	00000000	00000000	00000000
usr/lib/modules/7.1.5-sp11-render-parity-v4+/kernel/drivers/net/ethernet/microchip/sparx5	000009ce	000041ed	000003e8	000003e8	00000002	6a8eba6d	00000000	00000030	00000000	00000000	00000000
usr/lib/modules/7.1.5-sp11-render-parity-v4+/kernel/drivers/net/ethernet/microchip/sparx5/sparx5-switch.ko.zst	000009cf	000081a4	000003e8	000003e8	00000001	6a7f654d	00000000	00000030	00000000	00000000	00000000
usr/lib/modules/7.1.5-sp11-render-parity-v4+/kernel/drivers/net/ethernet/mscc	000009d0	000041ed	000003e8	000003e8	00000002	6a8eba6d	00000000	00000030	00000000	00000000	00000000
usr/lib/modules/7.1.5-sp11-render-parity-v4+/kernel/drivers/net/ethernet/mscc/mscc_ocelot.ko.zst	000009d1	000081a4	000003e8	000003e8	00000001	6a7f654d	00000000	00000030	00000000	00000000	00000000
usr/lib/modules/7.1.5-sp11-render-parity-v4+/kernel/drivers/net/ethernet/mscc/mscc_ocelot_switch_lib.ko.zst	000009d2	000081a4	000003e8	000003e8	00000001	6a7f654d	00000000	00000030	00000000	00000000	00000000
usr/lib/modules/7.1.5-sp11-render-parity-v4+/kernel/drivers/net/ethernet/mucse	000009d3	000041ed	000003e8	000003e8	00000003	6a8eba6d	00000000	00000030	00000000	00000000	00000000
usr/lib/modules/7.1.5-sp11-render-parity-v4+/kernel/drivers/net/ethernet/mucse/rnpgbe	000009d4	000041ed	000003e8	000003e8	00000002	6a8eba6d	00000000	00000030	00000000	00000000	00000000
usr/lib/modules/7.1.5-sp11-render-parity-v4+/kernel/drivers/net/ethernet/mucse/rnpgbe/rnpgbe.ko.zst	000009d5	000081a4	000003e8	000003e8	00000001	6a7f654d	00000000	00000030	00000000	00000000	00000000
usr/lib/modules/7.1.5-sp11-render-parity-v4+/kernel/drivers/net/ethernet/myricom	000009d6	000041ed	000003e8	000003e8	00000003	6a8eba6d	00000000	00000030	00000000	00000000	00000000
usr/lib/modules/7.1.5-sp11-render-parity-v4+/kernel/drivers/net/ethernet/myricom/myri10ge	000009d7	000041ed	000003e8	000003e8	00000002	6a8eba6d	00000000	00000030	00000000	00000000	00000000
usr/lib/modules/7.1.5-sp11-render-parity-v4+/kernel/drivers/net/ethernet/myricom/myri10ge/myri10ge.ko.zst	000009d8	000081a4	000003e8	000003e8	00000001	6a7f654d	00000000	00000030	00000000	00000000	00000000
usr/lib/modules/7.1.5-sp11-render-parity-v4+/kernel/drivers/net/ethernet/natsemi	000009d9	000041ed	000003e8	000003e8	00000002	6a8eba6d	00000000	00000030	00000000	00000000	00000000
usr/lib/modules/7.1.5-sp11-render-parity-v4+/kernel/drivers/net/ethernet/natsemi/natsemi.ko.zst	000009da	000081a4	000003e8	000003e8	00000001	6a7f654d	00000000	00000030	00000000	00000000	00000000
usr/lib/modules/7.1.5-sp11-render-parity-v4+/kernel/drivers/net/ethernet/natsemi/ns83820.ko.zst	000009db	000081a4	000003e8	000003e8	00000001	6a7f654d	00000000	00000030	00000000	00000000	00000000
usr/lib/modules/7.1.5-sp11-render-parity-v4+/kernel/drivers/net/ethernet/netronome	000009dc	000041ed	000003e8	000003e8	00000003	6a8eba6d	00000000	00000030	00000000	00000000	00000000
usr/lib/modules/7.1.5-sp11-render-parity-v4+/kernel/drivers/net/ethernet/netronome/nfp	000009dd	000041ed	000003e8	000003e8	00000002	6a8eba6d	00000000	00000030	00000000	00000000	00000000
usr/lib/modules/7.1.5-sp11-render-parity-v4+/kernel/drivers/net/ethernet/netronome/nfp/nfp.ko.zst	000009de	000081a4	000003e8	000003e8	00000001	6a7f654d	00000000	00000030	00000000	00000000	00000000
usr/lib/modules/7.1.5-sp11-render-parity-v4+/kernel/drivers/net/ethernet/ni	000009df	000041ed	000003e8	000003e8	00000002	6a8eba6d	00000000	00000030	00000000	00000000	00000000
usr/lib/modules/7.1.5-sp11-render-parity-v4+/kernel/drivers/net/ethernet/ni/nixge.ko.zst	000009e0	000081a4	000003e8	000003e8	00000001	6a7f654d	00000000	00000030	00000000	00000000	00000000
usr/lib/modules/7.1.5-sp11-render-parity-v4+/kernel/drivers/net/ethernet/nvidia	000009e1	000041ed	000003e8	000003e8	00000002	6a8eba6d	00000000	00000030	00000000	00000000	00000000
usr/lib/modules/7.1.5-sp11-render-parity-v4+/kernel/drivers/net/ethernet/nvidia/forcedeth.ko.zst	000009e2	000081a4	000003e8	000003e8	00000001	6a7f654d	00000000	00000030	00000000	00000000	00000000
usr/lib/modules/7.1.5-sp11-render-parity-v4+/kernel/drivers/net/ethernet/pensando	000009e3	000041ed	000003e8	000003e8	00000003	6a8eba6d	00000000	00000030	00000000	00000000	00000000
usr/lib/modules/7.1.5-sp11-render-parity-v4+/kernel/drivers/net/ethernet/pensando/ionic	000009e4	000041ed	000003e8	000003e8	00000002	6a8eba6d	00000000	00000030	00000000	00000000	00000000
usr/lib/modules/7.1.5-sp11-render-parity-v4+/kernel/drivers/net/ethernet/pensando/ionic/ionic.ko.zst	000009e5	000081a4	000003e8	000003e8	00000001	6a7f654f	00000000	00000030	00000000	00000000	00000000
usr/lib/modules/7.1.5-sp11-render-parity-v4+/kernel/drivers/net/ethernet/qlogic	000009e6	000041ed	000003e8	000003e8	00000006	6a8eba6d	00000000	00000030	00000000	00000000	00000000
usr/lib/modules/7.1.5-sp11-render-parity-v4+/kernel/drivers/net/ethernet/qlogic/netxen	000009e7	000041ed	000003e8	000003e8	00000002	6a8eba6d	00000000	00000030	00000000	00000000	00000000
usr/lib/modules/7.1.5-sp11-render-parity-v4+/kernel/drivers/net/ethernet/qlogic/netxen/netxen_nic.ko.zst	000009e8	000081a4	000003e8	000003e8	00000001	6a7f654d	00000000	00000030	00000000	00000000	00000000
usr/lib/modules/7.1.5-sp11-render-parity-v4+/kernel/drivers/net/ethernet/qlogic/qed	000009e9	000041ed	000003e8	000003e8	00000002	6a8eba6d	00000000	00000030	00000000	00000000	00000000
usr/lib/modules/7.1.5-sp11-render-parity-v4+/kernel/drivers/net/ethernet/qlogic/qed/qed.ko.zst	000009ec	000081a4	000003e8	000003e8	00000001	6a7f654d	00000000	00000030	00000000	00000000	00000000
usr/lib/modules/7.1.5-sp11-render-parity-v4+/kernel/drivers/net/ethernet/qlogic/qede	000009ea	000041ed	000003e8	000003e8	00000002	6a8eba6d	00000000	00000030	00000000	00000000	00000000
usr/lib/modules/7.1.5-sp11-render-parity-v4+/kernel/drivers/net/ethernet/qlogic/qede/qede.ko.zst	000009eb	000081a4	000003e8	000003e8	00000001	6a7f654d	00000000	00000030	00000000	00000000	00000000
usr/lib/modules/7.1.5-sp11-render-parity-v4+/kernel/drivers/net/ethernet/qlogic/qla3xxx.ko.zst	000009ed	000081a4	000003e8	000003e8	00000001	6a7f654d	00000000	00000030	00000000	00000000	00000000
usr/lib/modules/7.1.5-sp11-render-parity-v4+/kernel/drivers/net/ethernet/qlogic/qlcnic	000009ee	000041ed	000003e8	000003e8	00000002	6a8eba6d	00000000	00000030	00000000	00000000	00000000
usr/lib/modules/7.1.5-sp11-render-parity-v4+/kernel/drivers/net/ethernet/qlogic/qlcnic/qlcnic.ko.zst	000009ef	000081a4	000003e8	000003e8	00000001	6a7f654d	00000000	00000030	00000000	00000000	00000000
usr/lib/modules/7.1.5-sp11-render-parity-v4+/kernel/drivers/net/ethernet/qualcomm	000009f0	000041ed	000003e8	000003e8	00000004	6a8eba6d	00000000	00000030	00000000	00000000	00000000
usr/lib/modules/7.1.5-sp11-render-parity-v4+/kernel/drivers/net/ethernet/qualcomm/emac	000009f1	000041ed	000003e8	000003e8	00000002	6a8eba6d	00000000	00000030	00000000	00000000	00000000
usr/lib/modules/7.1.5-sp11-render-parity-v4+/kernel/drivers/net/ethernet/qualcomm/emac/qcom-emac.ko.zst	000009f2	000081a4	000003e8	000003e8	00000001	6a7f654d	00000000	00000030	00000000	00000000	00000000
usr/lib/modules/7.1.5-sp11-render-parity-v4+/kernel/drivers/net/ethernet/qualcomm/qca_7k_common.ko.zst	000009f3	000081a4	000003e8	000003e8	00000001	6a7f654d	00000000	00000030	00000000	00000000	00000000
usr/lib/modules/7.1.5-sp11-render-parity-v4+/kernel/drivers/net/ethernet/qualcomm/qcaspi.ko.zst	000009f4	000081a4	000003e8	000003e8	00000001	6a7f654d	00000000	00000030	00000000	00000000	00000000
usr/lib/modules/7.1.5-sp11-render-parity-v4+/kernel/drivers/net/ethernet/qualcomm/qcauart.ko.zst	000009f5	000081a4	000003e8	000003e8	00000001	6a7f654d	00000000	00000030	00000000	00000000	00000000
usr/lib/modules/7.1.5-sp11-render-parity-v4+/kernel/drivers/net/ethernet/qualcomm/rmnet	000009f6	000041ed	000003e8	000003e8	00000002	6a8eba6d	00000000	00000030	00000000	00000000	00000000
usr/lib/modules/7.1.5-sp11-render-parity-v4+/kernel/drivers/net/ethernet/qualcomm/rmnet/rmnet.ko.zst	000009f7	000081a4	000003e8	000003e8	00000001	6a7f654d	00000000	00000030	00000000	00000000	00000000
usr/lib/modules/7.1.5-sp11-render-parity-v4+/kernel/drivers/net/ethernet/rdc	000009f8	000041ed	000003e8	000003e8	00000002	6a8eba6d	00000000	00000030	00000000	00000000	00000000
usr/lib/modules/7.1.5-sp11-render-parity-v4+/kernel/drivers/net/ethernet/rdc/r6040.ko.zst	000009f9	000081a4	000003e8	000003e8	00000001	6a7f654d	00000000	00000030	00000000	00000000	00000000
usr/lib/modules/7.1.5-sp11-render-parity-v4+/kernel/drivers/net/ethernet/realtek	000009fa	000041ed	000003e8	000003e8	00000002	6a8eba6d	00000000	00000030	00000000	00000000	00000000
usr/lib/modules/7.1.5-sp11-render-parity-v4+/kernel/drivers/net/ethernet/realtek/8139cp.ko.zst	000009fb	000081a4	000003e8	000003e8	00000001	6a7f654d	00000000	00000030	00000000	00000000	00000000
usr/lib/modules/7.1.5-sp11-render-parity-v4+/kernel/drivers/net/ethernet/realtek/8139too.ko.zst	000009fc	000081a4	000003e8	000003e8	00000001	6a7f654d	00000000	00000030	00000000	00000000	00000000
usr/lib/modules/7.1.5-sp11-render-parity-v4+/kernel/drivers/net/ethernet/realtek/r8169.ko.zst	000009fd	000081a4	000003e8	000003e8	00000001	6a7f654d	00000000	00000030	00000000	00000000	00000000
usr/lib/modules/7.1.5-sp11-render-parity-v4+/kernel/drivers/net/ethernet/renesas	000009fe	000041ed	000003e8	000003e8	00000002	6a8eba6d	00000000	00000030	00000000	00000000	00000000
usr/lib/modules/7.1.5-sp11-render-parity-v4+/kernel/drivers/net/ethernet/renesas/ravb.ko.zst	000009ff	000081a4	000003e8	000003e8	00000001	6a7f654d	00000000	00000030	00000000	00000000	00000000
usr/lib/modules/7.1.5-sp11-render-parity-v4+/kernel/drivers/net/ethernet/renesas/rcar_gen4_ptp.ko.zst	00000a00	000081a4	000003e8	000003e8	00000001	6a7f654d	00000000	00000030	00000000	00000000	00000000
usr/lib/modules/7.1.5-sp11-render-parity-v4+/kernel/drivers/net/ethernet/renesas/rswitch.ko.zst	00000a01	000081a4	000003e8	000003e8	00000001	6a7f654d	00000000	00000030	00000000	00000000	00000000
usr/lib/modules/7.1.5-sp11-render-parity-v4+/kernel/drivers/net/ethernet/renesas/rtsn.ko.zst	00000a02	000081a4	000003e8	000003e8	00000001	6a7f654d	00000000	00000030	00000000	00000000	00000000
usr/lib/modules/7.1.5-sp11-render-parity-v4+/kernel/drivers/net/ethernet/renesas/sh_eth.ko.zst	00000a03	000081a4	000003e8	000003e8	00000001	6a7f654d	00000000	00000030	00000000	00000000	00000000
usr/lib/modules/7.1.5-sp11-render-parity-v4+/kernel/drivers/net/ethernet/rocker	00000a04	000041ed	000003e8	000003e8	00000002	6a8eba6d	00000000	00000030	00000000	00000000	00000000
usr/lib/modules/7.1.5-sp11-render-parity-v4+/kernel/drivers/net/ethernet/rocker/rocker.ko.zst	00000a05	000081a4	000003e8	000003e8	00000001	6a7f654e	00000000	00000030	00000000	00000000	00000000
usr/lib/modules/7.1.5-sp11-render-parity-v4+/kernel/drivers/net/ethernet/samsung	00000a06	000041ed	000003e8	000003e8	00000003	6a8eba6d	00000000	00000030	00000000	00000000	00000000
usr/lib/modules/7.1.5-sp11-render-parity-v4+/kernel/drivers/net/ethernet/samsung/sxgbe	00000a07	000041ed	000003e8	000003e8	00000002	6a8eba6d	00000000	00000030	00000000	00000000	00000000
usr/lib/modules/7.1.5-sp11-render-parity-v4+/kernel/drivers/net/ethernet/samsung/sxgbe/samsung-sxgbe.ko.zst	00000a08	000081a4	000003e8	000003e8	00000001	6a7f654e	00000000	00000030	00000000	00000000	00000000
usr/lib/modules/7.1.5-sp11-render-parity-v4+/kernel/drivers/net/ethernet/sfc	00000a09	000041ed	000003e8	000003e8	00000004	6a8eba6d	00000000	00000030	00000000	00000000	00000000
usr/lib/modules/7.1.5-sp11-render-parity-v4+/kernel/drivers/net/ethernet/sfc/falcon	00000a0a	000041ed	000003e8	000003e8	00000002	6a8eba6d	00000000	00000030	00000000	00000000	00000000
usr/lib/modules/7.1.5-sp11-render-parity-v4+/kernel/drivers/net/ethernet/sfc/falcon/sfc-falcon.ko.zst	00000a0b	000081a4	000003e8	000003e8	00000001	6a7f654e	00000000	00000030	00000000	00000000	00000000
usr/lib/modules/7.1.5-sp11-render-parity-v4+/kernel/drivers/net/ethernet/sfc/sfc.ko.zst	00000a0c	000081a4	000003e8	000003e8	00000001	6a7f654e	00000000	00000030	00000000	00000000	00000000
usr/lib/modules/7.1.5-sp11-render-parity-v4+/kernel/drivers/net/ethernet/sfc/siena	00000a0d	000041ed	000003e8	000003e8	00000002	6a8eba6d	00000000	00000030	00000000	00000000	00000000
usr/lib/modules/7.1.5-sp11-render-parity-v4+/kernel/drivers/net/ethernet/sfc/siena/sfc-siena.ko.zst	00000a0e	000081a4	000003e8	000003e8	00000001	6a7f654e	00000000	00000030	00000000	00000000	00000000
usr/lib/modules/7.1.5-sp11-render-parity-v4+/kernel/drivers/net/ethernet/silan	00000a0f	000041ed	000003e8	000003e8	00000002	6a8eba6d	00000000	00000030	00000000	00000000	00000000
usr/lib/modules/7.1.5-sp11-render-parity-v4+/kernel/drivers/net/ethernet/silan/sc92031.ko.zst	00000a10	000081a4	000003e8	000003e8	00000001	6a7f654e	00000000	00000030	00000000	00000000	00000000
usr/lib/modules/7.1.5-sp11-render-parity-v4+/kernel/drivers/net/ethernet/sis	00000a11	000041ed	000003e8	000003e8	00000002	6a8eba6d	00000000	00000030	00000000	00000000	00000000
usr/lib/modules/7.1.5-sp11-render-parity-v4+/kernel/drivers/net/ethernet/sis/sis190.ko.zst	00000a12	000081a4	000003e8	000003e8	00000001	6a7f654e	00000000	00000030	00000000	00000000	00000000
usr/lib/modules/7.1.5-sp11-render-parity-v4+/kernel/drivers/net/ethernet/sis/sis900.ko.zst	00000a13	000081a4	000003e8	000003e8	00000001	6a7f654e	00000000	00000030	00000000	00000000	00000000
usr/lib/modules/7.1.5-sp11-render-parity-v4+/kernel/drivers/net/ethernet/smsc	00000a14	000041ed	000003e8	000003e8	00000002	6a8eba6d	00000000	00000030	00000000	00000000	00000000
usr/lib/modules/7.1.5-sp11-render-parity-v4+/kernel/drivers/net/ethernet/smsc/epic100.ko.zst	00000a15	000081a4	000003e8	000003e8	00000001	6a7f654e	00000000	00000030	00000000	00000000	00000000
usr/lib/modules/7.1.5-sp11-render-parity-v4+/kernel/drivers/net/ethernet/smsc/smsc911x.ko.zst	00000a16	000081a4	000003e8	000003e8	00000001	6a7f654e	00000000	00000030	00000000	00000000	00000000
usr/lib/modules/7.1.5-sp11-render-parity-v4+/kernel/drivers/net/ethernet/smsc/smsc9420.ko.zst	00000a17	000081a4	000003e8	000003e8	00000001	6a7f654e	00000000	00000030	00000000	00000000	00000000
usr/lib/modules/7.1.5-sp11-render-parity-v4+/kernel/drivers/net/ethernet/socionext	00000a18	000041ed	000003e8	000003e8	00000002	6a8eba6d	00000000	00000030	00000000	00000000	00000000
usr/lib/modules/7.1.5-sp11-render-parity-v4+/kernel/drivers/net/ethernet/socionext/netsec.ko.zst	00000a19	000081a4	000003e8	000003e8	00000001	6a7f654e	00000000	00000030	00000000	00000000	00000000
usr/lib/modules/7.1.5-sp11-render-parity-v4+/kernel/drivers/net/ethernet/stmicro	00000a1a	000041ed	000003e8	000003e8	00000003	6a8eba6d	00000000	00000030	00000000	00000000	00000000
usr/lib/modules/7.1.5-sp11-render-parity-v4+/kernel/drivers/net/ethernet/stmicro/stmmac	00000a1b	000041ed	000003e8	000003e8	00000002	6a8eba6d	00000000	00000030	00000000	00000000	00000000
usr/lib/modules/7.1.5-sp11-render-parity-v4+/kernel/drivers/net/ethernet/stmicro/stmmac/dwmac-altr-socfpga.ko.zst	00000a1c	000081a4	000003e8	000003e8	00000001	6a7f654e	00000000	00000030	00000000	00000000	00000000
usr/lib/modules/7.1.5-sp11-render-parity-v4+/kernel/drivers/net/ethernet/stmicro/stmmac/dwmac-dwc-qos-eth.ko.zst	00000a1d	000081a4	000003e8	000003e8	00000001	6a7f654e	00000000	00000030	00000000	00000000	00000000
usr/lib/modules/7.1.5-sp11-render-parity-v4+/kernel/drivers/net/ethernet/stmicro/stmmac/dwmac-generic.ko.zst	00000a1e	000081a4	000003e8	000003e8	00000001	6a7f654e	00000000	00000030	00000000	00000000	00000000
usr/lib/modules/7.1.5-sp11-render-parity-v4+/kernel/drivers/net/ethernet/stmicro/stmmac/dwmac-imx.ko.zst	00000a1f	000081a4	000003e8	000003e8	00000001	6a7f654e	00000000	00000030	00000000	00000000	00000000
usr/lib/modules/7.1.5-sp11-render-parity-v4+/kernel/drivers/net/ethernet/stmicro/stmmac/dwmac-intel-plat.ko.zst	00000a20	000081a4	000003e8	000003e8	00000001	6a7f654e	00000000	00000030	00000000	00000000	00000000
usr/lib/modules/7.1.5-sp11-render-parity-v4+/kernel/drivers/net/ethernet/stmicro/stmmac/dwmac-ipq806x.ko.zst	00000a21	000081a4	000003e8	000003e8	00000001	6a7f654e	00000000	00000030	00000000	00000000	00000000
usr/lib/modules/7.1.5-sp11-render-parity-v4+/kernel/drivers/net/ethernet/stmicro/stmmac/dwmac-mediatek.ko.zst	00000a22	000081a4	000003e8	000003e8	00000001	6a7f654e	00000000	00000030	00000000	00000000	00000000
usr/lib/modules/7.1.5-sp11-render-parity-v4+/kernel/drivers/net/ethernet/stmicro/stmmac/dwmac-meson.ko.zst	00000a24	000081a4	000003e8	000003e8	00000001	6a7f654e	00000000	00000030	00000000	00000000	00000000
usr/lib/modules/7.1.5-sp11-render-parity-v4+/kernel/drivers/net/ethernet/stmicro/stmmac/dwmac-meson8b.ko.zst	00000a23	000081a4	000003e8	000003e8	00000001	6a7f654e	00000000	00000030	00000000	00000000	00000000
usr/lib/modules/7.1.5-sp11-render-parity-v4+/kernel/drivers/net/ethernet/stmicro/stmmac/dwmac-nuvoton.ko.zst	00000a25	000081a4	000003e8	000003e8	00000001	6a7f654e	00000000	00000030	00000000	00000000	00000000
usr/lib/modules/7.1.5-sp11-render-parity-v4+/kernel/drivers/net/ethernet/stmicro/stmmac/dwmac-qcom-ethqos.ko.zst	00000a26	000081a4	000003e8	000003e8	00000001	6a7f654e	00000000	00000030	00000000	00000000	00000000
usr/lib/modules/7.1.5-sp11-render-parity-v4+/kernel/drivers/net/ethernet/stmicro/stmmac/dwmac-renesas-gbeth.ko.zst	00000a27	000081a4	000003e8	000003e8	00000001	6a7f654e	00000000	00000030	00000000	00000000	00000000
usr/lib/modules/7.1.5-sp11-render-parity-v4+/kernel/drivers/net/ethernet/stmicro/stmmac/dwmac-rk.ko.zst	00000a28	000081a4	000003e8	000003e8	00000001	6a7f654e	00000000	00000030	00000000	00000000	00000000
usr/lib/modules/7.1.5-sp11-render-parity-v4+/kernel/drivers/net/ethernet/stmicro/stmmac/dwmac-s32.ko.zst	00000a29	000081a4	000003e8	000003e8	00000001	6a7f654e	00000000	00000030	00000000	00000000	00000000
usr/lib/modules/7.1.5-sp11-render-parity-v4+/kernel/drivers/net/ethernet/stmicro/stmmac/dwmac-stm32.ko.zst	00000a2a	000081a4	000003e8	000003e8	00000001	6a7f654e	00000000	00000030	00000000	00000000	00000000
usr/lib/modules/7.1.5-sp11-render-parity-v4+/kernel/drivers/net/ethernet/stmicro/stmmac/dwmac-sun55i.ko.zst	00000a2b	000081a4	000003e8	000003e8	00000001	6a7f654e	00000000	00000030	00000000	00000000	00000000
usr/lib/modules/7.1.5-sp11-render-parity-v4+/kernel/drivers/net/ethernet/stmicro/stmmac/dwmac-sun8i.ko.zst	00000a2c	000081a4	000003e8	000003e8	00000001	6a7f654e	00000000	00000030	00000000	00000000	00000000
usr/lib/modules/7.1.5-sp11-render-parity-v4+/kernel/drivers/net/ethernet/stmicro/stmmac/dwmac-sunxi.ko.zst	00000a2d	000081a4	000003e8	000003e8	00000001	6a7f654e	00000000	00000030	00000000	00000000	00000000
usr/lib/modules/7.1.5-sp11-render-parity-v4+/kernel/drivers/net/ethernet/stmicro/stmmac/dwmac-tegra.ko.zst	00000a2e	000081a4	000003e8	000003e8	00000001	6a7f654e	00000000	00000030	00000000	00000000	00000000
usr/lib/modules/7.1.5-sp11-render-parity-v4+/kernel/drivers/net/ethernet/stmicro/stmmac/dwmac-visconti.ko.zst	00000a2f	000081a4	000003e8	000003e8	00000001	6a7f654f	00000000	00000030	00000000	00000000	00000000
usr/lib/modules/7.1.5-sp11-render-parity-v4+/kernel/drivers/net/ethernet/stmicro/stmmac/stmmac-pci.ko.zst	00000a32	000081a4	000003e8	000003e8	00000001	6a7f654f	00000000	00000030	00000000	00000000	00000000
usr/lib/modules/7.1.5-sp11-render-parity-v4+/kernel/drivers/net/ethernet/stmicro/stmmac/stmmac-platform.ko.zst	00000a33	000081a4	000003e8	000003e8	00000001	6a7f654e	00000000	00000030	00000000	00000000	00000000
usr/lib/modules/7.1.5-sp11-render-parity-v4+/kernel/drivers/net/ethernet/stmicro/stmmac/stmmac.ko.zst	00000a30	000081a4	000003e8	000003e8	00000001	6a7f654e	00000000	00000030	00000000	00000000	00000000
usr/lib/modules/7.1.5-sp11-render-parity-v4+/kernel/drivers/net/ethernet/stmicro/stmmac/stmmac_libpci.ko.zst	00000a31	000081a4	000003e8	000003e8	00000001	6a7f654f	00000000	00000030	00000000	00000000	00000000
usr/lib/modules/7.1.5-sp11-render-parity-v4+/kernel/drivers/net/ethernet/sun	00000a34	000041ed	000003e8	000003e8	00000002	6a8eba6d	00000000	00000030	00000000	00000000	00000000
usr/lib/modules/7.1.5-sp11-render-parity-v4+/kernel/drivers/net/ethernet/sun/cassini.ko.zst	00000a35	000081a4	000003e8	000003e8	00000001	6a7f654f	00000000	00000030	00000000	00000000	00000000
usr/lib/modules/7.1.5-sp11-render-parity-v4+/kernel/drivers/net/ethernet/sun/niu.ko.zst	00000a36	000081a4	000003e8	000003e8	00000001	6a7f654f	00000000	00000030	00000000	00000000	00000000
usr/lib/modules/7.1.5-sp11-render-parity-v4+/kernel/drivers/net/ethernet/sun/sungem.ko.zst	00000a37	000081a4	000003e8	000003e8	00000001	6a7f654f	00000000	00000030	00000000	00000000	00000000
usr/lib/modules/7.1.5-sp11-render-parity-v4+/kernel/drivers/net/ethernet/sun/sunhme.ko.zst	00000a38	000081a4	000003e8	000003e8	00000001	6a7f654f	00000000	00000030	00000000	00000000	00000000
usr/lib/modules/7.1.5-sp11-render-parity-v4+/kernel/drivers/net/ethernet/synopsys	00000a39	000041ed	000003e8	000003e8	00000002	6a8eba6d	00000000	00000030	00000000	00000000	00000000
usr/lib/modules/7.1.5-sp11-render-parity-v4+/kernel/drivers/net/ethernet/synopsys/dwc-xlgmac.ko.zst	00000a3a	000081a4	000003e8	000003e8	00000001	6a7f654f	00000000	00000030	00000000	00000000	00000000
usr/lib/modules/7.1.5-sp11-render-parity-v4+/kernel/drivers/net/ethernet/tehuti	00000a3b	000041ed	000003e8	000003e8	00000002	6a8eba6d	00000000	00000030	00000000	00000000	00000000
usr/lib/modules/7.1.5-sp11-render-parity-v4+/kernel/drivers/net/ethernet/tehuti/tehuti.ko.zst	00000a3c	000081a4	000003e8	000003e8	00000001	6a7f654f	00000000	00000030	00000000	00000000	00000000
usr/lib/modules/7.1.5-sp11-render-parity-v4+/kernel/drivers/net/ethernet/tehuti/tn40xx.ko.zst	00000a3d	000081a4	000003e8	000003e8	00000001	6a7f654f	00000000	00000030	00000000	00000000	00000000
usr/lib/modules/7.1.5-sp11-render-parity-v4+/kernel/drivers/net/ethernet/ti	00000a3e	000041ed	000003e8	000003e8	00000003	6a8eba6d	00000000	00000030	00000000	00000000	00000000
usr/lib/modules/7.1.5-sp11-render-parity-v4+/kernel/drivers/net/ethernet/ti/am65-cpts.ko.zst	00000a3f	000081a4	000003e8	000003e8	00000001	6a7f654f	00000000	00000030	00000000	00000000	00000000
usr/lib/modules/7.1.5-sp11-render-parity-v4+/kernel/drivers/net/ethernet/ti/icssg	00000a40	000041ed	000003e8	000003e8	00000002	6a8eba6d	00000000	00000030	00000000	00000000	00000000
usr/lib/modules/7.1.5-sp11-render-parity-v4+/kernel/drivers/net/ethernet/ti/icssg-prueth-sr1.ko.zst	00000a44	000081a4	000003e8	000003e8	00000001	6a7f654f	00000000	00000030	00000000	00000000	00000000
usr/lib/modules/7.1.5-sp11-render-parity-v4+/kernel/drivers/net/ethernet/ti/icssg-prueth.ko.zst	00000a43	000081a4	000003e8	000003e8	00000001	6a7f654f	00000000	00000030	00000000	00000000	00000000
usr/lib/modules/7.1.5-sp11-render-parity-v4+/kernel/drivers/net/ethernet/ti/icssg.ko.zst	00000a42	000081a4	000003e8	000003e8	00000001	6a7f654f	00000000	00000030	00000000	00000000	00000000
usr/lib/modules/7.1.5-sp11-render-parity-v4+/kernel/drivers/net/ethernet/ti/icssg/icss_iep.ko.zst	00000a41	000081a4	000003e8	000003e8	00000001	6a7f654f	00000000	00000030	00000000	00000000	00000000
usr/lib/modules/7.1.5-sp11-render-parity-v4+/kernel/drivers/net/ethernet/ti/k3-cppi-desc-pool.ko.zst	00000a45	000081a4	000003e8	000003e8	00000001	6a7f654f	00000000	00000030	00000000	00000000	00000000
usr/lib/modules/7.1.5-sp11-render-parity-v4+/kernel/drivers/net/ethernet/ti/ti-am65-cpsw-nuss.ko.zst	00000a46	000081a4	000003e8	000003e8	00000001	6a7f654f	00000000	00000030	00000000	00000000	00000000
usr/lib/modules/7.1.5-sp11-render-parity-v4+/kernel/drivers/net/ethernet/ti/ti-cpsw-ale.ko.zst	00000a47	000081a4	000003e8	000003e8	00000001	6a7f654f	00000000	00000030	00000000	00000000	00000000
usr/lib/modules/7.1.5-sp11-render-parity-v4+/kernel/drivers/net/ethernet/ti/ti-cpsw-sl.ko.zst	00000a48	000081a4	000003e8	000003e8	00000001	6a7f654f	00000000	00000030	00000000	00000000	00000000
usr/lib/modules/7.1.5-sp11-render-parity-v4+/kernel/drivers/net/ethernet/ti/tlan.ko.zst	00000a49	000081a4	000003e8	000003e8	00000001	6a7f654f	00000000	00000030	00000000	00000000	00000000
usr/lib/modules/7.1.5-sp11-render-parity-v4+/kernel/drivers/net/ethernet/vertexcom	00000a4a	000041ed	000003e8	000003e8	00000002	6a8eba6d	00000000	00000030	00000000	00000000	00000000
usr/lib/modules/7.1.5-sp11-render-parity-v4+/kernel/drivers/net/ethernet/vertexcom/mse102x.ko.zst	00000a4b	000081a4	000003e8	000003e8	00000001	6a7f654f	00000000	00000030	00000000	00000000	00000000
usr/lib/modules/7.1.5-sp11-render-parity-v4+/kernel/drivers/net/ethernet/via	00000a4c	000041ed	000003e8	000003e8	00000002	6a8eba6d	00000000	00000030	00000000	00000000	00000000
usr/lib/modules/7.1.5-sp11-render-parity-v4+/kernel/drivers/net/ethernet/via/via-rhine.ko.zst	00000a4d	000081a4	000003e8	000003e8	00000001	6a7f654f	00000000	00000030	00000000	00000000	00000000
usr/lib/modules/7.1.5-sp11-render-parity-v4+/kernel/drivers/net/ethernet/via/via-velocity.ko.zst	00000a4e	000081a4	000003e8	000003e8	00000001	6a7f654f	00000000	00000030	00000000	00000000	00000000
usr/lib/modules/7.1.5-sp11-render-parity-v4+/kernel/drivers/net/ethernet/wangxun	00000a4f	000041ed	000003e8	000003e8	00000005	6a8eba6d	00000000	00000030	00000000	00000000	00000000
usr/lib/modules/7.1.5-sp11-render-parity-v4+/kernel/drivers/net/ethernet/wangxun/libwx	00000a50	000041ed	000003e8	000003e8	00000002	6a8eba6d	00000000	00000030	00000000	00000000	00000000
usr/lib/modules/7.1.5-sp11-render-parity-v4+/kernel/drivers/net/ethernet/wangxun/libwx/libwx.ko.zst	00000a51	000081a4	000003e8	000003e8	00000001	6a7f654f	00000000	00000030	00000000	00000000	00000000
usr/lib/modules/7.1.5-sp11-render-parity-v4+/kernel/drivers/net/ethernet/wangxun/ngbe	00000a52	000041ed	000003e8	000003e8	00000002	6a8eba6d	00000000	00000030	00000000	00000000	00000000
usr/lib/modules/7.1.5-sp11-render-parity-v4+/kernel/drivers/net/ethernet/wangxun/ngbe/ngbe.ko.zst	00000a53	000081a4	000003e8	000003e8	00000001	6a7f654f	00000000	00000030	00000000	00000000	00000000
usr/lib/modules/7.1.5-sp11-render-parity-v4+/kernel/drivers/net/ethernet/wangxun/txgbe	00000a54	000041ed	000003e8	000003e8	00000002	6a8eba6d	00000000	00000030	00000000	00000000	00000000
usr/lib/modules/7.1.5-sp11-render-parity-v4+/kernel/drivers/net/ethernet/wangxun/txgbe/txgbe.ko.zst	00000a55	000081a4	000003e8	000003e8	00000001	6a7f654f	00000000	00000030	00000000	00000000	00000000
usr/lib/modules/7.1.5-sp11-render-parity-v4+/kernel/drivers/net/ethernet/wiznet	00000a56	000041ed	000003e8	000003e8	00000002	6a8eba6d	00000000	00000030	00000000	00000000	00000000
usr/lib/modules/7.1.5-sp11-render-parity-v4+/kernel/drivers/net/ethernet/wiznet/w5100-spi.ko.zst	00000a58	000081a4	000003e8	000003e8	00000001	6a7f654f	00000000	00000030	00000000	00000000	00000000
usr/lib/modules/7.1.5-sp11-render-parity-v4+/kernel/drivers/net/ethernet/wiznet/w5100.ko.zst	00000a57	000081a4	000003e8	000003e8	00000001	6a7f654f	00000000	00000030	00000000	00000000	00000000
usr/lib/modules/7.1.5-sp11-render-parity-v4+/kernel/drivers/net/ethernet/wiznet/w5300.ko.zst	00000a59	000081a4	000003e8	000003e8	00000001	6a7f654f	00000000	00000030	00000000	00000000	00000000
usr/lib/modules/7.1.5-sp11-render-parity-v4+/kernel/drivers/net/ethernet/xilinx	00000a5a	000041ed	000003e8	000003e8	00000002	6a8eba6d	00000000	00000030	00000000	00000000	00000000
usr/lib/modules/7.1.5-sp11-render-parity-v4+/kernel/drivers/net/ethernet/xilinx/ll_temac.ko.zst	00000a5b	000081a4	000003e8	000003e8	00000001	6a7f654f	00000000	00000030	00000000	00000000	00000000
usr/lib/modules/7.1.5-sp11-render-parity-v4+/kernel/drivers/net/ethernet/xilinx/xilinx_emac.ko.zst	00000a5c	000081a4	000003e8	000003e8	00000001	6a7f654f	00000000	00000030	00000000	00000000	00000000
usr/lib/modules/7.1.5-sp11-render-parity-v4+/kernel/drivers/net/ethernet/xilinx/xilinx_emaclite.ko.zst	00000a5d	000081a4	000003e8	000003e8	00000001	6a7f654f	00000000	00000030	00000000	00000000	00000000
usr/lib/modules/7.1.5-sp11-render-parity-v4+/kernel/drivers/net/fjes	00000a5e	000041ed	000003e8	000003e8	00000002	6a8eba6d	00000000	00000030	00000000	00000000	00000000
usr/lib/modules/7.1.5-sp11-render-parity-v4+/kernel/drivers/net/fjes/fjes.ko.zst	00000a5f	000081a4	000003e8	000003e8	00000001	6a7f655a	00000000	00000030	00000000	00000000	00000000
usr/lib/modules/7.1.5-sp11-render-parity-v4+/kernel/drivers/net/geneve.ko.zst	00000a60	000081a4	000003e8	000003e8	00000001	6a7f6557	00000000	00000030	00000000	00000000	00000000
usr/lib/modules/7.1.5-sp11-render-parity-v4+/kernel/drivers/net/ipvlan	00000a61	000041ed	000003e8	000003e8	00000002	6a8eba6d	00000000	00000030	00000000	00000000	00000000
usr/lib/modules/7.1.5-sp11-render-parity-v4+/kernel/drivers/net/ipvlan/ipvlan.ko.zst	00000a62	000081a4	000003e8	000003e8	00000001	6a7f6556	00000000	00000030	00000000	00000000	00000000
usr/lib/modules/7.1.5-sp11-render-parity-v4+/kernel/drivers/net/macsec.ko.zst	00000a63	000081a4	000003e8	000003e8	00000001	6a7f6556	00000000	00000030	00000000	00000000	00000000
usr/lib/modules/7.1.5-sp11-render-parity-v4+/kernel/drivers/net/mdio	00000a64	000041ed	000003e8	000003e8	00000002	6a8eba6d	00000000	00000030	00000000	00000000	00000000
usr/lib/modules/7.1.5-sp11-render-parity-v4+/kernel/drivers/net/mdio.ko.zst	00000a65	000081a4	000003e8	000003e8	00000001	6a7f6556	00000000	00000030	00000000	00000000	00000000
usr/lib/modules/7.1.5-sp11-render-parity-v4+/kernel/drivers/net/mdio/mdio-bcm-unimac.ko.zst	00000a66	000081a4	000003e8	000003e8	00000001	6a7f6546	00000000	00000030	00000000	00000000	00000000
usr/lib/modules/7.1.5-sp11-render-parity-v4+/kernel/drivers/net/mdio/mdio-cavium.ko.zst	00000a67	000081a4	000003e8	000003e8	00000001	6a7f6546	00000000	00000030	00000000	00000000	00000000
usr/lib/modules/7.1.5-sp11-render-parity-v4+/kernel/drivers/net/mdio/mdio-gpio.ko.zst	00000a68	000081a4	000003e8	000003e8	00000001	6a7f6546	00000000	00000030	00000000	00000000	00000000
usr/lib/modules/7.1.5-sp11-render-parity-v4+/kernel/drivers/net/mdio/mdio-hisi-femac.ko.zst	00000a69	000081a4	000003e8	000003e8	00000001	6a7f6546	00000000	00000030	00000000	00000000	00000000
usr/lib/modules/7.1.5-sp11-render-parity-v4+/kernel/drivers/net/mdio/mdio-i2c.ko.zst	00000a6a	000081a4	000003e8	000003e8	00000001	6a7f6546	00000000	00000030	00000000	00000000	00000000
usr/lib/modules/7.1.5-sp11-render-parity-v4+/kernel/drivers/net/mdio/mdio-ipq4019.ko.zst	00000a6b	000081a4	000003e8	000003e8	00000001	6a7f6546	00000000	00000030	00000000	00000000	00000000
usr/lib/modules/7.1.5-sp11-render-parity-v4+/kernel/drivers/net/mdio/mdio-ipq8064.ko.zst	00000a6c	000081a4	000003e8	000003e8	00000001	6a7f6546	00000000	00000030	00000000	00000000	00000000
usr/lib/modules/7.1.5-sp11-render-parity-v4+/kernel/drivers/net/mdio/mdio-mscc-miim.ko.zst	00000a6d	000081a4	000003e8	000003e8	00000001	6a7f6546	00000000	00000030	00000000	00000000	00000000
usr/lib/modules/7.1.5-sp11-render-parity-v4+/kernel/drivers/net/mdio/mdio-mux-gpio.ko.zst	00000a6e	000081a4	000003e8	000003e8	00000001	6a7f6547	00000000	00000030	00000000	00000000	00000000
usr/lib/modules/7.1.5-sp11-render-parity-v4+/kernel/drivers/net/mdio/mdio-mux-meson-g12a.ko.zst	00000a70	000081a4	000003e8	000003e8	00000001	6a7f6547	00000000	00000030	00000000	00000000	00000000
usr/lib/modules/7.1.5-sp11-render-parity-v4+/kernel/drivers/net/mdio/mdio-mux-meson-gxl.ko.zst	00000a71	000081a4	000003e8	000003e8	00000001	6a7f6547	00000000	00000030	00000000	00000000	00000000
usr/lib/modules/7.1.5-sp11-render-parity-v4+/kernel/drivers/net/mdio/mdio-mux-mmioreg.ko.zst	00000a72	000081a4	000003e8	000003e8	00000001	6a7f6547	00000000	00000030	00000000	00000000	00000000
usr/lib/modules/7.1.5-sp11-render-parity-v4+/kernel/drivers/net/mdio/mdio-mux-multiplexer.ko.zst	00000a73	000081a4	000003e8	000003e8	00000001	6a7f6547	00000000	00000030	00000000	00000000	00000000
usr/lib/modules/7.1.5-sp11-render-parity-v4+/kernel/drivers/net/mdio/mdio-mux.ko.zst	00000a6f	000081a4	000003e8	000003e8	00000001	6a7f6547	00000000	00000030	00000000	00000000	00000000
usr/lib/modules/7.1.5-sp11-render-parity-v4+/kernel/drivers/net/mdio/mdio-mvusb.ko.zst	00000a74	000081a4	000003e8	000003e8	00000001	6a7f6546	00000000	00000030	00000000	00000000	00000000
usr/lib/modules/7.1.5-sp11-render-parity-v4+/kernel/drivers/net/mdio/mdio-octeon.ko.zst	00000a75	000081a4	000003e8	000003e8	00000001	6a7f6546	00000000	00000030	00000000	00000000	00000000
usr/lib/modules/7.1.5-sp11-render-parity-v4+/kernel/drivers/net/mdio/mdio-regmap.ko.zst	00000a76	000081a4	000003e8	000003e8	00000001	6a7f6546	00000000	00000030	00000000	00000000	00000000
usr/lib/modules/7.1.5-sp11-render-parity-v4+/kernel/drivers/net/mdio/mdio-thunder.ko.zst	00000a77	000081a4	000003e8	000003e8	00000001	6a7f6546	00000000	00000030	00000000	00000000	00000000
usr/lib/modules/7.1.5-sp11-render-parity-v4+/kernel/drivers/net/mdio/mdio-xgene.ko.zst	00000a78	000081a4	000003e8	000003e8	00000001	6a7f6547	00000000	00000030	00000000	00000000	00000000
usr/lib/modules/7.1.5-sp11-render-parity-v4+/kernel/drivers/net/netconsole.ko.zst	00000a79	000081a4	000003e8	000003e8	00000001	6a7f6556	00000000	00000030	00000000	00000000	00000000
usr/lib/modules/7.1.5-sp11-render-parity-v4+/kernel/drivers/net/ntb_netdev.ko.zst	00000a7a	000081a4	000003e8	000003e8	00000001	6a7f655a	00000000	00000030	00000000	00000000	00000000
usr/lib/modules/7.1.5-sp11-render-parity-v4+/kernel/drivers/net/pcs	00000a7b	000041ed	000003e8	000003e8	00000002	6a8eba6d	00000000	00000030	00000000	00000000	00000000
usr/lib/modules/7.1.5-sp11-render-parity-v4+/kernel/drivers/net/pcs/pcs-rzn1-miic.ko.zst	00000a7c	000081a4	000003e8	000003e8	00000001	6a7f6547	00000000	00000030	00000000	00000000	00000000
usr/lib/modules/7.1.5-sp11-render-parity-v4+/kernel/drivers/net/pcs/pcs_xpcs.ko.zst	00000a7d	000081a4	000003e8	000003e8	00000001	6a7f6547	00000000	00000030	00000000	00000000	00000000
usr/lib/modules/7.1.5-sp11-render-parity-v4+/kernel/drivers/net/phy	00000a7e	000041ed	000003e8	000003e8	00000007	6a8eba6d	00000000	00000030	00000000	00000000	00000000
usr/lib/modules/7.1.5-sp11-render-parity-v4+/kernel/drivers/net/phy/adin.ko.zst	00000a80	000081a4	000003e8	000003e8	00000001	6a7f6545	00000000	00000030	00000000	00000000	00000000
usr/lib/modules/7.1.5-sp11-render-parity-v4+/kernel/drivers/net/phy/adin1100.ko.zst	00000a7f	000081a4	000003e8	000003e8	00000001	6a7f6545	00000000	00000030	00000000	00000000	00000000
usr/lib/modules/7.1.5-sp11-render-parity-v4+/kernel/drivers/net/phy/air_en8811h.ko.zst	00000a81	000081a4	000003e8	000003e8	00000001	6a7f6545	00000000	00000030	00000000	00000000	00000000
usr/lib/modules/7.1.5-sp11-render-parity-v4+/kernel/drivers/net/phy/amd.ko.zst	00000a82	000081a4	000003e8	000003e8	00000001	6a7f6545	00000000	00000030	00000000	00000000	00000000
usr/lib/modules/7.1.5-sp11-render-parity-v4+/kernel/drivers/net/phy/aquantia	00000a83	000041ed	000003e8	000003e8	00000002	6a8eba6d	00000000	00000030	00000000	00000000	00000000
usr/lib/modules/7.1.5-sp11-render-parity-v4+/kernel/drivers/net/phy/aquantia/aquantia.ko.zst	00000a84	000081a4	000003e8	000003e8	00000001	6a7f6545	00000000	00000030	00000000	00000000	00000000
usr/lib/modules/7.1.5-sp11-render-parity-v4+/kernel/drivers/net/phy/ax88796b.ko.zst	00000a85	000081a4	000003e8	000003e8	00000001	6a7f6545	00000000	00000030	00000000	00000000	00000000
usr/lib/modules/7.1.5-sp11-render-parity-v4+/kernel/drivers/net/phy/bcm-phy-lib.ko.zst	00000a89	000081a4	000003e8	000003e8	00000001	6a7f6545	00000000	00000030	00000000	00000000	00000000
usr/lib/modules/7.1.5-sp11-render-parity-v4+/kernel/drivers/net/phy/bcm-phy-ptp.ko.zst	00000a8a	000081a4	000003e8	000003e8	00000001	6a7f6545	00000000	00000030	00000000	00000000	00000000
usr/lib/modules/7.1.5-sp11-render-parity-v4+/kernel/drivers/net/phy/bcm54140.ko.zst	00000a86	000081a4	000003e8	000003e8	00000001	6a7f6545	00000000	00000030	00000000	00000000	00000000
usr/lib/modules/7.1.5-sp11-render-parity-v4+/kernel/drivers/net/phy/bcm7xxx.ko.zst	00000a87	000081a4	000003e8	000003e8	00000001	6a7f6545	00000000	00000030	00000000	00000000	00000000
usr/lib/modules/7.1.5-sp11-render-parity-v4+/kernel/drivers/net/phy/bcm87xx.ko.zst	00000a88	000081a4	000003e8	000003e8	00000001	6a7f6545	00000000	00000030	00000000	00000000	00000000
usr/lib/modules/7.1.5-sp11-render-parity-v4+/kernel/drivers/net/phy/broadcom.ko.zst	00000a8b	000081a4	000003e8	000003e8	00000001	6a7f6545	00000000	00000030	00000000	00000000	00000000
usr/lib/modules/7.1.5-sp11-render-parity-v4+/kernel/drivers/net/phy/cicada.ko.zst	00000a8c	000081a4	000003e8	000003e8	00000001	6a7f6545	00000000	00000030	00000000	00000000	00000000
usr/lib/modules/7.1.5-sp11-render-parity-v4+/kernel/drivers/net/phy/cortina.ko.zst	00000a8d	000081a4	000003e8	000003e8	00000001	6a7f6545	00000000	00000030	00000000	00000000	00000000
usr/lib/modules/7.1.5-sp11-render-parity-v4+/kernel/drivers/net/phy/davicom.ko.zst	00000a8e	000081a4	000003e8	000003e8	00000001	6a7f6545	00000000	00000030	00000000	00000000	00000000
usr/lib/modules/7.1.5-sp11-render-parity-v4+/kernel/drivers/net/phy/dp83640.ko.zst	00000a8f	000081a4	000003e8	000003e8	00000001	6a7f6545	00000000	00000030	00000000	00000000	00000000
usr/lib/modules/7.1.5-sp11-render-parity-v4+/kernel/drivers/net/phy/dp83822.ko.zst	00000a90	000081a4	000003e8	000003e8	00000001	6a7f6545	00000000	00000030	00000000	00000000	00000000
usr/lib/modules/7.1.5-sp11-render-parity-v4+/kernel/drivers/net/phy/dp83848.ko.zst	00000a91	000081a4	000003e8	000003e8	00000001	6a7f6545	00000000	00000030	00000000	00000000	00000000
usr/lib/modules/7.1.5-sp11-render-parity-v4+/kernel/drivers/net/phy/dp83867.ko.zst	00000a92	000081a4	000003e8	000003e8	00000001	6a7f6545	00000000	00000030	00000000	00000000	00000000
usr/lib/modules/7.1.5-sp11-render-parity-v4+/kernel/drivers/net/phy/dp83869.ko.zst	00000a93	000081a4	000003e8	000003e8	00000001	6a7f6545	00000000	00000030	00000000	00000000	00000000
usr/lib/modules/7.1.5-sp11-render-parity-v4+/kernel/drivers/net/phy/dp83tc811.ko.zst	00000a94	000081a4	000003e8	000003e8	00000001	6a7f6545	00000000	00000030	00000000	00000000	00000000
usr/lib/modules/7.1.5-sp11-render-parity-v4+/kernel/drivers/net/phy/dp83td510.ko.zst	00000a95	000081a4	000003e8	000003e8	00000001	6a7f6545	00000000	00000030	00000000	00000000	00000000
usr/lib/modules/7.1.5-sp11-render-parity-v4+/kernel/drivers/net/phy/dp83tg720.ko.zst	00000a96	000081a4	000003e8	000003e8	00000001	6a7f6545	00000000	00000030	00000000	00000000	00000000
usr/lib/modules/7.1.5-sp11-render-parity-v4+/kernel/drivers/net/phy/et1011c.ko.zst	00000a97	000081a4	000003e8	000003e8	00000001	6a7f6545	00000000	00000030	00000000	00000000	00000000
usr/lib/modules/7.1.5-sp11-render-parity-v4+/kernel/drivers/net/phy/icplus.ko.zst	00000a98	000081a4	000003e8	000003e8	00000001	6a7f6545	00000000	00000030	00000000	00000000	00000000
usr/lib/modules/7.1.5-sp11-render-parity-v4+/kernel/drivers/net/phy/intel-xway.ko.zst	00000a99	000081a4	000003e8	000003e8	00000001	6a7f6545	00000000	00000030	00000000	00000000	00000000
usr/lib/modules/7.1.5-sp11-render-parity-v4+/kernel/drivers/net/phy/lxt.ko.zst	00000a9a	000081a4	000003e8	000003e8	00000001	6a7f6545	00000000	00000030	00000000	00000000	00000000
usr/lib/modules/7.1.5-sp11-render-parity-v4+/kernel/drivers/net/phy/marvell-88q2xxx.ko.zst	00000a9c	000081a4	000003e8	000003e8	00000001	6a7f6546	00000000	00000030	00000000	00000000	00000000
usr/lib/modules/7.1.5-sp11-render-parity-v4+/kernel/drivers/net/phy/marvell-88x2222.ko.zst	00000a9d	000081a4	000003e8	000003e8	00000001	6a7f6546	00000000	00000030	00000000	00000000	00000000
usr/lib/modules/7.1.5-sp11-render-parity-v4+/kernel/drivers/net/phy/marvell.ko.zst	00000a9e	000081a4	000003e8	000003e8	00000001	6a7f6546	00000000	00000030	00000000	00000000	00000000
usr/lib/modules/7.1.5-sp11-render-parity-v4+/kernel/drivers/net/phy/marvell10g.ko.zst	00000a9b	000081a4	000003e8	000003e8	00000001	6a7f6545	00000000	00000030	00000000	00000000	00000000
usr/lib/modules/7.1.5-sp11-render-parity-v4+/kernel/drivers/net/phy/mediatek	00000a9f	000041ed	000003e8	000003e8	00000002	6a8eba6d	00000000	00000030	00000000	00000000	00000000
usr/lib/modules/7.1.5-sp11-render-parity-v4+/kernel/drivers/net/phy/mediatek/mtk-ge-soc.ko.zst	00000aa1	000081a4	000003e8	000003e8	00000001	6a7f6545	00000000	00000030	00000000	00000000	00000000
usr/lib/modules/7.1.5-sp11-render-parity-v4+/kernel/drivers/net/phy/mediatek/mtk-ge.ko.zst	00000aa0	000081a4	000003e8	000003e8	00000001	6a7f6545	00000000	00000030	00000000	00000000	00000000
usr/lib/modules/7.1.5-sp11-render-parity-v4+/kernel/drivers/net/phy/mediatek/mtk-phy-lib.ko.zst	00000aa2	000081a4	000003e8	000003e8	00000001	6a7f6545	00000000	00000030	00000000	00000000	00000000
usr/lib/modules/7.1.5-sp11-render-parity-v4+/kernel/drivers/net/phy/meson-gxl.ko.zst	00000aa3	000081a4	000003e8	000003e8	00000001	6a7f6546	00000000	00000030	00000000	00000000	00000000
usr/lib/modules/7.1.5-sp11-render-parity-v4+/kernel/drivers/net/phy/micrel.ko.zst	00000aa4	000081a4	000003e8	000003e8	00000001	6a7f6546	00000000	00000030	00000000	00000000	00000000
usr/lib/modules/7.1.5-sp11-render-parity-v4+/kernel/drivers/net/phy/microchip.ko.zst	00000aa5	000081a4	000003e8	000003e8	00000001	6a7f6546	00000000	00000030	00000000	00000000	00000000
usr/lib/modules/7.1.5-sp11-render-parity-v4+/kernel/drivers/net/phy/microchip_rds_ptp.ko.zst	00000aa6	000081a4	000003e8	000003e8	00000001	6a7f6546	00000000	00000030	00000000	00000000	00000000
usr/lib/modules/7.1.5-sp11-render-parity-v4+/kernel/drivers/net/phy/microchip_t1.ko.zst	00000aa7	000081a4	000003e8	000003e8	00000001	6a7f6546	00000000	00000030	00000000	00000000	00000000
usr/lib/modules/7.1.5-sp11-render-parity-v4+/kernel/drivers/net/phy/microchip_t1s.ko.zst	00000aa8	000081a4	000003e8	000003e8	00000001	6a7f6546	00000000	00000030	00000000	00000000	00000000
usr/lib/modules/7.1.5-sp11-render-parity-v4+/kernel/drivers/net/phy/motorcomm.ko.zst	00000aa9	000081a4	000003e8	000003e8	00000001	6a7f6546	00000000	00000030	00000000	00000000	00000000
usr/lib/modules/7.1.5-sp11-render-parity-v4+/kernel/drivers/net/phy/mscc	00000aaa	000041ed	000003e8	000003e8	00000002	6a8eba6d	00000000	00000030	00000000	00000000	00000000
usr/lib/modules/7.1.5-sp11-render-parity-v4+/kernel/drivers/net/phy/mscc/mscc.ko.zst	00000aab	000081a4	000003e8	000003e8	00000001	6a7f6546	00000000	00000030	00000000	00000000	00000000
usr/lib/modules/7.1.5-sp11-render-parity-v4+/kernel/drivers/net/phy/mxl-gpy.ko.zst	00000aac	000081a4	000003e8	000003e8	00000001	6a7f6546	00000000	00000030	00000000	00000000	00000000
usr/lib/modules/7.1.5-sp11-render-parity-v4+/kernel/drivers/net/phy/national.ko.zst	00000aad	000081a4	000003e8	000003e8	00000001	6a7f6546	00000000	00000030	00000000	00000000	00000000
usr/lib/modules/7.1.5-sp11-render-parity-v4+/kernel/drivers/net/phy/ncn26000.ko.zst	00000aae	000081a4	000003e8	000003e8	00000001	6a7f6546	00000000	00000030	00000000	00000000	00000000
usr/lib/modules/7.1.5-sp11-render-parity-v4+/kernel/drivers/net/phy/nxp-c45-tja.ko.zst	00000aaf	000081a4	000003e8	000003e8	00000001	6a7f6546	00000000	00000030	00000000	00000000	00000000
usr/lib/modules/7.1.5-sp11-render-parity-v4+/kernel/drivers/net/phy/nxp-cbtx.ko.zst	00000ab0	000081a4	000003e8	000003e8	00000001	6a7f6546	00000000	00000030	00000000	00000000	00000000
usr/lib/modules/7.1.5-sp11-render-parity-v4+/kernel/drivers/net/phy/nxp-tja11xx.ko.zst	00000ab1	000081a4	000003e8	000003e8	00000001	6a7f6546	00000000	00000030	00000000	00000000	00000000
usr/lib/modules/7.1.5-sp11-render-parity-v4+/kernel/drivers/net/phy/phy_package.ko.zst	00000ab2	000081a4	000003e8	000003e8	00000001	6a7f6545	00000000	00000030	00000000	00000000	00000000
usr/lib/modules/7.1.5-sp11-render-parity-v4+/kernel/drivers/net/phy/qcom	00000ab3	000041ed	000003e8	000003e8	00000002	6a8eba6d	00000000	00000030	00000000	00000000	00000000
usr/lib/modules/7.1.5-sp11-render-parity-v4+/kernel/drivers/net/phy/qcom/qca807x.ko.zst	00000ab4	000081a4	000003e8	000003e8	00000001	6a7f6545	00000000	00000030	00000000	00000000	00000000
usr/lib/modules/7.1.5-sp11-render-parity-v4+/kernel/drivers/net/phy/qcom/qca808x.ko.zst	00000ab5	000081a4	000003e8	000003e8	00000001	6a7f6545	00000000	00000030	00000000	00000000	00000000
usr/lib/modules/7.1.5-sp11-render-parity-v4+/kernel/drivers/net/phy/qcom/qca83xx.ko.zst	00000ab6	000081a4	000003e8	000003e8	00000001	6a7f6545	00000000	00000030	00000000	00000000	00000000
usr/lib/modules/7.1.5-sp11-render-parity-v4+/kernel/drivers/net/phy/qsemi.ko.zst	00000ab7	000081a4	000003e8	000003e8	00000001	6a7f6546	00000000	00000030	00000000	00000000	00000000
usr/lib/modules/7.1.5-sp11-render-parity-v4+/kernel/drivers/net/phy/realtek	00000ab8	000041ed	000003e8	000003e8	00000002	6a8eba6d	00000000	00000030	00000000	00000000	00000000
usr/lib/modules/7.1.5-sp11-render-parity-v4+/kernel/drivers/net/phy/realtek/realtek.ko.zst	00000ab9	000081a4	000003e8	000003e8	00000001	6a7f6546	00000000	00000030	00000000	00000000	00000000
usr/lib/modules/7.1.5-sp11-render-parity-v4+/kernel/drivers/net/phy/rockchip.ko.zst	00000aba	000081a4	000003e8	000003e8	00000001	6a7f6546	00000000	00000030	00000000	00000000	00000000
usr/lib/modules/7.1.5-sp11-render-parity-v4+/kernel/drivers/net/phy/sfp.ko.zst	00000abb	000081a4	000003e8	000003e8	00000001	6a7f6545	00000000	00000030	00000000	00000000	00000000
usr/lib/modules/7.1.5-sp11-render-parity-v4+/kernel/drivers/net/phy/smsc.ko.zst	00000abc	000081a4	000003e8	000003e8	00000001	6a7f6546	00000000	00000030	00000000	00000000	00000000
usr/lib/modules/7.1.5-sp11-render-parity-v4+/kernel/drivers/net/phy/ste10Xp.ko.zst	00000abd	000081a4	000003e8	000003e8	00000001	6a7f6546	00000000	00000030	00000000	00000000	00000000
usr/lib/modules/7.1.5-sp11-render-parity-v4+/kernel/drivers/net/phy/teranetics.ko.zst	00000abe	000081a4	000003e8	000003e8	00000001	6a7f6546	00000000	00000030	00000000	00000000	00000000
usr/lib/modules/7.1.5-sp11-render-parity-v4+/kernel/drivers/net/phy/uPD60620.ko.zst	00000abf	000081a4	000003e8	000003e8	00000001	6a7f6546	00000000	00000030	00000000	00000000	00000000
usr/lib/modules/7.1.5-sp11-render-parity-v4+/kernel/drivers/net/phy/vitesse.ko.zst	00000ac0	000081a4	000003e8	000003e8	00000001	6a7f6546	00000000	00000030	00000000	00000000	00000000
usr/lib/modules/7.1.5-sp11-render-parity-v4+/kernel/drivers/net/phy/xilinx_gmii2rgmii.ko.zst	00000ac1	000081a4	000003e8	000003e8	00000001	6a7f6546	00000000	00000030	00000000	00000000	00000000
usr/lib/modules/7.1.5-sp11-render-parity-v4+/kernel/drivers/net/rionet.ko.zst	00000ac2	000081a4	000003e8	000003e8	00000001	6a7f6556	00000000	00000030	00000000	00000000	00000000
usr/lib/modules/7.1.5-sp11-render-parity-v4+/kernel/drivers/net/sungem_phy.ko.zst	00000ac3	000081a4	000003e8	000003e8	00000001	6a7f6558	00000000	00000030	00000000	00000000	00000000
usr/lib/modules/7.1.5-sp11-render-parity-v4+/kernel/drivers/net/thunderbolt	00000ac4	000041ed	000003e8	000003e8	00000002	6a8eba6d	00000000	00000030	00000000	00000000	00000000
usr/lib/modules/7.1.5-sp11-render-parity-v4+/kernel/drivers/net/thunderbolt/thunderbolt_net.ko.zst	00000ac5	000081a4	000003e8	000003e8	00000001	6a7f655a	00000000	00000030	00000000	00000000	00000000
usr/lib/modules/7.1.5-sp11-render-parity-v4+/kernel/drivers/net/usb	00000ac6	000041ed	000003e8	000003e8	00000002	6a8eba6d	00000000	00000030	00000000	00000000	00000000
usr/lib/modules/7.1.5-sp11-render-parity-v4+/kernel/drivers/net/usb/aqc111.ko.zst	00000ac7	000081a4	000003e8	000003e8	00000001	6a7f655a	00000000	00000030	00000000	00000000	00000000
usr/lib/modules/7.1.5-sp11-render-parity-v4+/kernel/drivers/net/usb/asix.ko.zst	00000ac8	000081a4	000003e8	000003e8	00000001	6a7f6559	00000000	00000030	00000000	00000000	00000000
usr/lib/modules/7.1.5-sp11-render-parity-v4+/kernel/drivers/net/usb/ax88179_178a.ko.zst	00000ac9	000081a4	000003e8	000003e8	00000001	6a7f6559	00000000	00000030	00000000	00000000	00000000
usr/lib/modules/7.1.5-sp11-render-parity-v4+/kernel/drivers/net/usb/catc.ko.zst	00000aca	000081a4	000003e8	000003e8	00000001	6a7f6559	00000000	00000030	00000000	00000000	00000000
usr/lib/modules/7.1.5-sp11-render-parity-v4+/kernel/drivers/net/usb/cdc_eem.ko.zst	00000acb	000081a4	000003e8	000003e8	00000001	6a7f6559	00000000	00000030	00000000	00000000	00000000
usr/lib/modules/7.1.5-sp11-render-parity-v4+/kernel/drivers/net/usb/cdc_ether.ko.zst	00000acc	000081a4	000003e8	000003e8	00000001	6a7f6559	00000000	00000030	00000000	00000000	00000000
usr/lib/modules/7.1.5-sp11-render-parity-v4+/kernel/drivers/net/usb/cdc_ncm.ko.zst	00000acd	000081a4	000003e8	000003e8	00000001	6a7f655a	00000000	00000030	00000000	00000000	00000000
usr/lib/modules/7.1.5-sp11-render-parity-v4+/kernel/drivers/net/usb/ch9200.ko.zst	00000ace	000081a4	000003e8	000003e8	00000001	6a7f655a	00000000	00000030	00000000	00000000	00000000
usr/lib/modules/7.1.5-sp11-render-parity-v4+/kernel/drivers/net/usb/dm9601.ko.zst	00000acf	000081a4	000003e8	000003e8	00000001	6a7f6559	00000000	00000030	00000000	00000000	00000000
usr/lib/modules/7.1.5-sp11-render-parity-v4+/kernel/drivers/net/usb/int51x1.ko.zst	00000ad0	000081a4	000003e8	000003e8	00000001	6a7f655a	00000000	00000030	00000000	00000000	00000000
usr/lib/modules/7.1.5-sp11-render-parity-v4+/kernel/drivers/net/usb/kaweth.ko.zst	00000ad1	000081a4	000003e8	000003e8	00000001	6a7f6559	00000000	00000030	00000000	00000000	00000000
usr/lib/modules/7.1.5-sp11-render-parity-v4+/kernel/drivers/net/usb/lan78xx.ko.zst	00000ad2	000081a4	000003e8	000003e8	00000001	6a7f6559	00000000	00000030	00000000	00000000	00000000
usr/lib/modules/7.1.5-sp11-render-parity-v4+/kernel/drivers/net/usb/mcs7830.ko.zst	00000ad3	000081a4	000003e8	000003e8	00000001	6a7f655a	00000000	00000030	00000000	00000000	00000000
usr/lib/modules/7.1.5-sp11-render-parity-v4+/kernel/drivers/net/usb/pegasus.ko.zst	00000ad4	000081a4	000003e8	000003e8	00000001	6a7f6559	00000000	00000030	00000000	00000000	00000000
usr/lib/modules/7.1.5-sp11-render-parity-v4+/kernel/drivers/net/usb/r8152.ko.zst	00000ad5	000081a4	000003e8	000003e8	00000001	6a7f6559	00000000	00000030	00000000	00000000	00000000
usr/lib/modules/7.1.5-sp11-render-parity-v4+/kernel/drivers/net/usb/r8153_ecm.ko.zst	00000ad6	000081a4	000003e8	000003e8	00000001	6a7f655a	00000000	00000030	00000000	00000000	00000000
usr/lib/modules/7.1.5-sp11-render-parity-v4+/kernel/drivers/net/usb/rndis_host.ko.zst	00000ad7	000081a4	000003e8	000003e8	00000001	6a7f6559	00000000	00000030	00000000	00000000	00000000
usr/lib/modules/7.1.5-sp11-render-parity-v4+/kernel/drivers/net/usb/rtl8150.ko.zst	00000ad8	000081a4	000003e8	000003e8	00000001	6a7f6559	00000000	00000030	00000000	00000000	00000000
usr/lib/modules/7.1.5-sp11-render-parity-v4+/kernel/drivers/net/usb/smsc75xx.ko.zst	00000ad9	000081a4	000003e8	000003e8	00000001	6a7f6559	00000000	00000030	00000000	00000000	00000000
usr/lib/modules/7.1.5-sp11-render-parity-v4+/kernel/drivers/net/usb/smsc95xx.ko.zst	00000ada	000081a4	000003e8	000003e8	00000001	6a7f6559	00000000	00000030	00000000	00000000	00000000
usr/lib/modules/7.1.5-sp11-render-parity-v4+/kernel/drivers/net/usb/sr9700.ko.zst	00000adb	000081a4	000003e8	000003e8	00000001	6a7f6559	00000000	00000030	00000000	00000000	00000000
usr/lib/modules/7.1.5-sp11-render-parity-v4+/kernel/drivers/net/usb/sr9800.ko.zst	00000adc	000081a4	000003e8	000003e8	00000001	6a7f6559	00000000	00000030	00000000	00000000	00000000
usr/lib/modules/7.1.5-sp11-render-parity-v4+/kernel/drivers/net/usb/usbnet.ko.zst	00000add	000081a4	000003e8	000003e8	00000001	6a7f655a	00000000	00000030	00000000	00000000	00000000
usr/lib/modules/7.1.5-sp11-render-parity-v4+/kernel/drivers/net/vmxnet3	00000ade	000041ed	000003e8	000003e8	00000002	6a8eba6d	00000000	00000030	00000000	00000000	00000000
usr/lib/modules/7.1.5-sp11-render-parity-v4+/kernel/drivers/net/vmxnet3/vmxnet3.ko.zst	00000adf	000081a4	000003e8	000003e8	00000001	6a7f6559	00000000	00000030	00000000	00000000	00000000
usr/lib/modules/7.1.5-sp11-render-parity-v4+/kernel/drivers/net/vrf.ko.zst	00000ae0	000081a4	000003e8	000003e8	00000001	6a7f6557	00000000	00000030	00000000	00000000	00000000
usr/lib/modules/7.1.5-sp11-render-parity-v4+/kernel/drivers/net/vxlan	00000ae1	000041ed	000003e8	000003e8	00000002	6a8eba6d	00000000	00000030	00000000	00000000	00000000
usr/lib/modules/7.1.5-sp11-render-parity-v4+/kernel/drivers/net/vxlan/vxlan.ko.zst	00000ae2	000081a4	000003e8	000003e8	00000001	6a7f6557	00000000	00000030	00000000	00000000	00000000
usr/lib/modules/7.1.5-sp11-render-parity-v4+/kernel/drivers/net/wan	00000ae3	000041ed	000003e8	000003e8	00000003	6a8eba6d	00000000	00000030	00000000	00000000	00000000
usr/lib/modules/7.1.5-sp11-render-parity-v4+/kernel/drivers/net/wan/framer	00000ae4	000041ed	000003e8	000003e8	00000003	6a8eba6d	00000000	00000030	00000000	00000000	00000000
usr/lib/modules/7.1.5-sp11-render-parity-v4+/kernel/drivers/net/wan/framer/pef2256	00000ae5	000041ed	000003e8	000003e8	00000002	6a8eba6d	00000000	00000030	00000000	00000000	00000000
usr/lib/modules/7.1.5-sp11-render-parity-v4+/kernel/drivers/net/wan/framer/pef2256/framer-pef2256.ko.zst	00000ae6	000081a4	000003e8	000003e8	00000001	6a7f6550	00000000	00000030	00000000	00000000	00000000
usr/lib/modules/7.1.5-sp11-render-parity-v4+/kernel/drivers/net/wireless	00000ae7	000041ed	000003e8	000003e8	00000003	6a8eba6d	00000000	00000030	00000000	00000000	00000000
usr/lib/modules/7.1.5-sp11-render-parity-v4+/kernel/drivers/net/wireless/ath	00000ae8	000041ed	000003e8	000003e8	00000003	6a8eba6d	00000000	00000030	00000000	00000000	00000000
usr/lib/modules/7.1.5-sp11-render-parity-v4+/kernel/drivers/net/wireless/ath/ath12k	00000ae9	000041ed	000003e8	000003e8	00000003	6a8eba6d	00000000	00000030	00000000	00000000	00000000
usr/lib/modules/7.1.5-sp11-render-parity-v4+/kernel/drivers/net/wireless/ath/ath12k/ath12k.ko.zst	00000aea	000081a4	000003e8	000003e8	00000001	6a7f6551	00000000	00000030	00000000	00000000	00000000
usr/lib/modules/7.1.5-sp11-render-parity-v4+/kernel/drivers/net/wireless/ath/ath12k/wifi7	00000aeb	000041ed	000003e8	000003e8	00000002	6a8eba6d	00000000	00000030	00000000	00000000	00000000
usr/lib/modules/7.1.5-sp11-render-parity-v4+/kernel/drivers/net/wireless/ath/ath12k/wifi7/ath12k_wifi7.ko.zst	00000aec	000081a4	000003e8	000003e8	00000001	6a7f6551	00000000	00000030	00000000	00000000	00000000
usr/lib/modules/7.1.5-sp11-render-parity-v4+/kernel/drivers/ntb	00000aed	000041ed	000003e8	000003e8	00000002	6a8eba6d	00000000	00000030	00000000	00000000	00000000
usr/lib/modules/7.1.5-sp11-render-parity-v4+/kernel/drivers/ntb/ntb.ko.zst	00000aee	000081a4	000003e8	000003e8	00000001	6a7f65bc	00000000	00000030	00000000	00000000	00000000
usr/lib/modules/7.1.5-sp11-render-parity-v4+/kernel/drivers/ntb/ntb_transport.ko.zst	00000aef	000081a4	000003e8	000003e8	00000001	6a7f65bc	00000000	00000030	00000000	00000000	00000000
usr/lib/modules/7.1.5-sp11-render-parity-v4+/kernel/drivers/nvdimm	00000af0	000041ed	000003e8	000003e8	00000002	6a8eba6d	00000000	00000030	00000000	00000000	00000000
usr/lib/modules/7.1.5-sp11-render-parity-v4+/kernel/drivers/nvdimm/nd_btt.ko.zst	00000af1	000081a4	000003e8	000003e8	00000001	6a7f653d	00000000	00000030	00000000	00000000	00000000
usr/lib/modules/7.1.5-sp11-render-parity-v4+/kernel/drivers/nvdimm/nd_pmem.ko.zst	00000af2	000081a4	000003e8	000003e8	00000001	6a7f653d	00000000	00000030	00000000	00000000	00000000
usr/lib/modules/7.1.5-sp11-render-parity-v4+/kernel/drivers/nvdimm/nd_virtio.ko.zst	00000af3	000081a4	000003e8	000003e8	00000001	6a7f653d	00000000	00000030	00000000	00000000	00000000
usr/lib/modules/7.1.5-sp11-render-parity-v4+/kernel/drivers/nvdimm/of_pmem.ko.zst	00000af4	000081a4	000003e8	000003e8	00000001	6a7f653d	00000000	00000030	00000000	00000000	00000000
usr/lib/modules/7.1.5-sp11-render-parity-v4+/kernel/drivers/nvdimm/virtio_pmem.ko.zst	00000af5	000081a4	000003e8	000003e8	00000001	6a7f653d	00000000	00000030	00000000	00000000	00000000
usr/lib/modules/7.1.5-sp11-render-parity-v4+/kernel/drivers/nvme	00000af6	000041ed	000003e8	000003e8	00000005	6a8eba6d	00000000	00000030	00000000	00000000	00000000
usr/lib/modules/7.1.5-sp11-render-parity-v4+/kernel/drivers/nvme/common	00000af7	000041ed	000003e8	000003e8	00000002	6a8eba6d	00000000	00000030	00000000	00000000	00000000
usr/lib/modules/7.1.5-sp11-render-parity-v4+/kernel/drivers/nvme/common/nvme-auth.ko.zst	00000af8	000081a4	000003e8	000003e8	00000001	6a7f6540	00000000	00000030	00000000	00000000	00000000
usr/lib/modules/7.1.5-sp11-render-parity-v4+/kernel/drivers/nvme/common/nvme-keyring.ko.zst	00000af9	000081a4	000003e8	000003e8	00000001	6a7f6540	00000000	00000030	00000000	00000000	00000000
usr/lib/modules/7.1.5-sp11-render-parity-v4+/kernel/drivers/nvme/host	00000afa	000041ed	000003e8	000003e8	00000002	6a8eba6d	00000000	00000030	00000000	00000000	00000000
usr/lib/modules/7.1.5-sp11-render-parity-v4+/kernel/drivers/nvme/host/nvme-apple.ko.zst	00000afb	000081a4	000003e8	000003e8	00000001	6a7f6540	00000000	00000030	00000000	00000000	00000000
usr/lib/modules/7.1.5-sp11-render-parity-v4+/kernel/drivers/nvme/host/nvme-core.ko.zst	00000afc	000081a4	000003e8	000003e8	00000001	6a7f6540	00000000	00000030	00000000	00000000	00000000
usr/lib/modules/7.1.5-sp11-render-parity-v4+/kernel/drivers/nvme/host/nvme-fabrics.ko.zst	00000afd	000081a4	000003e8	000003e8	00000001	6a7f6540	00000000	00000030	00000000	00000000	00000000
usr/lib/modules/7.1.5-sp11-render-parity-v4+/kernel/drivers/nvme/host/nvme-fc.ko.zst	00000afe	000081a4	000003e8	000003e8	00000001	6a7f6540	00000000	00000030	00000000	00000000	00000000
usr/lib/modules/7.1.5-sp11-render-parity-v4+/kernel/drivers/nvme/host/nvme-rdma.ko.zst	00000b00	000081a4	000003e8	000003e8	00000001	6a7f6540	00000000	00000030	00000000	00000000	00000000
usr/lib/modules/7.1.5-sp11-render-parity-v4+/kernel/drivers/nvme/host/nvme-tcp.ko.zst	00000b01	000081a4	000003e8	000003e8	00000001	6a7f6540	00000000	00000030	00000000	00000000	00000000
usr/lib/modules/7.1.5-sp11-render-parity-v4+/kernel/drivers/nvme/host/nvme.ko.zst	00000aff	000081a4	000003e8	000003e8	00000001	6a7f6540	00000000	00000030	00000000	00000000	00000000
usr/lib/modules/7.1.5-sp11-render-parity-v4+/kernel/drivers/nvme/target	00000b1d	000041ed	000003e8	000003e8	00000002	6a8eba6d	00000000	00000030	00000000	00000000	00000000
usr/lib/modules/7.1.5-sp11-render-parity-v4+/kernel/drivers/nvme/target/nvme-loop.ko.zst	00000b1e	000081a4	000003e8	000003e8	00000001	6a7f6540	00000000	00000030	00000000	00000000	00000000
usr/lib/modules/7.1.5-sp11-render-parity-v4+/kernel/drivers/nvme/target/nvmet-fc.ko.zst	00000b1f	000081a4	000003e8	000003e8	00000001	6a7f6540	00000000	00000030	00000000	00000000	00000000
usr/lib/modules/7.1.5-sp11-render-parity-v4+/kernel/drivers/nvme/target/nvmet.ko.zst	00000b20	000081a4	000003e8	000003e8	00000001	6a7f6540	00000000	00000030	00000000	00000000	00000000
usr/lib/modules/7.1.5-sp11-render-parity-v4+/kernel/drivers/nvmem	00000b02	000041ed	000003e8	000003e8	00000003	6a8eba6d	00000000	00000030	00000000	00000000	00000000
usr/lib/modules/7.1.5-sp11-render-parity-v4+/kernel/drivers/nvmem/layouts	00000b03	000041ed	000003e8	000003e8	00000002	6a8eba6d	00000000	00000030	00000000	00000000	00000000
usr/lib/modules/7.1.5-sp11-render-parity-v4+/kernel/drivers/nvmem/layouts/onie-tlv.ko.zst	00000b04	000081a4	000003e8	000003e8	00000001	6a7f65a0	00000000	00000030	00000000	00000000	00000000
usr/lib/modules/7.1.5-sp11-render-parity-v4+/kernel/drivers/nvmem/layouts/sl28vpd.ko.zst	00000b05	000081a4	000003e8	000003e8	00000001	6a7f65a0	00000000	00000030	00000000	00000000	00000000
usr/lib/modules/7.1.5-sp11-render-parity-v4+/kernel/drivers/nvmem/layouts/u-boot-env.ko.zst	00000b06	000081a4	000003e8	000003e8	00000001	6a7f65a0	00000000	00000030	00000000	00000000	00000000
usr/lib/modules/7.1.5-sp11-render-parity-v4+/kernel/drivers/nvmem/nvmem-apple-efuses.ko.zst	00000b07	000081a4	000003e8	000003e8	00000001	6a7f65a0	00000000	00000030	00000000	00000000	00000000
usr/lib/modules/7.1.5-sp11-render-parity-v4+/kernel/drivers/nvmem/nvmem-imx-iim.ko.zst	00000b08	000081a4	000003e8	000003e8	00000001	6a7f65a0	00000000	00000030	00000000	00000000	00000000
usr/lib/modules/7.1.5-sp11-render-parity-v4+/kernel/drivers/nvmem/nvmem-imx-ocotp-ele.ko.zst	00000b09	000081a4	000003e8	000003e8	00000001	6a7f65a1	00000000	00000030	00000000	00000000	00000000
usr/lib/modules/7.1.5-sp11-render-parity-v4+/kernel/drivers/nvmem/nvmem-imx-ocotp-scu.ko.zst	00000b0b	000081a4	000003e8	000003e8	00000001	6a7f65a1	00000000	00000030	00000000	00000000	00000000
usr/lib/modules/7.1.5-sp11-render-parity-v4+/kernel/drivers/nvmem/nvmem-imx-ocotp.ko.zst	00000b0a	000081a4	000003e8	000003e8	00000001	6a7f65a1	00000000	00000030	00000000	00000000	00000000
usr/lib/modules/7.1.5-sp11-render-parity-v4+/kernel/drivers/nvmem/nvmem-layerscape-sfp.ko.zst	00000b0c	000081a4	000003e8	000003e8	00000001	6a7f65a1	00000000	00000030	00000000	00000000	00000000
usr/lib/modules/7.1.5-sp11-render-parity-v4+/kernel/drivers/nvmem/nvmem-rave-sp-eeprom.ko.zst	00000b11	000081a4	000003e8	000003e8	00000001	6a7f65a1	00000000	00000030	00000000	00000000	00000000
usr/lib/modules/7.1.5-sp11-render-parity-v4+/kernel/drivers/nvmem/nvmem-rcar-efuse.ko.zst	00000b12	000081a4	000003e8	000003e8	00000001	6a7f65a1	00000000	00000030	00000000	00000000	00000000
usr/lib/modules/7.1.5-sp11-render-parity-v4+/kernel/drivers/nvmem/nvmem-rmem.ko.zst	00000b13	000081a4	000003e8	000003e8	00000001	6a7f65a1	00000000	00000030	00000000	00000000	00000000
usr/lib/modules/7.1.5-sp11-render-parity-v4+/kernel/drivers/nvmem/nvmem-rockchip-otp.ko.zst	00000b15	000081a4	000003e8	000003e8	00000001	6a7f65a1	00000000	00000030	00000000	00000000	00000000
usr/lib/modules/7.1.5-sp11-render-parity-v4+/kernel/drivers/nvmem/nvmem-sc27xx-efuse.ko.zst	00000b16	000081a4	000003e8	000003e8	00000001	6a7f65a1	00000000	00000030	00000000	00000000	00000000
usr/lib/modules/7.1.5-sp11-render-parity-v4+/kernel/drivers/nvmem/nvmem_meson_efuse.ko.zst	00000b0d	000081a4	000003e8	000003e8	00000001	6a7f65a1	00000000	00000030	00000000	00000000	00000000
usr/lib/modules/7.1.5-sp11-render-parity-v4+/kernel/drivers/nvmem/nvmem_meson_mx_efuse.ko.zst	00000b0e	000081a4	000003e8	000003e8	00000001	6a7f65a1	00000000	00000030	00000000	00000000	00000000
usr/lib/modules/7.1.5-sp11-render-parity-v4+/kernel/drivers/nvmem/nvmem_mtk-efuse.ko.zst	00000b0f	000081a4	000003e8	000003e8	00000001	6a7f65a1	00000000	00000030	00000000	00000000	00000000
usr/lib/modules/7.1.5-sp11-render-parity-v4+/kernel/drivers/nvmem/nvmem_qcom-spmi-sdam.ko.zst	00000b10	000081a4	000003e8	000003e8	00000001	6a7f65a1	00000000	00000030	00000000	00000000	00000000
usr/lib/modules/7.1.5-sp11-render-parity-v4+/kernel/drivers/nvmem/nvmem_rockchip_efuse.ko.zst	00000b14	000081a4	000003e8	000003e8	00000001	6a7f65a1	00000000	00000030	00000000	00000000	00000000
usr/lib/modules/7.1.5-sp11-render-parity-v4+/kernel/drivers/nvmem/nvmem_sec_qfprom.ko.zst	00000b17	000081a4	000003e8	000003e8	00000001	6a7f65a1	00000000	00000030	00000000	00000000	00000000
usr/lib/modules/7.1.5-sp11-render-parity-v4+/kernel/drivers/nvmem/nvmem_snvs_lpgpr.ko.zst	00000b18	000081a4	000003e8	000003e8	00000001	6a7f65a1	00000000	00000030	00000000	00000000	00000000
usr/lib/modules/7.1.5-sp11-render-parity-v4+/kernel/drivers/nvmem/nvmem_sprd_efuse.ko.zst	00000b19	000081a4	000003e8	000003e8	00000001	6a7f65a1	00000000	00000030	00000000	00000000	00000000
usr/lib/modules/7.1.5-sp11-render-parity-v4+/kernel/drivers/nvmem/nvmem_stm32_romem.ko.zst	00000b1a	000081a4	000003e8	000003e8	00000001	6a7f65a1	00000000	00000030	00000000	00000000	00000000
usr/lib/modules/7.1.5-sp11-render-parity-v4+/kernel/drivers/nvmem/nvmem_sunxi_sid.ko.zst	00000b1b	000081a4	000003e8	000003e8	00000001	6a7f65a1	00000000	00000030	00000000	00000000	00000000
usr/lib/modules/7.1.5-sp11-render-parity-v4+/kernel/drivers/nvmem/nvmem_u-boot-env.ko.zst	00000b1c	000081a4	000003e8	000003e8	00000001	6a7f65a1	00000000	00000030	00000000	00000000	00000000
usr/lib/modules/7.1.5-sp11-render-parity-v4+/kernel/drivers/parport	00000b21	000041ed	000003e8	000003e8	00000002	6a8eba6d	00000000	00000030	00000000	00000000	00000000
usr/lib/modules/7.1.5-sp11-render-parity-v4+/kernel/drivers/parport/parport.ko.zst	00000b22	000081a4	000003e8	000003e8	00000001	6a7f65a3	00000000	00000030	00000000	00000000	00000000
usr/lib/modules/7.1.5-sp11-render-parity-v4+/kernel/drivers/pci	00000b23	000041ed	000003e8	000003e8	00000003	6a8eba6d	00000000	00000030	00000000	00000000	00000000
usr/lib/modules/7.1.5-sp11-render-parity-v4+/kernel/drivers/pci/controller	00000b24	000041ed	000003e8	000003e8	00000003	6a8eba6d	00000000	00000030	00000000	00000000	00000000
usr/lib/modules/7.1.5-sp11-render-parity-v4+/kernel/drivers/pci/controller/dwc	00000b25	000041ed	000003e8	000003e8	00000002	6a8eba6d	00000000	00000030	00000000	00000000	00000000
usr/lib/modules/7.1.5-sp11-render-parity-v4+/kernel/drivers/pci/controller/dwc/pci-meson.ko.zst	00000b29	000081a4	000003e8	000003e8	00000001	6a7f651a	00000000	00000030	00000000	00000000	00000000
usr/lib/modules/7.1.5-sp11-render-parity-v4+/kernel/drivers/pci/controller/dwc/pcie-qcom-ep.ko.zst	00000b26	000081a4	000003e8	000003e8	00000001	6a7f651a	00000000	00000030	00000000	00000000	00000000
usr/lib/modules/7.1.5-sp11-render-parity-v4+/kernel/drivers/pci/controller/dwc/pcie-rcar-gen4.ko.zst	00000b27	000081a4	000003e8	000003e8	00000001	6a7f651a	00000000	00000030	00000000	00000000	00000000
usr/lib/modules/7.1.5-sp11-render-parity-v4+/kernel/drivers/pci/controller/dwc/pcie-tegra194.ko.zst	00000b28	000081a4	000003e8	000003e8	00000001	6a7f651a	00000000	00000030	00000000	00000000	00000000
usr/lib/modules/7.1.5-sp11-render-parity-v4+/kernel/drivers/pci/controller/pcie-apple.ko.zst	00000b2a	000081a4	000003e8	000003e8	00000001	6a7f651a	00000000	00000030	00000000	00000000	00000000
usr/lib/modules/7.1.5-sp11-render-parity-v4+/kernel/drivers/pci/controller/pcie-mediatek-gen3.ko.zst	00000b2b	000081a4	000003e8	000003e8	00000001	6a7f651a	00000000	00000030	00000000	00000000	00000000
usr/lib/modules/7.1.5-sp11-render-parity-v4+/kernel/drivers/pci/controller/pcie-rockchip-host.ko.zst	00000b2c	000081a4	000003e8	000003e8	00000001	6a7f651a	00000000	00000030	00000000	00000000	00000000
usr/lib/modules/7.1.5-sp11-render-parity-v4+/kernel/drivers/phy	00000b2d	000041ed	000003e8	000003e8	00000017	6a8eba6d	00000000	00000030	00000000	00000000	00000000
usr/lib/modules/7.1.5-sp11-render-parity-v4+/kernel/drivers/phy/allwinner	00000b2e	000041ed	000003e8	000003e8	00000002	6a8eba6d	00000000	00000030	00000000	00000000	00000000
usr/lib/modules/7.1.5-sp11-render-parity-v4+/kernel/drivers/phy/allwinner/phy-sun4i-usb.ko.zst	00000b2f	000081a4	000003e8	000003e8	00000001	6a7f650f	00000000	00000030	00000000	00000000	00000000
usr/lib/modules/7.1.5-sp11-render-parity-v4+/kernel/drivers/phy/allwinner/phy-sun50i-usb3.ko.zst	00000b30	000081a4	000003e8	000003e8	00000001	6a7f650f	00000000	00000030	00000000	00000000	00000000
usr/lib/modules/7.1.5-sp11-render-parity-v4+/kernel/drivers/phy/allwinner/phy-sun6i-mipi-dphy.ko.zst	00000b31	000081a4	000003e8	000003e8	00000001	6a7f650f	00000000	00000030	00000000	00000000	00000000
usr/lib/modules/7.1.5-sp11-render-parity-v4+/kernel/drivers/phy/amlogic	00000b32	000041ed	000003e8	000003e8	00000002	6a8eba6d	00000000	00000030	00000000	00000000	00000000
usr/lib/modules/7.1.5-sp11-render-parity-v4+/kernel/drivers/phy/amlogic/phy-meson-axg-mipi-dphy.ko.zst	00000b34	000081a4	000003e8	000003e8	00000001	6a7f650f	00000000	00000030	00000000	00000000	00000000
usr/lib/modules/7.1.5-sp11-render-parity-v4+/kernel/drivers/phy/amlogic/phy-meson-g12a-mipi-dphy-analog.ko.zst	00000b35	000081a4	000003e8	000003e8	00000001	6a7f650f	00000000	00000030	00000000	00000000	00000000
usr/lib/modules/7.1.5-sp11-render-parity-v4+/kernel/drivers/phy/amlogic/phy-meson-g12a-usb2.ko.zst	00000b36	000081a4	000003e8	000003e8	00000001	6a7f650f	00000000	00000030	00000000	00000000	00000000
usr/lib/modules/7.1.5-sp11-render-parity-v4+/kernel/drivers/phy/amlogic/phy-meson-g12a-usb3-pcie.ko.zst	00000b37	000081a4	000003e8	000003e8	00000001	6a7f650f	00000000	00000030	00000000	00000000	00000000
usr/lib/modules/7.1.5-sp11-render-parity-v4+/kernel/drivers/phy/amlogic/phy-meson-gxl-usb2.ko.zst	00000b38	000081a4	000003e8	000003e8	00000001	6a7f650f	00000000	00000030	00000000	00000000	00000000
usr/lib/modules/7.1.5-sp11-render-parity-v4+/kernel/drivers/phy/amlogic/phy-meson8b-usb2.ko.zst	00000b33	000081a4	000003e8	000003e8	00000001	6a7f650f	00000000	00000030	00000000	00000000	00000000
usr/lib/modules/7.1.5-sp11-render-parity-v4+/kernel/drivers/phy/broadcom	00000b39	000041ed	000003e8	000003e8	00000002	6a8eba6d	00000000	00000030	00000000	00000000	00000000
usr/lib/modules/7.1.5-sp11-render-parity-v4+/kernel/drivers/phy/broadcom/phy-bcm-kona-usb2.ko.zst	00000b3a	000081a4	000003e8	000003e8	00000001	6a7f650f	00000000	00000030	00000000	00000000	00000000
usr/lib/modules/7.1.5-sp11-render-parity-v4+/kernel/drivers/phy/cadence	00000b3b	000041ed	000003e8	000003e8	00000002	6a8eba6d	00000000	00000030	00000000	00000000	00000000
usr/lib/modules/7.1.5-sp11-render-parity-v4+/kernel/drivers/phy/cadence/cdns-dphy-rx.ko.zst	00000b3d	000081a4	000003e8	000003e8	00000001	6a7f650f	00000000	00000030	00000000	00000000	00000000
usr/lib/modules/7.1.5-sp11-render-parity-v4+/kernel/drivers/phy/cadence/cdns-dphy.ko.zst	00000b3c	000081a4	000003e8	000003e8	00000001	6a7f650f	00000000	00000030	00000000	00000000	00000000
usr/lib/modules/7.1.5-sp11-render-parity-v4+/kernel/drivers/phy/cadence/phy-cadence-salvo.ko.zst	00000b3e	000081a4	000003e8	000003e8	00000001	6a7f650f	00000000	00000030	00000000	00000000	00000000
usr/lib/modules/7.1.5-sp11-render-parity-v4+/kernel/drivers/phy/cadence/phy-cadence-sierra.ko.zst	00000b3f	000081a4	000003e8	000003e8	00000001	6a7f650f	00000000	00000030	00000000	00000000	00000000
usr/lib/modules/7.1.5-sp11-render-parity-v4+/kernel/drivers/phy/cadence/phy-cadence-torrent.ko.zst	00000b40	000081a4	000003e8	000003e8	00000001	6a7f650f	00000000	00000030	00000000	00000000	00000000
usr/lib/modules/7.1.5-sp11-render-parity-v4+/kernel/drivers/phy/freescale	00000b41	000041ed	000003e8	000003e8	00000002	6a8eba6d	00000000	00000030	00000000	00000000	00000000
usr/lib/modules/7.1.5-sp11-render-parity-v4+/kernel/drivers/phy/freescale/phy-fsl-imx8-mipi-dphy.ko.zst	00000b42	000081a4	000003e8	000003e8	00000001	6a7f650f	00000000	00000030	00000000	00000000	00000000
usr/lib/modules/7.1.5-sp11-render-parity-v4+/kernel/drivers/phy/freescale/phy-fsl-imx8m-pcie.ko.zst	00000b43	000081a4	000003e8	000003e8	00000001	6a7f650f	00000000	00000030	00000000	00000000	00000000
usr/lib/modules/7.1.5-sp11-render-parity-v4+/kernel/drivers/phy/freescale/phy-fsl-imx8mq-usb.ko.zst	00000b44	000081a4	000003e8	000003e8	00000001	6a7f650f	00000000	00000030	00000000	00000000	00000000
usr/lib/modules/7.1.5-sp11-render-parity-v4+/kernel/drivers/phy/freescale/phy-fsl-imx8qm-hsio.ko.zst	00000b45	000081a4	000003e8	000003e8	00000001	6a7f6510	00000000	00000030	00000000	00000000	00000000
usr/lib/modules/7.1.5-sp11-render-parity-v4+/kernel/drivers/phy/freescale/phy-fsl-imx8qm-lvds-phy.ko.zst	00000b46	000081a4	000003e8	000003e8	00000001	6a7f650f	00000000	00000030	00000000	00000000	00000000
usr/lib/modules/7.1.5-sp11-render-parity-v4+/kernel/drivers/phy/freescale/phy-fsl-lynx-28g.ko.zst	00000b47	000081a4	000003e8	000003e8	00000001	6a7f6510	00000000	00000030	00000000	00000000	00000000
usr/lib/modules/7.1.5-sp11-render-parity-v4+/kernel/drivers/phy/freescale/phy-fsl-samsung-hdmi.ko.zst	00000b48	000081a4	000003e8	000003e8	00000001	6a7f6510	00000000	00000030	00000000	00000000	00000000
usr/lib/modules/7.1.5-sp11-render-parity-v4+/kernel/drivers/phy/hisilicon	00000b49	000041ed	000003e8	000003e8	00000002	6a8eba6d	00000000	00000030	00000000	00000000	00000000
usr/lib/modules/7.1.5-sp11-render-parity-v4+/kernel/drivers/phy/hisilicon/phy-hi3660-usb3.ko.zst	00000b4a	000081a4	000003e8	000003e8	00000001	6a7f6510	00000000	00000030	00000000	00000000	00000000
usr/lib/modules/7.1.5-sp11-render-parity-v4+/kernel/drivers/phy/hisilicon/phy-hi3670-pcie.ko.zst	00000b4b	000081a4	000003e8	000003e8	00000001	6a7f6510	00000000	00000030	00000000	00000000	00000000
usr/lib/modules/7.1.5-sp11-render-parity-v4+/kernel/drivers/phy/hisilicon/phy-hi3670-usb3.ko.zst	00000b4c	000081a4	000003e8	000003e8	00000001	6a7f6510	00000000	00000030	00000000	00000000	00000000
usr/lib/modules/7.1.5-sp11-render-parity-v4+/kernel/drivers/phy/hisilicon/phy-hi6220-usb.ko.zst	00000b4d	000081a4	000003e8	000003e8	00000001	6a7f6510	00000000	00000030	00000000	00000000	00000000
usr/lib/modules/7.1.5-sp11-render-parity-v4+/kernel/drivers/phy/hisilicon/phy-hisi-inno-usb2.ko.zst	00000b4e	000081a4	000003e8	000003e8	00000001	6a7f6510	00000000	00000030	00000000	00000000	00000000
usr/lib/modules/7.1.5-sp11-render-parity-v4+/kernel/drivers/phy/hisilicon/phy-histb-combphy.ko.zst	00000b4f	000081a4	000003e8	000003e8	00000001	6a7f6510	00000000	00000030	00000000	00000000	00000000
usr/lib/modules/7.1.5-sp11-render-parity-v4+/kernel/drivers/phy/intel	00000b50	000041ed	000003e8	000003e8	00000002	6a8eba6d	00000000	00000030	00000000	00000000	00000000
usr/lib/modules/7.1.5-sp11-render-parity-v4+/kernel/drivers/phy/intel/phy-intel-keembay-emmc.ko.zst	00000b51	000081a4	000003e8	000003e8	00000001	6a7f6510	00000000	00000030	00000000	00000000	00000000
usr/lib/modules/7.1.5-sp11-render-parity-v4+/kernel/drivers/phy/intel/phy-intel-keembay-usb.ko.zst	00000b52	000081a4	000003e8	000003e8	00000001	6a7f6510	00000000	00000030	00000000	00000000	00000000
usr/lib/modules/7.1.5-sp11-render-parity-v4+/kernel/drivers/phy/marvell	00000b53	000041ed	000003e8	000003e8	00000002	6a8eba6d	00000000	00000030	00000000	00000000	00000000
usr/lib/modules/7.1.5-sp11-render-parity-v4+/kernel/drivers/phy/marvell/phy-armada38x-comphy.ko.zst	00000b54	000081a4	000003e8	000003e8	00000001	6a7f6510	00000000	00000030	00000000	00000000	00000000
usr/lib/modules/7.1.5-sp11-render-parity-v4+/kernel/drivers/phy/marvell/phy-berlin-sata.ko.zst	00000b55	000081a4	000003e8	000003e8	00000001	6a7f6510	00000000	00000030	00000000	00000000	00000000
usr/lib/modules/7.1.5-sp11-render-parity-v4+/kernel/drivers/phy/marvell/phy-berlin-usb.ko.zst	00000b56	000081a4	000003e8	000003e8	00000001	6a7f6510	00000000	00000030	00000000	00000000	00000000
usr/lib/modules/7.1.5-sp11-render-parity-v4+/kernel/drivers/phy/marvell/phy-mvebu-a3700-comphy.ko.zst	00000b57	000081a4	000003e8	000003e8	00000001	6a7f6510	00000000	00000030	00000000	00000000	00000000
usr/lib/modules/7.1.5-sp11-render-parity-v4+/kernel/drivers/phy/marvell/phy-mvebu-a3700-utmi.ko.zst	00000b58	000081a4	000003e8	000003e8	00000001	6a7f6510	00000000	00000030	00000000	00000000	00000000
usr/lib/modules/7.1.5-sp11-render-parity-v4+/kernel/drivers/phy/marvell/phy-mvebu-cp110-comphy.ko.zst	00000b59	000081a4	000003e8	000003e8	00000001	6a7f6510	00000000	00000030	00000000	00000000	00000000
usr/lib/modules/7.1.5-sp11-render-parity-v4+/kernel/drivers/phy/marvell/phy-mvebu-cp110-utmi.ko.zst	00000b5a	000081a4	000003e8	000003e8	00000001	6a7f6510	00000000	00000030	00000000	00000000	00000000
usr/lib/modules/7.1.5-sp11-render-parity-v4+/kernel/drivers/phy/marvell/phy-pxa-28nm-hsic.ko.zst	00000b5b	000081a4	000003e8	000003e8	00000001	6a7f6510	00000000	00000030	00000000	00000000	00000000
usr/lib/modules/7.1.5-sp11-render-parity-v4+/kernel/drivers/phy/marvell/phy-pxa-28nm-usb2.ko.zst	00000b5c	000081a4	000003e8	000003e8	00000001	6a7f6510	00000000	00000030	00000000	00000000	00000000
usr/lib/modules/7.1.5-sp11-render-parity-v4+/kernel/drivers/phy/mediatek	00000b5d	000041ed	000003e8	000003e8	00000002	6a8eba6d	00000000	00000030	00000000	00000000	00000000
usr/lib/modules/7.1.5-sp11-render-parity-v4+/kernel/drivers/phy/mediatek/phy-mtk-dp.ko.zst	00000b5e	000081a4	000003e8	000003e8	00000001	6a7f6510	00000000	00000030	00000000	00000000	00000000
usr/lib/modules/7.1.5-sp11-render-parity-v4+/kernel/drivers/phy/mediatek/phy-mtk-hdmi-drv.ko.zst	00000b5f	000081a4	000003e8	000003e8	00000001	6a7f6510	00000000	00000030	00000000	00000000	00000000
usr/lib/modules/7.1.5-sp11-render-parity-v4+/kernel/drivers/phy/mediatek/phy-mtk-mipi-csi-0-5.ko.zst	00000b60	000081a4	000003e8	000003e8	00000001	6a7f6510	00000000	00000030	00000000	00000000	00000000
usr/lib/modules/7.1.5-sp11-render-parity-v4+/kernel/drivers/phy/mediatek/phy-mtk-mipi-dsi-drv.ko.zst	00000b61	000081a4	000003e8	000003e8	00000001	6a7f6510	00000000	00000030	00000000	00000000	00000000
usr/lib/modules/7.1.5-sp11-render-parity-v4+/kernel/drivers/phy/mediatek/phy-mtk-pcie.ko.zst	00000b62	000081a4	000003e8	000003e8	00000001	6a7f6510	00000000	00000030	00000000	00000000	00000000
usr/lib/modules/7.1.5-sp11-render-parity-v4+/kernel/drivers/phy/mediatek/phy-mtk-tphy.ko.zst	00000b63	000081a4	000003e8	000003e8	00000001	6a7f6510	00000000	00000030	00000000	00000000	00000000
usr/lib/modules/7.1.5-sp11-render-parity-v4+/kernel/drivers/phy/mediatek/phy-mtk-ufs.ko.zst	00000b64	000081a4	000003e8	000003e8	00000001	6a7f6510	00000000	00000030	00000000	00000000	00000000
usr/lib/modules/7.1.5-sp11-render-parity-v4+/kernel/drivers/phy/mediatek/phy-mtk-xfi-tphy.ko.zst	00000b65	000081a4	000003e8	000003e8	00000001	6a7f6510	00000000	00000030	00000000	00000000	00000000
usr/lib/modules/7.1.5-sp11-render-parity-v4+/kernel/drivers/phy/mediatek/phy-mtk-xsphy.ko.zst	00000b66	000081a4	000003e8	000003e8	00000001	6a7f6510	00000000	00000030	00000000	00000000	00000000
usr/lib/modules/7.1.5-sp11-render-parity-v4+/kernel/drivers/phy/microchip	00000b67	000041ed	000003e8	000003e8	00000002	6a8eba6d	00000000	00000030	00000000	00000000	00000000
usr/lib/modules/7.1.5-sp11-render-parity-v4+/kernel/drivers/phy/microchip/sparx5_serdes.ko.zst	00000b68	000081a4	000003e8	000003e8	00000001	6a7f6510	00000000	00000030	00000000	00000000	00000000
usr/lib/modules/7.1.5-sp11-render-parity-v4+/kernel/drivers/phy/motorola	00000b69	000041ed	000003e8	000003e8	00000002	6a8eba6d	00000000	00000030	00000000	00000000	00000000
usr/lib/modules/7.1.5-sp11-render-parity-v4+/kernel/drivers/phy/motorola/phy-cpcap-usb.ko.zst	00000b6a	000081a4	000003e8	000003e8	00000001	6a7f6510	00000000	00000030	00000000	00000000	00000000
usr/lib/modules/7.1.5-sp11-render-parity-v4+/kernel/drivers/phy/motorola/phy-mapphone-mdm6600.ko.zst	00000b6b	000081a4	000003e8	000003e8	00000001	6a7f6510	00000000	00000030	00000000	00000000	00000000
usr/lib/modules/7.1.5-sp11-render-parity-v4+/kernel/drivers/phy/mscc	00000b6c	000041ed	000003e8	000003e8	00000002	6a8eba6d	00000000	00000030	00000000	00000000	00000000
usr/lib/modules/7.1.5-sp11-render-parity-v4+/kernel/drivers/phy/mscc/phy-ocelot-serdes.ko.zst	00000b6d	000081a4	000003e8	000003e8	00000001	6a7f6510	00000000	00000030	00000000	00000000	00000000
usr/lib/modules/7.1.5-sp11-render-parity-v4+/kernel/drivers/phy/phy-airoha-pcie.ko.zst	00000b6e	000081a4	000003e8	000003e8	00000001	6a7f6511	00000000	00000030	00000000	00000000	00000000
usr/lib/modules/7.1.5-sp11-render-parity-v4+/kernel/drivers/phy/phy-can-transceiver.ko.zst	00000b6f	000081a4	000003e8	000003e8	00000001	6a7f6511	00000000	00000030	00000000	00000000	00000000
usr/lib/modules/7.1.5-sp11-render-parity-v4+/kernel/drivers/phy/phy-nxp-ptn3222.ko.zst	00000b70	000081a4	000003e8	000003e8	00000001	6a7f6512	00000000	00000030	00000000	00000000	00000000
usr/lib/modules/7.1.5-sp11-render-parity-v4+/kernel/drivers/phy/qualcomm	00000b71	000041ed	000003e8	000003e8	00000002	6a8eba6d	00000000	00000030	00000000	00000000	00000000
usr/lib/modules/7.1.5-sp11-render-parity-v4+/kernel/drivers/phy/qualcomm/phy-qcom-apq8064-sata.ko.zst	00000b72	000081a4	000003e8	000003e8	00000001	6a7f6510	00000000	00000030	00000000	00000000	00000000
usr/lib/modules/7.1.5-sp11-render-parity-v4+/kernel/drivers/phy/qualcomm/phy-qcom-edp.ko.zst	00000b73	000081a4	000003e8	000003e8	00000001	6a7f6510	00000000	00000030	00000000	00000000	00000000
usr/lib/modules/7.1.5-sp11-render-parity-v4+/kernel/drivers/phy/qualcomm/phy-qcom-ipq4019-usb.ko.zst	00000b74	000081a4	000003e8	000003e8	00000001	6a7f6510	00000000	00000030	00000000	00000000	00000000
usr/lib/modules/7.1.5-sp11-render-parity-v4+/kernel/drivers/phy/qualcomm/phy-qcom-ipq806x-sata.ko.zst	00000b75	000081a4	000003e8	000003e8	00000001	6a7f6510	00000000	00000030	00000000	00000000	00000000
usr/lib/modules/7.1.5-sp11-render-parity-v4+/kernel/drivers/phy/qualcomm/phy-qcom-ipq806x-usb.ko.zst	00000b76	000081a4	000003e8	000003e8	00000001	6a7f6511	00000000	00000030	00000000	00000000	00000000
usr/lib/modules/7.1.5-sp11-render-parity-v4+/kernel/drivers/phy/qualcomm/phy-qcom-m31.ko.zst	00000b77	000081a4	000003e8	000003e8	00000001	6a7f6510	00000000	00000030	00000000	00000000	00000000
usr/lib/modules/7.1.5-sp11-render-parity-v4+/kernel/drivers/phy/qualcomm/phy-qcom-pcie2.ko.zst	00000b78	000081a4	000003e8	000003e8	00000001	6a7f6510	00000000	00000030	00000000	00000000	00000000
usr/lib/modules/7.1.5-sp11-render-parity-v4+/kernel/drivers/phy/qualcomm/phy-qcom-qmp-usb-legacy.ko.zst	00000b79	000081a4	000003e8	000003e8	00000001	6a7f6510	00000000	00000030	00000000	00000000	00000000
usr/lib/modules/7.1.5-sp11-render-parity-v4+/kernel/drivers/phy/qualcomm/phy-qcom-sgmii-eth.ko.zst	00000b7a	000081a4	000003e8	000003e8	00000001	6a7f6511	00000000	00000030	00000000	00000000	00000000
usr/lib/modules/7.1.5-sp11-render-parity-v4+/kernel/drivers/phy/qualcomm/phy-qcom-usb-hs-28nm.ko.zst	00000b7b	000081a4	000003e8	000003e8	00000001	6a7f6511	00000000	00000030	00000000	00000000	00000000
usr/lib/modules/7.1.5-sp11-render-parity-v4+/kernel/drivers/phy/qualcomm/phy-qcom-usb-hs.ko.zst	00000b7d	000081a4	000003e8	000003e8	00000001	6a7f6510	00000000	00000030	00000000	00000000	00000000
usr/lib/modules/7.1.5-sp11-render-parity-v4+/kernel/drivers/phy/qualcomm/phy-qcom-usb-hsic.ko.zst	00000b7c	000081a4	000003e8	000003e8	00000001	6a7f6511	00000000	00000030	00000000	00000000	00000000
usr/lib/modules/7.1.5-sp11-render-parity-v4+/kernel/drivers/phy/qualcomm/phy-qcom-usb-ss.ko.zst	00000b7e	000081a4	000003e8	000003e8	00000001	6a7f6511	00000000	00000030	00000000	00000000	00000000
usr/lib/modules/7.1.5-sp11-render-parity-v4+/kernel/drivers/phy/realtek	00000b7f	000041ed	000003e8	000003e8	00000002	6a8eba6d	00000000	00000030	00000000	00000000	00000000
usr/lib/modules/7.1.5-sp11-render-parity-v4+/kernel/drivers/phy/realtek/phy-rtk-usb2.ko.zst	00000b80	000081a4	000003e8	000003e8	00000001	6a7f6511	00000000	00000030	00000000	00000000	00000000
usr/lib/modules/7.1.5-sp11-render-parity-v4+/kernel/drivers/phy/realtek/phy-rtk-usb3.ko.zst	00000b81	000081a4	000003e8	000003e8	00000001	6a7f6511	00000000	00000030	00000000	00000000	00000000
usr/lib/modules/7.1.5-sp11-render-parity-v4+/kernel/drivers/phy/renesas	00000b82	000041ed	000003e8	000003e8	00000002	6a8eba6d	00000000	00000030	00000000	00000000	00000000
usr/lib/modules/7.1.5-sp11-render-parity-v4+/kernel/drivers/phy/renesas/phy-rcar-gen2.ko.zst	00000b83	000081a4	000003e8	000003e8	00000001	6a7f6511	00000000	00000030	00000000	00000000	00000000
usr/lib/modules/7.1.5-sp11-render-parity-v4+/kernel/drivers/phy/renesas/phy-rcar-gen3-pcie.ko.zst	00000b84	000081a4	000003e8	000003e8	00000001	6a7f6511	00000000	00000030	00000000	00000000	00000000
usr/lib/modules/7.1.5-sp11-render-parity-v4+/kernel/drivers/phy/renesas/phy-rcar-gen3-usb2.ko.zst	00000b85	000081a4	000003e8	000003e8	00000001	6a7f6511	00000000	00000030	00000000	00000000	00000000
usr/lib/modules/7.1.5-sp11-render-parity-v4+/kernel/drivers/phy/renesas/phy-rcar-gen3-usb3.ko.zst	00000b86	000081a4	000003e8	000003e8	00000001	6a7f6511	00000000	00000030	00000000	00000000	00000000
usr/lib/modules/7.1.5-sp11-render-parity-v4+/kernel/drivers/phy/renesas/phy-rzg3e-usb3.ko.zst	00000b87	000081a4	000003e8	000003e8	00000001	6a7f6511	00000000	00000030	00000000	00000000	00000000
usr/lib/modules/7.1.5-sp11-render-parity-v4+/kernel/drivers/phy/renesas/r8a779f0-ether-serdes.ko.zst	00000b88	000081a4	000003e8	000003e8	00000001	6a7f6511	00000000	00000030	00000000	00000000	00000000
usr/lib/modules/7.1.5-sp11-render-parity-v4+/kernel/drivers/phy/rockchip	00000b89	000041ed	000003e8	000003e8	00000002	6a8eba6d	00000000	00000030	00000000	00000000	00000000
usr/lib/modules/7.1.5-sp11-render-parity-v4+/kernel/drivers/phy/rockchip/phy-rockchip-dp.ko.zst	00000b8b	000081a4	000003e8	000003e8	00000001	6a7f6511	00000000	00000030	00000000	00000000	00000000
usr/lib/modules/7.1.5-sp11-render-parity-v4+/kernel/drivers/phy/rockchip/phy-rockchip-dphy-rx0.ko.zst	00000b8a	000081a4	000003e8	000003e8	00000001	6a7f6511	00000000	00000030	00000000	00000000	00000000
usr/lib/modules/7.1.5-sp11-render-parity-v4+/kernel/drivers/phy/rockchip/phy-rockchip-emmc.ko.zst	00000b8c	000081a4	000003e8	000003e8	00000001	6a7f6511	00000000	00000030	00000000	00000000	00000000
usr/lib/modules/7.1.5-sp11-render-parity-v4+/kernel/drivers/phy/rockchip/phy-rockchip-inno-csidphy.ko.zst	00000b8d	000081a4	000003e8	000003e8	00000001	6a7f6511	00000000	00000030	00000000	00000000	00000000
usr/lib/modules/7.1.5-sp11-render-parity-v4+/kernel/drivers/phy/rockchip/phy-rockchip-inno-dsidphy.ko.zst	00000b8e	000081a4	000003e8	000003e8	00000001	6a7f6511	00000000	00000030	00000000	00000000	00000000
usr/lib/modules/7.1.5-sp11-render-parity-v4+/kernel/drivers/phy/rockchip/phy-rockchip-inno-hdmi.ko.zst	00000b8f	000081a4	000003e8	000003e8	00000001	6a7f6511	00000000	00000030	00000000	00000000	00000000
usr/lib/modules/7.1.5-sp11-render-parity-v4+/kernel/drivers/phy/rockchip/phy-rockchip-inno-usb2.ko.zst	00000b90	000081a4	000003e8	000003e8	00000001	6a7f6511	00000000	00000030	00000000	00000000	00000000
usr/lib/modules/7.1.5-sp11-render-parity-v4+/kernel/drivers/phy/rockchip/phy-rockchip-naneng-combphy.ko.zst	00000b91	000081a4	000003e8	000003e8	00000001	6a7f6511	00000000	00000030	00000000	00000000	00000000
usr/lib/modules/7.1.5-sp11-render-parity-v4+/kernel/drivers/phy/rockchip/phy-rockchip-pcie.ko.zst	00000b92	000081a4	000003e8	000003e8	00000001	6a7f6511	00000000	00000030	00000000	00000000	00000000
usr/lib/modules/7.1.5-sp11-render-parity-v4+/kernel/drivers/phy/rockchip/phy-rockchip-samsung-hdptx.ko.zst	00000b93	000081a4	000003e8	000003e8	00000001	6a7f6511	00000000	00000030	00000000	00000000	00000000
usr/lib/modules/7.1.5-sp11-render-parity-v4+/kernel/drivers/phy/rockchip/phy-rockchip-snps-pcie3.ko.zst	00000b94	000081a4	000003e8	000003e8	00000001	6a7f6511	00000000	00000030	00000000	00000000	00000000
usr/lib/modules/7.1.5-sp11-render-parity-v4+/kernel/drivers/phy/rockchip/phy-rockchip-typec.ko.zst	00000b95	000081a4	000003e8	000003e8	00000001	6a7f6511	00000000	00000030	00000000	00000000	00000000
usr/lib/modules/7.1.5-sp11-render-parity-v4+/kernel/drivers/phy/rockchip/phy-rockchip-usb.ko.zst	00000b97	000081a4	000003e8	000003e8	00000001	6a7f6511	00000000	00000030	00000000	00000000	00000000
usr/lib/modules/7.1.5-sp11-render-parity-v4+/kernel/drivers/phy/rockchip/phy-rockchip-usbdp.ko.zst	00000b96	000081a4	000003e8	000003e8	00000001	6a7f6511	00000000	00000030	00000000	00000000	00000000
usr/lib/modules/7.1.5-sp11-render-parity-v4+/kernel/drivers/phy/samsung	00000b98	000041ed	000003e8	000003e8	00000002	6a8eba6d	00000000	00000030	00000000	00000000	00000000
usr/lib/modules/7.1.5-sp11-render-parity-v4+/kernel/drivers/phy/samsung/phy-exynos-usb2.ko.zst	00000b99	000081a4	000003e8	000003e8	00000001	6a7f6511	00000000	00000030	00000000	00000000	00000000
usr/lib/modules/7.1.5-sp11-render-parity-v4+/kernel/drivers/phy/st	00000b9a	000041ed	000003e8	000003e8	00000002	6a8eba6d	00000000	00000030	00000000	00000000	00000000
usr/lib/modules/7.1.5-sp11-render-parity-v4+/kernel/drivers/phy/st/phy-stm32-combophy.ko.zst	00000b9b	000081a4	000003e8	000003e8	00000001	6a7f6511	00000000	00000030	00000000	00000000	00000000
usr/lib/modules/7.1.5-sp11-render-parity-v4+/kernel/drivers/phy/st/phy-stm32-usbphyc.ko.zst	00000b9c	000081a4	000003e8	000003e8	00000001	6a7f6511	00000000	00000030	00000000	00000000	00000000
usr/lib/modules/7.1.5-sp11-render-parity-v4+/kernel/drivers/phy/tegra	00000b9d	000041ed	000003e8	000003e8	00000002	6a8eba6d	00000000	00000030	00000000	00000000	00000000
usr/lib/modules/7.1.5-sp11-render-parity-v4+/kernel/drivers/phy/tegra/phy-tegra-xusb.ko.zst	00000b9f	000081a4	000003e8	000003e8	00000001	6a7f6511	00000000	00000030	00000000	00000000	00000000
usr/lib/modules/7.1.5-sp11-render-parity-v4+/kernel/drivers/phy/tegra/phy-tegra194-p2u.ko.zst	00000b9e	000081a4	000003e8	000003e8	00000001	6a7f6511	00000000	00000030	00000000	00000000	00000000
usr/lib/modules/7.1.5-sp11-render-parity-v4+/kernel/drivers/phy/ti	00000ba0	000041ed	000003e8	000003e8	00000002	6a8eba6d	00000000	00000030	00000000	00000000	00000000
usr/lib/modules/7.1.5-sp11-render-parity-v4+/kernel/drivers/phy/ti/phy-am654-serdes.ko.zst	00000ba1	000081a4	000003e8	000003e8	00000001	6a7f6511	00000000	00000030	00000000	00000000	00000000
usr/lib/modules/7.1.5-sp11-render-parity-v4+/kernel/drivers/phy/ti/phy-gmii-sel.ko.zst	00000ba2	000081a4	000003e8	000003e8	00000001	6a7f6511	00000000	00000030	00000000	00000000	00000000
usr/lib/modules/7.1.5-sp11-render-parity-v4+/kernel/drivers/phy/ti/phy-j721e-wiz.ko.zst	00000ba3	000081a4	000003e8	000003e8	00000001	6a7f6511	00000000	00000030	00000000	00000000	00000000
usr/lib/modules/7.1.5-sp11-render-parity-v4+/kernel/drivers/phy/ti/phy-omap-usb2.ko.zst	00000ba4	000081a4	000003e8	000003e8	00000001	6a7f6511	00000000	00000030	00000000	00000000	00000000
usr/lib/modules/7.1.5-sp11-render-parity-v4+/kernel/drivers/phy/ti/phy-tusb1210.ko.zst	00000ba5	000081a4	000003e8	000003e8	00000001	6a7f6511	00000000	00000030	00000000	00000000	00000000
usr/lib/modules/7.1.5-sp11-render-parity-v4+/kernel/drivers/phy/xilinx	00000ba6	000041ed	000003e8	000003e8	00000002	6a8eba6d	00000000	00000030	00000000	00000000	00000000
usr/lib/modules/7.1.5-sp11-render-parity-v4+/kernel/drivers/phy/xilinx/phy-zynqmp.ko.zst	00000ba7	000081a4	000003e8	000003e8	00000001	6a7f6511	00000000	00000030	00000000	00000000	00000000
usr/lib/modules/7.1.5-sp11-render-parity-v4+/kernel/drivers/pinctrl	00000ba8	000041ed	000003e8	000003e8	00000009	6a8eba6d	00000000	00000030	00000000	00000000	00000000
usr/lib/modules/7.1.5-sp11-render-parity-v4+/kernel/drivers/pinctrl/cirrus	00000ba9	000041ed	000003e8	000003e8	00000002	6a8eba6d	00000000	00000030	00000000	00000000	00000000
usr/lib/modules/7.1.5-sp11-render-parity-v4+/kernel/drivers/pinctrl/cirrus/pinctrl-cs42l43.ko.zst	00000baa	000081a4	000003e8	000003e8	00000001	6a7f6512	00000000	00000030	00000000	00000000	00000000
usr/lib/modules/7.1.5-sp11-render-parity-v4+/kernel/drivers/pinctrl/cirrus/pinctrl-lochnagar.ko.zst	00000bab	000081a4	000003e8	000003e8	00000001	6a7f6512	00000000	00000030	00000000	00000000	00000000
usr/lib/modules/7.1.5-sp11-render-parity-v4+/kernel/drivers/pinctrl/cirrus/pinctrl-madera.ko.zst	00000bac	000081a4	000003e8	000003e8	00000001	6a7f6512	00000000	00000030	00000000	00000000	00000000
usr/lib/modules/7.1.5-sp11-render-parity-v4+/kernel/drivers/pinctrl/freescale	00000bad	000041ed	000003e8	000003e8	00000002	6a8eba6d	00000000	00000030	00000000	00000000	00000000
usr/lib/modules/7.1.5-sp11-render-parity-v4+/kernel/drivers/pinctrl/freescale/pinctrl-imx-scmi.ko.zst	00000bb1	000081a4	000003e8	000003e8	00000001	6a7f6512	00000000	00000030	00000000	00000000	00000000
usr/lib/modules/7.1.5-sp11-render-parity-v4+/kernel/drivers/pinctrl/freescale/pinctrl-imx8ulp.ko.zst	00000bae	000081a4	000003e8	000003e8	00000001	6a7f6512	00000000	00000030	00000000	00000000	00000000
usr/lib/modules/7.1.5-sp11-render-parity-v4+/kernel/drivers/pinctrl/freescale/pinctrl-imx91.ko.zst	00000baf	000081a4	000003e8	000003e8	00000001	6a7f6512	00000000	00000030	00000000	00000000	00000000
usr/lib/modules/7.1.5-sp11-render-parity-v4+/kernel/drivers/pinctrl/freescale/pinctrl-imx93.ko.zst	00000bb0	000081a4	000003e8	000003e8	00000001	6a7f6512	00000000	00000030	00000000	00000000	00000000
usr/lib/modules/7.1.5-sp11-render-parity-v4+/kernel/drivers/pinctrl/mediatek	00000bb2	000041ed	000003e8	000003e8	00000002	6a8eba6d	00000000	00000030	00000000	00000000	00000000
usr/lib/modules/7.1.5-sp11-render-parity-v4+/kernel/drivers/pinctrl/mediatek/pinctrl-mt6779.ko.zst	00000bb3	000081a4	000003e8	000003e8	00000001	6a7f6512	00000000	00000030	00000000	00000000	00000000
usr/lib/modules/7.1.5-sp11-render-parity-v4+/kernel/drivers/pinctrl/meson	00000bb4	000041ed	000003e8	000003e8	00000002	6a8eba6d	00000000	00000030	00000000	00000000	00000000
usr/lib/modules/7.1.5-sp11-render-parity-v4+/kernel/drivers/pinctrl/meson/pinctrl-amlogic-c3.ko.zst	00000bb5	000081a4	000003e8	000003e8	00000001	6a7f6512	00000000	00000030	00000000	00000000	00000000
usr/lib/modules/7.1.5-sp11-render-parity-v4+/kernel/drivers/pinctrl/meson/pinctrl-amlogic-t7.ko.zst	00000bb6	000081a4	000003e8	000003e8	00000001	6a7f6512	00000000	00000030	00000000	00000000	00000000
usr/lib/modules/7.1.5-sp11-render-parity-v4+/kernel/drivers/pinctrl/meson/pinctrl-meson-s4.ko.zst	00000bb7	000081a4	000003e8	000003e8	00000001	6a7f6512	00000000	00000030	00000000	00000000	00000000
usr/lib/modules/7.1.5-sp11-render-parity-v4+/kernel/drivers/pinctrl/nuvoton	00000bb8	000041ed	000003e8	000003e8	00000002	6a8eba6d	00000000	00000030	00000000	00000000	00000000
usr/lib/modules/7.1.5-sp11-render-parity-v4+/kernel/drivers/pinctrl/nuvoton/pinctrl-npcm8xx.ko.zst	00000bb9	000081a4	000003e8	000003e8	00000001	6a7f6512	00000000	00000030	00000000	00000000	00000000
usr/lib/modules/7.1.5-sp11-render-parity-v4+/kernel/drivers/pinctrl/pinctrl-apple-gpio.ko.zst	00000bba	000081a4	000003e8	000003e8	00000001	6a7f6513	00000000	00000030	00000000	00000000	00000000
usr/lib/modules/7.1.5-sp11-render-parity-v4+/kernel/drivers/pinctrl/pinctrl-aw9523.ko.zst	00000bbb	000081a4	000003e8	000003e8	00000001	6a7f6513	00000000	00000030	00000000	00000000	00000000
usr/lib/modules/7.1.5-sp11-render-parity-v4+/kernel/drivers/pinctrl/pinctrl-axp209.ko.zst	00000bbc	000081a4	000003e8	000003e8	00000001	6a7f6513	00000000	00000030	00000000	00000000	00000000
usr/lib/modules/7.1.5-sp11-render-parity-v4+/kernel/drivers/pinctrl/pinctrl-cy8c95x0.ko.zst	00000bbd	000081a4	000003e8	000003e8	00000001	6a7f6513	00000000	00000030	00000000	00000000	00000000
usr/lib/modules/7.1.5-sp11-render-parity-v4+/kernel/drivers/pinctrl/pinctrl-da9062.ko.zst	00000bbe	000081a4	000003e8	000003e8	00000001	6a7f6513	00000000	00000030	00000000	00000000	00000000
usr/lib/modules/7.1.5-sp11-render-parity-v4+/kernel/drivers/pinctrl/pinctrl-keembay.ko.zst	00000bbf	000081a4	000003e8	000003e8	00000001	6a7f6513	00000000	00000030	00000000	00000000	00000000
usr/lib/modules/7.1.5-sp11-render-parity-v4+/kernel/drivers/pinctrl/pinctrl-max77620.ko.zst	00000bc0	000081a4	000003e8	000003e8	00000001	6a7f6513	00000000	00000030	00000000	00000000	00000000
usr/lib/modules/7.1.5-sp11-render-parity-v4+/kernel/drivers/pinctrl/pinctrl-mcp23s08.ko.zst	00000bc2	000081a4	000003e8	000003e8	00000001	6a7f6513	00000000	00000030	00000000	00000000	00000000
usr/lib/modules/7.1.5-sp11-render-parity-v4+/kernel/drivers/pinctrl/pinctrl-mcp23s08_i2c.ko.zst	00000bc1	000081a4	000003e8	000003e8	00000001	6a7f6513	00000000	00000030	00000000	00000000	00000000
usr/lib/modules/7.1.5-sp11-render-parity-v4+/kernel/drivers/pinctrl/pinctrl-mcp23s08_spi.ko.zst	00000bc3	000081a4	000003e8	000003e8	00000001	6a7f6513	00000000	00000030	00000000	00000000	00000000
usr/lib/modules/7.1.5-sp11-render-parity-v4+/kernel/drivers/pinctrl/pinctrl-mlxbf3.ko.zst	00000bc4	000081a4	000003e8	000003e8	00000001	6a7f6514	00000000	00000030	00000000	00000000	00000000
usr/lib/modules/7.1.5-sp11-render-parity-v4+/kernel/drivers/pinctrl/pinctrl-pef2256.ko.zst	00000bc5	000081a4	000003e8	000003e8	00000001	6a7f6514	00000000	00000030	00000000	00000000	00000000
usr/lib/modules/7.1.5-sp11-render-parity-v4+/kernel/drivers/pinctrl/pinctrl-rk805.ko.zst	00000bc6	000081a4	000003e8	000003e8	00000001	6a7f6514	00000000	00000030	00000000	00000000	00000000
usr/lib/modules/7.1.5-sp11-render-parity-v4+/kernel/drivers/pinctrl/pinctrl-scmi.ko.zst	00000bc7	000081a4	000003e8	000003e8	00000001	6a7f6514	00000000	00000030	00000000	00000000	00000000
usr/lib/modules/7.1.5-sp11-render-parity-v4+/kernel/drivers/pinctrl/pinctrl-stmfx.ko.zst	00000bc8	000081a4	000003e8	000003e8	00000001	6a7f6514	00000000	00000030	00000000	00000000	00000000
usr/lib/modules/7.1.5-sp11-render-parity-v4+/kernel/drivers/pinctrl/pinctrl-tps6594.ko.zst	00000bc9	000081a4	000003e8	000003e8	00000001	6a7f6514	00000000	00000030	00000000	00000000	00000000
usr/lib/modules/7.1.5-sp11-render-parity-v4+/kernel/drivers/pinctrl/pinctrl-zynqmp.ko.zst	00000bca	000081a4	000003e8	000003e8	00000001	6a7f6514	00000000	00000030	00000000	00000000	00000000
usr/lib/modules/7.1.5-sp11-render-parity-v4+/kernel/drivers/pinctrl/qcom	00000bcb	000041ed	000003e8	000003e8	00000002	6a8eba6d	00000000	00000030	00000000	00000000	00000000
usr/lib/modules/7.1.5-sp11-render-parity-v4+/kernel/drivers/pinctrl/qcom/pinctrl-ipq5018.ko.zst	00000bcc	000081a4	000003e8	000003e8	00000001	6a7f6512	00000000	00000030	00000000	00000000	00000000
usr/lib/modules/7.1.5-sp11-render-parity-v4+/kernel/drivers/pinctrl/qcom/pinctrl-ipq5332.ko.zst	00000bcd	000081a4	000003e8	000003e8	00000001	6a7f6512	00000000	00000030	00000000	00000000	00000000
usr/lib/modules/7.1.5-sp11-render-parity-v4+/kernel/drivers/pinctrl/qcom/pinctrl-ipq5424.ko.zst	00000bce	000081a4	000003e8	000003e8	00000001	6a7f6512	00000000	00000030	00000000	00000000	00000000
usr/lib/modules/7.1.5-sp11-render-parity-v4+/kernel/drivers/pinctrl/qcom/pinctrl-ipq6018.ko.zst	00000bcf	000081a4	000003e8	000003e8	00000001	6a7f6512	00000000	00000030	00000000	00000000	00000000
usr/lib/modules/7.1.5-sp11-render-parity-v4+/kernel/drivers/pinctrl/qcom/pinctrl-ipq8074.ko.zst	00000bd0	000081a4	000003e8	000003e8	00000001	6a7f6512	00000000	00000030	00000000	00000000	00000000
usr/lib/modules/7.1.5-sp11-render-parity-v4+/kernel/drivers/pinctrl/qcom/pinctrl-ipq9574.ko.zst	00000bd1	000081a4	000003e8	000003e8	00000001	6a7f6512	00000000	00000030	00000000	00000000	00000000
usr/lib/modules/7.1.5-sp11-render-parity-v4+/kernel/drivers/pinctrl/qcom/pinctrl-kaanapali.ko.zst	00000bd2	000081a4	000003e8	000003e8	00000001	6a7f6512	00000000	00000030	00000000	00000000	00000000
usr/lib/modules/7.1.5-sp11-render-parity-v4+/kernel/drivers/pinctrl/qcom/pinctrl-lpass-lpi.ko.zst	00000bd3	000081a4	000003e8	000003e8	00000001	6a7f6513	00000000	00000030	00000000	00000000	00000000
usr/lib/modules/7.1.5-sp11-render-parity-v4+/kernel/drivers/pinctrl/qcom/pinctrl-mdm9607.ko.zst	00000bd4	000081a4	000003e8	000003e8	00000001	6a7f6512	00000000	00000030	00000000	00000000	00000000
usr/lib/modules/7.1.5-sp11-render-parity-v4+/kernel/drivers/pinctrl/qcom/pinctrl-msm8916.ko.zst	00000bd5	000081a4	000003e8	000003e8	00000001	6a7f6512	00000000	00000030	00000000	00000000	00000000
usr/lib/modules/7.1.5-sp11-render-parity-v4+/kernel/drivers/pinctrl/qcom/pinctrl-msm8953.ko.zst	00000bd6	000081a4	000003e8	000003e8	00000001	6a7f6512	00000000	00000030	00000000	00000000	00000000
usr/lib/modules/7.1.5-sp11-render-parity-v4+/kernel/drivers/pinctrl/qcom/pinctrl-msm8976.ko.zst	00000bd7	000081a4	000003e8	000003e8	00000001	6a7f6512	00000000	00000030	00000000	00000000	00000000
usr/lib/modules/7.1.5-sp11-render-parity-v4+/kernel/drivers/pinctrl/qcom/pinctrl-msm8994.ko.zst	00000bd8	000081a4	000003e8	000003e8	00000001	6a7f6512	00000000	00000030	00000000	00000000	00000000
usr/lib/modules/7.1.5-sp11-render-parity-v4+/kernel/drivers/pinctrl/qcom/pinctrl-msm8996.ko.zst	00000bd9	000081a4	000003e8	000003e8	00000001	6a7f6512	00000000	00000030	00000000	00000000	00000000
usr/lib/modules/7.1.5-sp11-render-parity-v4+/kernel/drivers/pinctrl/qcom/pinctrl-msm8998.ko.zst	00000bda	000081a4	000003e8	000003e8	00000001	6a7f6512	00000000	00000030	00000000	00000000	00000000
usr/lib/modules/7.1.5-sp11-render-parity-v4+/kernel/drivers/pinctrl/qcom/pinctrl-qcm2290.ko.zst	00000bdb	000081a4	000003e8	000003e8	00000001	6a7f6512	00000000	00000030	00000000	00000000	00000000
usr/lib/modules/7.1.5-sp11-render-parity-v4+/kernel/drivers/pinctrl/qcom/pinctrl-qcs404.ko.zst	00000bdc	000081a4	000003e8	000003e8	00000001	6a7f6512	00000000	00000030	00000000	00000000	00000000
usr/lib/modules/7.1.5-sp11-render-parity-v4+/kernel/drivers/pinctrl/qcom/pinctrl-qcs615.ko.zst	00000bdd	000081a4	000003e8	000003e8	00000001	6a7f6512	00000000	00000030	00000000	00000000	00000000
usr/lib/modules/7.1.5-sp11-render-parity-v4+/kernel/drivers/pinctrl/qcom/pinctrl-qcs8300.ko.zst	00000bde	000081a4	000003e8	000003e8	00000001	6a7f6512	00000000	00000030	00000000	00000000	00000000
usr/lib/modules/7.1.5-sp11-render-parity-v4+/kernel/drivers/pinctrl/qcom/pinctrl-qdf2xxx.ko.zst	00000bdf	000081a4	000003e8	000003e8	00000001	6a7f6512	00000000	00000030	00000000	00000000	00000000
usr/lib/modules/7.1.5-sp11-render-parity-v4+/kernel/drivers/pinctrl/qcom/pinctrl-qdu1000.ko.zst	00000be0	000081a4	000003e8	000003e8	00000001	6a7f6512	00000000	00000030	00000000	00000000	00000000
usr/lib/modules/7.1.5-sp11-render-parity-v4+/kernel/drivers/pinctrl/qcom/pinctrl-sa8775p.ko.zst	00000be1	000081a4	000003e8	000003e8	00000001	6a7f6512	00000000	00000030	00000000	00000000	00000000
usr/lib/modules/7.1.5-sp11-render-parity-v4+/kernel/drivers/pinctrl/qcom/pinctrl-sar2130p.ko.zst	00000be2	000081a4	000003e8	000003e8	00000001	6a7f6512	00000000	00000030	00000000	00000000	00000000
usr/lib/modules/7.1.5-sp11-render-parity-v4+/kernel/drivers/pinctrl/qcom/pinctrl-sc7180.ko.zst	00000be3	000081a4	000003e8	000003e8	00000001	6a7f6512	00000000	00000030	00000000	00000000	00000000
usr/lib/modules/7.1.5-sp11-render-parity-v4+/kernel/drivers/pinctrl/qcom/pinctrl-sc7280-lpass-lpi.ko.zst	00000be5	000081a4	000003e8	000003e8	00000001	6a7f6512	00000000	00000030	00000000	00000000	00000000
usr/lib/modules/7.1.5-sp11-render-parity-v4+/kernel/drivers/pinctrl/qcom/pinctrl-sc7280.ko.zst	00000be4	000081a4	000003e8	000003e8	00000001	6a7f6512	00000000	00000030	00000000	00000000	00000000
usr/lib/modules/7.1.5-sp11-render-parity-v4+/kernel/drivers/pinctrl/qcom/pinctrl-sc8180x.ko.zst	00000be6	000081a4	000003e8	000003e8	00000001	6a7f6512	00000000	00000030	00000000	00000000	00000000
usr/lib/modules/7.1.5-sp11-render-parity-v4+/kernel/drivers/pinctrl/qcom/pinctrl-sc8280xp-lpass-lpi.ko.zst	00000be8	000081a4	000003e8	000003e8	00000001	6a7f6513	00000000	00000030	00000000	00000000	00000000
usr/lib/modules/7.1.5-sp11-render-parity-v4+/kernel/drivers/pinctrl/qcom/pinctrl-sc8280xp.ko.zst	00000be7	000081a4	000003e8	000003e8	00000001	6a7f6512	00000000	00000030	00000000	00000000	00000000
usr/lib/modules/7.1.5-sp11-render-parity-v4+/kernel/drivers/pinctrl/qcom/pinctrl-sdm660.ko.zst	00000be9	000081a4	000003e8	000003e8	00000001	6a7f6513	00000000	00000030	00000000	00000000	00000000
usr/lib/modules/7.1.5-sp11-render-parity-v4+/kernel/drivers/pinctrl/qcom/pinctrl-sdm670.ko.zst	00000bea	000081a4	000003e8	000003e8	00000001	6a7f6513	00000000	00000030	00000000	00000000	00000000
usr/lib/modules/7.1.5-sp11-render-parity-v4+/kernel/drivers/pinctrl/qcom/pinctrl-sdm845.ko.zst	00000beb	000081a4	000003e8	000003e8	00000001	6a7f6513	00000000	00000030	00000000	00000000	00000000
usr/lib/modules/7.1.5-sp11-render-parity-v4+/kernel/drivers/pinctrl/qcom/pinctrl-sdx75.ko.zst	00000bec	000081a4	000003e8	000003e8	00000001	6a7f6513	00000000	00000030	00000000	00000000	00000000
usr/lib/modules/7.1.5-sp11-render-parity-v4+/kernel/drivers/pinctrl/qcom/pinctrl-sm4250-lpass-lpi.ko.zst	00000bed	000081a4	000003e8	000003e8	00000001	6a7f6513	00000000	00000030	00000000	00000000	00000000
usr/lib/modules/7.1.5-sp11-render-parity-v4+/kernel/drivers/pinctrl/qcom/pinctrl-sm4450.ko.zst	00000bee	000081a4	000003e8	000003e8	00000001	6a7f6513	00000000	00000030	00000000	00000000	00000000
usr/lib/modules/7.1.5-sp11-render-parity-v4+/kernel/drivers/pinctrl/qcom/pinctrl-sm6115-lpass-lpi.ko.zst	00000bf0	000081a4	000003e8	000003e8	00000001	6a7f6513	00000000	00000030	00000000	00000000	00000000
usr/lib/modules/7.1.5-sp11-render-parity-v4+/kernel/drivers/pinctrl/qcom/pinctrl-sm6115.ko.zst	00000bef	000081a4	000003e8	000003e8	00000001	6a7f6513	00000000	00000030	00000000	00000000	00000000
usr/lib/modules/7.1.5-sp11-render-parity-v4+/kernel/drivers/pinctrl/qcom/pinctrl-sm6125.ko.zst	00000bf1	000081a4	000003e8	000003e8	00000001	6a7f6513	00000000	00000030	00000000	00000000	00000000
usr/lib/modules/7.1.5-sp11-render-parity-v4+/kernel/drivers/pinctrl/qcom/pinctrl-sm6350.ko.zst	00000bf2	000081a4	000003e8	000003e8	00000001	6a7f6513	00000000	00000030	00000000	00000000	00000000
usr/lib/modules/7.1.5-sp11-render-parity-v4+/kernel/drivers/pinctrl/qcom/pinctrl-sm6375.ko.zst	00000bf3	000081a4	000003e8	000003e8	00000001	6a7f6513	00000000	00000030	00000000	00000000	00000000
usr/lib/modules/7.1.5-sp11-render-parity-v4+/kernel/drivers/pinctrl/qcom/pinctrl-sm7150.ko.zst	00000bf4	000081a4	000003e8	000003e8	00000001	6a7f6513	00000000	00000030	00000000	00000000	00000000
usr/lib/modules/7.1.5-sp11-render-parity-v4+/kernel/drivers/pinctrl/qcom/pinctrl-sm8150.ko.zst	00000bf5	000081a4	000003e8	000003e8	00000001	6a7f6513	00000000	00000030	00000000	00000000	00000000
usr/lib/modules/7.1.5-sp11-render-parity-v4+/kernel/drivers/pinctrl/qcom/pinctrl-sm8250-lpass-lpi.ko.zst	00000bf7	000081a4	000003e8	000003e8	00000001	6a7f6513	00000000	00000030	00000000	00000000	00000000
usr/lib/modules/7.1.5-sp11-render-parity-v4+/kernel/drivers/pinctrl/qcom/pinctrl-sm8250.ko.zst	00000bf6	000081a4	000003e8	000003e8	00000001	6a7f6513	00000000	00000030	00000000	00000000	00000000
usr/lib/modules/7.1.5-sp11-render-parity-v4+/kernel/drivers/pinctrl/qcom/pinctrl-sm8350.ko.zst	00000bf8	000081a4	000003e8	000003e8	00000001	6a7f6513	00000000	00000030	00000000	00000000	00000000
usr/lib/modules/7.1.5-sp11-render-parity-v4+/kernel/drivers/pinctrl/qcom/pinctrl-sm8450-lpass-lpi.ko.zst	00000bfa	000081a4	000003e8	000003e8	00000001	6a7f6513	00000000	00000030	00000000	00000000	00000000
usr/lib/modules/7.1.5-sp11-render-parity-v4+/kernel/drivers/pinctrl/qcom/pinctrl-sm8450.ko.zst	00000bf9	000081a4	000003e8	000003e8	00000001	6a7f6513	00000000	00000030	00000000	00000000	00000000
usr/lib/modules/7.1.5-sp11-render-parity-v4+/kernel/drivers/pinctrl/qcom/pinctrl-sm8550-lpass-lpi.ko.zst	00000bfc	000081a4	000003e8	000003e8	00000001	6a7f6513	00000000	00000030	00000000	00000000	00000000
usr/lib/modules/7.1.5-sp11-render-parity-v4+/kernel/drivers/pinctrl/qcom/pinctrl-sm8550.ko.zst	00000bfb	000081a4	000003e8	000003e8	00000001	6a7f6513	00000000	00000030	00000000	00000000	00000000
usr/lib/modules/7.1.5-sp11-render-parity-v4+/kernel/drivers/pinctrl/qcom/pinctrl-sm8650-lpass-lpi.ko.zst	00000bfe	000081a4	000003e8	000003e8	00000001	6a7f6513	00000000	00000030	00000000	00000000	00000000
usr/lib/modules/7.1.5-sp11-render-parity-v4+/kernel/drivers/pinctrl/qcom/pinctrl-sm8650.ko.zst	00000bfd	000081a4	000003e8	000003e8	00000001	6a7f6513	00000000	00000030	00000000	00000000	00000000
usr/lib/modules/7.1.5-sp11-render-parity-v4+/kernel/drivers/pinctrl/qcom/pinctrl-sm8750.ko.zst	00000bff	000081a4	000003e8	000003e8	00000001	6a7f6513	00000000	00000030	00000000	00000000	00000000
usr/lib/modules/7.1.5-sp11-render-parity-v4+/kernel/drivers/pinctrl/qcom/pinctrl-ssbi-gpio.ko.zst	00000c00	000081a4	000003e8	000003e8	00000001	6a7f6512	00000000	00000030	00000000	00000000	00000000
usr/lib/modules/7.1.5-sp11-render-parity-v4+/kernel/drivers/pinctrl/qcom/pinctrl-ssbi-mpp.ko.zst	00000c01	000081a4	000003e8	000003e8	00000001	6a7f6512	00000000	00000030	00000000	00000000	00000000
usr/lib/modules/7.1.5-sp11-render-parity-v4+/kernel/drivers/pinctrl/realtek	00000c02	000041ed	000003e8	000003e8	00000002	6a8eba6d	00000000	00000030	00000000	00000000	00000000
usr/lib/modules/7.1.5-sp11-render-parity-v4+/kernel/drivers/pinctrl/realtek/pinctrl-rtd.ko.zst	00000c07	000081a4	000003e8	000003e8	00000001	6a7f6513	00000000	00000030	00000000	00000000	00000000
usr/lib/modules/7.1.5-sp11-render-parity-v4+/kernel/drivers/pinctrl/realtek/pinctrl-rtd1315e.ko.zst	00000c03	000081a4	000003e8	000003e8	00000001	6a7f6513	00000000	00000030	00000000	00000000	00000000
usr/lib/modules/7.1.5-sp11-render-parity-v4+/kernel/drivers/pinctrl/realtek/pinctrl-rtd1319d.ko.zst	00000c04	000081a4	000003e8	000003e8	00000001	6a7f6513	00000000	00000030	00000000	00000000	00000000
usr/lib/modules/7.1.5-sp11-render-parity-v4+/kernel/drivers/pinctrl/realtek/pinctrl-rtd1619b.ko.zst	00000c05	000081a4	000003e8	000003e8	00000001	6a7f6513	00000000	00000030	00000000	00000000	00000000
usr/lib/modules/7.1.5-sp11-render-parity-v4+/kernel/drivers/pinctrl/realtek/pinctrl-rtd1625.ko.zst	00000c06	000081a4	000003e8	000003e8	00000001	6a7f6513	00000000	00000030	00000000	00000000	00000000
usr/lib/modules/7.1.5-sp11-render-parity-v4+/kernel/drivers/platform	00000c08	000041ed	000003e8	000003e8	00000005	6a8eba6d	00000000	00000030	00000000	00000000	00000000
usr/lib/modules/7.1.5-sp11-render-parity-v4+/kernel/drivers/platform/arm64	00000c09	000041ed	000003e8	000003e8	00000002	6a8eba6d	00000000	00000030	00000000	00000000	00000000
usr/lib/modules/7.1.5-sp11-render-parity-v4+/kernel/drivers/platform/arm64/lenovo-yoga-c630.ko.zst	00000c0a	000081a4	000003e8	000003e8	00000001	6a7f659d	00000000	00000030	00000000	00000000	00000000
usr/lib/modules/7.1.5-sp11-render-parity-v4+/kernel/drivers/platform/chrome	00000c0b	000041ed	000003e8	000003e8	00000002	6a8eba6d	00000000	00000030	00000000	00000000	00000000
usr/lib/modules/7.1.5-sp11-render-parity-v4+/kernel/drivers/platform/chrome/chromeos_acpi.ko.zst	00000c0c	000081a4	000003e8	000003e8	00000001	6a7f659d	00000000	00000030	00000000	00000000	00000000
usr/lib/modules/7.1.5-sp11-render-parity-v4+/kernel/drivers/platform/chrome/chromeos_privacy_screen.ko.zst	00000c0d	000081a4	000003e8	000003e8	00000001	6a7f659d	00000000	00000030	00000000	00000000	00000000
usr/lib/modules/7.1.5-sp11-render-parity-v4+/kernel/drivers/platform/chrome/chromeos_tbmc.ko.zst	00000c0e	000081a4	000003e8	000003e8	00000001	6a7f659d	00000000	00000030	00000000	00000000	00000000
usr/lib/modules/7.1.5-sp11-render-parity-v4+/kernel/drivers/platform/chrome/cros-ec-proto.ko.zst	00000c14	000081a4	000003e8	000003e8	00000001	6a7f659d	00000000	00000030	00000000	00000000	00000000
usr/lib/modules/7.1.5-sp11-render-parity-v4+/kernel/drivers/platform/chrome/cros-ec-sensorhub.ko.zst	00000c16	000081a4	000003e8	000003e8	00000001	6a7f659d	00000000	00000030	00000000	00000000	00000000
usr/lib/modules/7.1.5-sp11-render-parity-v4+/kernel/drivers/platform/chrome/cros-ec-typec.ko.zst	00000c19	000081a4	000003e8	000003e8	00000001	6a7f659d	00000000	00000030	00000000	00000000	00000000
usr/lib/modules/7.1.5-sp11-render-parity-v4+/kernel/drivers/platform/chrome/cros_ec.ko.zst	00000c12	000081a4	000003e8	000003e8	00000001	6a7f659d	00000000	00000030	00000000	00000000	00000000
usr/lib/modules/7.1.5-sp11-render-parity-v4+/kernel/drivers/platform/chrome/cros_ec_chardev.ko.zst	00000c0f	000081a4	000003e8	000003e8	00000001	6a7f659d	00000000	00000030	00000000	00000000	00000000
usr/lib/modules/7.1.5-sp11-render-parity-v4+/kernel/drivers/platform/chrome/cros_ec_debugfs.ko.zst	00000c10	000081a4	000003e8	000003e8	00000001	6a7f659d	00000000	00000030	00000000	00000000	00000000
usr/lib/modules/7.1.5-sp11-render-parity-v4+/kernel/drivers/platform/chrome/cros_ec_i2c.ko.zst	00000c11	000081a4	000003e8	000003e8	00000001	6a7f659d	00000000	00000030	00000000	00000000	00000000
usr/lib/modules/7.1.5-sp11-render-parity-v4+/kernel/drivers/platform/chrome/cros_ec_lightbar.ko.zst	00000c13	000081a4	000003e8	000003e8	00000001	6a7f659d	00000000	00000030	00000000	00000000	00000000
usr/lib/modules/7.1.5-sp11-render-parity-v4+/kernel/drivers/platform/chrome/cros_ec_rpmsg.ko.zst	00000c15	000081a4	000003e8	000003e8	00000001	6a7f659d	00000000	00000030	00000000	00000000	00000000
usr/lib/modules/7.1.5-sp11-render-parity-v4+/kernel/drivers/platform/chrome/cros_ec_spi.ko.zst	00000c17	000081a4	000003e8	000003e8	00000001	6a7f659d	00000000	00000030	00000000	00000000	00000000
usr/lib/modules/7.1.5-sp11-render-parity-v4+/kernel/drivers/platform/chrome/cros_ec_sysfs.ko.zst	00000c18	000081a4	000003e8	000003e8	00000001	6a7f659d	00000000	00000030	00000000	00000000	00000000
usr/lib/modules/7.1.5-sp11-render-parity-v4+/kernel/drivers/platform/chrome/cros_ec_uart.ko.zst	00000c1a	000081a4	000003e8	000003e8	00000001	6a7f659d	00000000	00000030	00000000	00000000	00000000
usr/lib/modules/7.1.5-sp11-render-parity-v4+/kernel/drivers/platform/chrome/cros_ec_vbc.ko.zst	00000c1b	000081a4	000003e8	000003e8	00000001	6a7f659d	00000000	00000030	00000000	00000000	00000000
usr/lib/modules/7.1.5-sp11-render-parity-v4+/kernel/drivers/platform/chrome/cros_hps_i2c.ko.zst	00000c1c	000081a4	000003e8	000003e8	00000001	6a7f659d	00000000	00000030	00000000	00000000	00000000
usr/lib/modules/7.1.5-sp11-render-parity-v4+/kernel/drivers/platform/chrome/cros_kbd_led_backlight.ko.zst	00000c1d	000081a4	000003e8	000003e8	00000001	6a7f659d	00000000	00000030	00000000	00000000	00000000
usr/lib/modules/7.1.5-sp11-render-parity-v4+/kernel/drivers/platform/chrome/cros_typec_switch.ko.zst	00000c1e	000081a4	000003e8	000003e8	00000001	6a7f659d	00000000	00000030	00000000	00000000	00000000
usr/lib/modules/7.1.5-sp11-render-parity-v4+/kernel/drivers/platform/chrome/cros_usbpd_logger.ko.zst	00000c1f	000081a4	000003e8	000003e8	00000001	6a7f659d	00000000	00000030	00000000	00000000	00000000
usr/lib/modules/7.1.5-sp11-render-parity-v4+/kernel/drivers/platform/chrome/cros_usbpd_notify.ko.zst	00000c20	000081a4	000003e8	000003e8	00000001	6a7f659d	00000000	00000030	00000000	00000000	00000000
usr/lib/modules/7.1.5-sp11-render-parity-v4+/kernel/drivers/platform/surface	00000c21	000041ed	000003e8	000003e8	00000003	6a8eba6d	00000000	00000030	00000000	00000000	00000000
usr/lib/modules/7.1.5-sp11-render-parity-v4+/kernel/drivers/platform/surface/aggregator	00000c22	000041ed	000003e8	000003e8	00000002	6a8eba6d	00000000	00000030	00000000	00000000	00000000
usr/lib/modules/7.1.5-sp11-render-parity-v4+/kernel/drivers/platform/surface/aggregator/surface_aggregator.ko.zst	00000c23	000081a4	000003e8	000003e8	00000001	6a7f659d	00000000	00000030	00000000	00000000	00000000
usr/lib/modules/7.1.5-sp11-render-parity-v4+/kernel/drivers/platform/surface/surface_aggregator_hub.ko.zst	00000c24	000081a4	000003e8	000003e8	00000001	6a7f659d	00000000	00000030	00000000	00000000	00000000
usr/lib/modules/7.1.5-sp11-render-parity-v4+/kernel/drivers/platform/surface/surface_aggregator_registry.ko.zst	00000c25	000081a4	000003e8	000003e8	00000001	6a7f659d	00000000	00000030	00000000	00000000	00000000
usr/lib/modules/7.1.5-sp11-render-parity-v4+/kernel/drivers/power	00000c26	000041ed	000003e8	000003e8	00000005	6a8eba6d	00000000	00000030	00000000	00000000	00000000
usr/lib/modules/7.1.5-sp11-render-parity-v4+/kernel/drivers/power/reset	00000c27	000041ed	000003e8	000003e8	00000002	6a8eba6d	00000000	00000030	00000000	00000000	00000000
usr/lib/modules/7.1.5-sp11-render-parity-v4+/kernel/drivers/power/reset/atc260x-poweroff.ko.zst	00000c28	000081a4	000003e8	000003e8	00000001	6a7f6584	00000000	00000030	00000000	00000000	00000000
usr/lib/modules/7.1.5-sp11-render-parity-v4+/kernel/drivers/power/reset/linkstation-poweroff.ko.zst	00000c29	000081a4	000003e8	000003e8	00000001	6a7f6584	00000000	00000030	00000000	00000000	00000000
usr/lib/modules/7.1.5-sp11-render-parity-v4+/kernel/drivers/power/reset/nvmem-reboot-mode.ko.zst	00000c2a	000081a4	000003e8	000003e8	00000001	6a7f6584	00000000	00000030	00000000	00000000	00000000
usr/lib/modules/7.1.5-sp11-render-parity-v4+/kernel/drivers/power/reset/pwr-mlxbf.ko.zst	00000c2b	000081a4	000003e8	000003e8	00000001	6a7f6585	00000000	00000030	00000000	00000000	00000000
usr/lib/modules/7.1.5-sp11-render-parity-v4+/kernel/drivers/power/reset/qcom-pon.ko.zst	00000c2c	000081a4	000003e8	000003e8	00000001	6a7f6584	00000000	00000030	00000000	00000000	00000000
usr/lib/modules/7.1.5-sp11-render-parity-v4+/kernel/drivers/power/reset/reboot-mode.ko.zst	00000c2d	000081a4	000003e8	000003e8	00000001	6a7f6584	00000000	00000030	00000000	00000000	00000000
usr/lib/modules/7.1.5-sp11-render-parity-v4+/kernel/drivers/power/reset/sc27xx-poweroff.ko.zst	00000c2e	000081a4	000003e8	000003e8	00000001	6a7f6584	00000000	00000030	00000000	00000000	00000000
usr/lib/modules/7.1.5-sp11-render-parity-v4+/kernel/drivers/power/reset/syscon-reboot-mode.ko.zst	00000c2f	000081a4	000003e8	000003e8	00000001	6a7f6584	00000000	00000030	00000000	00000000	00000000
usr/lib/modules/7.1.5-sp11-render-parity-v4+/kernel/drivers/power/sequencing	00000c30	000041ed	000003e8	000003e8	00000002	6a8eba6d	00000000	00000030	00000000	00000000	00000000
usr/lib/modules/7.1.5-sp11-render-parity-v4+/kernel/drivers/power/sequencing/pwrseq-qcom-wcn.ko.zst	00000c31	000081a4	000003e8	000003e8	00000001	6a7f6585	00000000	00000030	00000000	00000000	00000000
usr/lib/modules/7.1.5-sp11-render-parity-v4+/kernel/drivers/power/supply	00000c32	000041ed	000003e8	000003e8	00000002	6a8eba6d	00000000	00000030	00000000	00000000	00000000
usr/lib/modules/7.1.5-sp11-render-parity-v4+/kernel/drivers/power/supply/88pm860x_battery.ko.zst	00000c33	000081a4	000003e8	000003e8	00000001	6a7f6585	00000000	00000030	00000000	00000000	00000000
usr/lib/modules/7.1.5-sp11-render-parity-v4+/kernel/drivers/power/supply/88pm860x_charger.ko.zst	00000c34	000081a4	000003e8	000003e8	00000001	6a7f6586	00000000	00000030	00000000	00000000	00000000
usr/lib/modules/7.1.5-sp11-render-parity-v4+/kernel/drivers/power/supply/act8945a_charger.ko.zst	00000c35	000081a4	000003e8	000003e8	00000001	6a7f6585	00000000	00000030	00000000	00000000	00000000
usr/lib/modules/7.1.5-sp11-render-parity-v4+/kernel/drivers/power/supply/adc-battery-helper.ko.zst	00000c36	000081a4	000003e8	000003e8	00000001	6a7f6585	00000000	00000030	00000000	00000000	00000000
usr/lib/modules/7.1.5-sp11-render-parity-v4+/kernel/drivers/power/supply/adp5061.ko.zst	00000c37	000081a4	000003e8	000003e8	00000001	6a7f6585	00000000	00000030	00000000	00000000	00000000
usr/lib/modules/7.1.5-sp11-render-parity-v4+/kernel/drivers/power/supply/axp20x_ac_power.ko.zst	00000c38	000081a4	000003e8	000003e8	00000001	6a7f6585	00000000	00000030	00000000	00000000	00000000
usr/lib/modules/7.1.5-sp11-render-parity-v4+/kernel/drivers/power/supply/axp20x_battery.ko.zst	00000c39	000081a4	000003e8	000003e8	00000001	6a7f6585	00000000	00000030	00000000	00000000	00000000
usr/lib/modules/7.1.5-sp11-render-parity-v4+/kernel/drivers/power/supply/axp20x_usb_power.ko.zst	00000c3a	000081a4	000003e8	000003e8	00000001	6a7f6585	00000000	00000030	00000000	00000000	00000000
usr/lib/modules/7.1.5-sp11-render-parity-v4+/kernel/drivers/power/supply/bd71828-power.ko.zst	00000c3b	000081a4	000003e8	000003e8	00000001	6a7f6587	00000000	00000030	00000000	00000000	00000000
usr/lib/modules/7.1.5-sp11-render-parity-v4+/kernel/drivers/power/supply/bd99954-charger.ko.zst	00000c3c	000081a4	000003e8	000003e8	00000001	6a7f6587	00000000	00000030	00000000	00000000	00000000
usr/lib/modules/7.1.5-sp11-render-parity-v4+/kernel/drivers/power/supply/bq2415x_charger.ko.zst	00000c3d	000081a4	000003e8	000003e8	00000001	6a7f6586	00000000	00000030	00000000	00000000	00000000
usr/lib/modules/7.1.5-sp11-render-parity-v4+/kernel/drivers/power/supply/bq24190_charger.ko.zst	00000c3e	000081a4	000003e8	000003e8	00000001	6a7f6586	00000000	00000030	00000000	00000000	00000000
usr/lib/modules/7.1.5-sp11-render-parity-v4+/kernel/drivers/power/supply/bq24257_charger.ko.zst	00000c3f	000081a4	000003e8	000003e8	00000001	6a7f6586	00000000	00000030	00000000	00000000	00000000
usr/lib/modules/7.1.5-sp11-render-parity-v4+/kernel/drivers/power/supply/bq24735-charger.ko.zst	00000c40	000081a4	000003e8	000003e8	00000001	6a7f6586	00000000	00000030	00000000	00000000	00000000
usr/lib/modules/7.1.5-sp11-render-parity-v4+/kernel/drivers/power/supply/bq2515x_charger.ko.zst	00000c41	000081a4	000003e8	000003e8	00000001	6a7f6587	00000000	00000030	00000000	00000000	00000000
usr/lib/modules/7.1.5-sp11-render-parity-v4+/kernel/drivers/power/supply/bq256xx_charger.ko.zst	00000c42	000081a4	000003e8	000003e8	00000001	6a7f6587	00000000	00000030	00000000	00000000	00000000
usr/lib/modules/7.1.5-sp11-render-parity-v4+/kernel/drivers/power/supply/bq25890_charger.ko.zst	00000c43	000081a4	000003e8	000003e8	00000001	6a7f6587	00000000	00000030	00000000	00000000	00000000
usr/lib/modules/7.1.5-sp11-render-parity-v4+/kernel/drivers/power/supply/bq25980_charger.ko.zst	00000c44	000081a4	000003e8	000003e8	00000001	6a7f6587	00000000	00000030	00000000	00000000	00000000
usr/lib/modules/7.1.5-sp11-render-parity-v4+/kernel/drivers/power/supply/bq27xxx_battery.ko.zst	00000c47	000081a4	000003e8	000003e8	00000001	6a7f6585	00000000	00000030	00000000	00000000	00000000
usr/lib/modules/7.1.5-sp11-render-parity-v4+/kernel/drivers/power/supply/bq27xxx_battery_hdq.ko.zst	00000c45	000081a4	000003e8	000003e8	00000001	6a7f6585	00000000	00000030	00000000	00000000	00000000
usr/lib/modules/7.1.5-sp11-render-parity-v4+/kernel/drivers/power/supply/bq27xxx_battery_i2c.ko.zst	00000c46	000081a4	000003e8	000003e8	00000001	6a7f6585	00000000	00000030	00000000	00000000	00000000
usr/lib/modules/7.1.5-sp11-render-parity-v4+/kernel/drivers/power/supply/cpcap-battery.ko.zst	00000c48	000081a4	000003e8	000003e8	00000001	6a7f6585	00000000	00000030	00000000	00000000	00000000
usr/lib/modules/7.1.5-sp11-render-parity-v4+/kernel/drivers/power/supply/cpcap-charger.ko.zst	00000c49	000081a4	000003e8	000003e8	00000001	6a7f6586	00000000	00000030	00000000	00000000	00000000
usr/lib/modules/7.1.5-sp11-render-parity-v4+/kernel/drivers/power/supply/cros_charge-control.ko.zst	00000c4a	000081a4	000003e8	000003e8	00000001	6a7f6587	00000000	00000030	00000000	00000000	00000000
usr/lib/modules/7.1.5-sp11-render-parity-v4+/kernel/drivers/power/supply/cros_peripheral_charger.ko.zst	00000c4b	000081a4	000003e8	000003e8	00000001	6a7f6587	00000000	00000030	00000000	00000000	00000000
usr/lib/modules/7.1.5-sp11-render-parity-v4+/kernel/drivers/power/supply/cros_usbpd-charger.ko.zst	00000c4c	000081a4	000003e8	000003e8	00000001	6a7f6587	00000000	00000030	00000000	00000000	00000000
usr/lib/modules/7.1.5-sp11-render-parity-v4+/kernel/drivers/power/supply/cw2015_battery.ko.zst	00000c4d	000081a4	000003e8	000003e8	00000001	6a7f6585	00000000	00000030	00000000	00000000	00000000
usr/lib/modules/7.1.5-sp11-render-parity-v4+/kernel/drivers/power/supply/da9030_battery.ko.zst	00000c4e	000081a4	000003e8	000003e8	00000001	6a7f6585	00000000	00000030	00000000	00000000	00000000
usr/lib/modules/7.1.5-sp11-render-parity-v4+/kernel/drivers/power/supply/da9052-battery.ko.zst	00000c4f	000081a4	000003e8	000003e8	00000001	6a7f6585	00000000	00000030	00000000	00000000	00000000
usr/lib/modules/7.1.5-sp11-render-parity-v4+/kernel/drivers/power/supply/da9150-charger.ko.zst	00000c50	000081a4	000003e8	000003e8	00000001	6a7f6585	00000000	00000030	00000000	00000000	00000000
usr/lib/modules/7.1.5-sp11-render-parity-v4+/kernel/drivers/power/supply/da9150-fg.ko.zst	00000c51	000081a4	000003e8	000003e8	00000001	6a7f6585	00000000	00000030	00000000	00000000	00000000
usr/lib/modules/7.1.5-sp11-render-parity-v4+/kernel/drivers/power/supply/ds2760_battery.ko.zst	00000c52	000081a4	000003e8	000003e8	00000001	6a7f6585	00000000	00000030	00000000	00000000	00000000
usr/lib/modules/7.1.5-sp11-render-parity-v4+/kernel/drivers/power/supply/ds2780_battery.ko.zst	00000c53	000081a4	000003e8	000003e8	00000001	6a7f6585	00000000	00000030	00000000	00000000	00000000
usr/lib/modules/7.1.5-sp11-render-parity-v4+/kernel/drivers/power/supply/ds2781_battery.ko.zst	00000c54	000081a4	000003e8	000003e8	00000001	6a7f6585	00000000	00000030	00000000	00000000	00000000
usr/lib/modules/7.1.5-sp11-render-parity-v4+/kernel/drivers/power/supply/ds2782_battery.ko.zst	00000c55	000081a4	000003e8	000003e8	00000001	6a7f6585	00000000	00000030	00000000	00000000	00000000
usr/lib/modules/7.1.5-sp11-render-parity-v4+/kernel/drivers/power/supply/generic-adc-battery.ko.zst	00000c56	000081a4	000003e8	000003e8	00000001	6a7f6585	00000000	00000030	00000000	00000000	00000000
usr/lib/modules/7.1.5-sp11-render-parity-v4+/kernel/drivers/power/supply/goldfish_battery.ko.zst	00000c57	000081a4	000003e8	000003e8	00000001	6a7f6585	00000000	00000030	00000000	00000000	00000000
usr/lib/modules/7.1.5-sp11-render-parity-v4+/kernel/drivers/power/supply/gpio-charger.ko.zst	00000c58	000081a4	000003e8	000003e8	00000001	6a7f6586	00000000	00000030	00000000	00000000	00000000
usr/lib/modules/7.1.5-sp11-render-parity-v4+/kernel/drivers/power/supply/ip5xxx_power.ko.zst	00000c59	000081a4	000003e8	000003e8	00000001	6a7f6585	00000000	00000030	00000000	00000000	00000000
usr/lib/modules/7.1.5-sp11-render-parity-v4+/kernel/drivers/power/supply/isp1704_charger.ko.zst	00000c5a	000081a4	000003e8	000003e8	00000001	6a7f6586	00000000	00000030	00000000	00000000	00000000
usr/lib/modules/7.1.5-sp11-render-parity-v4+/kernel/drivers/power/supply/lenovo_yoga_c630_battery.ko.zst	00000c5b	000081a4	000003e8	000003e8	00000001	6a7f6585	00000000	00000030	00000000	00000000	00000000
usr/lib/modules/7.1.5-sp11-render-parity-v4+/kernel/drivers/power/supply/lp8727_charger.ko.zst	00000c5c	000081a4	000003e8	000003e8	00000001	6a7f6586	00000000	00000030	00000000	00000000	00000000
usr/lib/modules/7.1.5-sp11-render-parity-v4+/kernel/drivers/power/supply/lp8788-charger.ko.zst	00000c5d	000081a4	000003e8	000003e8	00000001	6a7f6586	00000000	00000030	00000000	00000000	00000000
usr/lib/modules/7.1.5-sp11-render-parity-v4+/kernel/drivers/power/supply/lt3651-charger.ko.zst	00000c5e	000081a4	000003e8	000003e8	00000001	6a7f6586	00000000	00000030	00000000	00000000	00000000
usr/lib/modules/7.1.5-sp11-render-parity-v4+/kernel/drivers/power/supply/ltc2941-battery-gauge.ko.zst	00000c5f	000081a4	000003e8	000003e8	00000001	6a7f6585	00000000	00000030	00000000	00000000	00000000
usr/lib/modules/7.1.5-sp11-render-parity-v4+/kernel/drivers/power/supply/ltc4162-l-charger.ko.zst	00000c60	000081a4	000003e8	000003e8	00000001	6a7f6586	00000000	00000030	00000000	00000000	00000000
usr/lib/modules/7.1.5-sp11-render-parity-v4+/kernel/drivers/power/supply/max14577_charger.ko.zst	00000c61	000081a4	000003e8	000003e8	00000001	6a7f6586	00000000	00000030	00000000	00000000	00000000
usr/lib/modules/7.1.5-sp11-render-parity-v4+/kernel/drivers/power/supply/max14656_charger_detector.ko.zst	00000c62	000081a4	000003e8	000003e8	00000001	6a7f6586	00000000	00000030	00000000	00000000	00000000
usr/lib/modules/7.1.5-sp11-render-parity-v4+/kernel/drivers/power/supply/max17040_battery.ko.zst	00000c63	000081a4	000003e8	000003e8	00000001	6a7f6585	00000000	00000030	00000000	00000000	00000000
usr/lib/modules/7.1.5-sp11-render-parity-v4+/kernel/drivers/power/supply/max17042_battery.ko.zst	00000c64	000081a4	000003e8	000003e8	00000001	6a7f6586	00000000	00000030	00000000	00000000	00000000
usr/lib/modules/7.1.5-sp11-render-parity-v4+/kernel/drivers/power/supply/max1720x_battery.ko.zst	00000c65	000081a4	000003e8	000003e8	00000001	6a7f6586	00000000	00000030	00000000	00000000	00000000
usr/lib/modules/7.1.5-sp11-render-parity-v4+/kernel/drivers/power/supply/max1721x_battery.ko.zst	00000c66	000081a4	000003e8	000003e8	00000001	6a7f6586	00000000	00000030	00000000	00000000	00000000
usr/lib/modules/7.1.5-sp11-render-parity-v4+/kernel/drivers/power/supply/max77650-charger.ko.zst	00000c67	000081a4	000003e8	000003e8	00000001	6a7f6586	00000000	00000030	00000000	00000000	00000000
usr/lib/modules/7.1.5-sp11-render-parity-v4+/kernel/drivers/power/supply/max77693_charger.ko.zst	00000c68	000081a4	000003e8	000003e8	00000001	6a7f6586	00000000	00000030	00000000	00000000	00000000
usr/lib/modules/7.1.5-sp11-render-parity-v4+/kernel/drivers/power/supply/max77976_charger.ko.zst	00000c69	000081a4	000003e8	000003e8	00000001	6a7f6586	00000000	00000030	00000000	00000000	00000000
usr/lib/modules/7.1.5-sp11-render-parity-v4+/kernel/drivers/power/supply/max8903_charger.ko.zst	00000c6a	000081a4	000003e8	000003e8	00000001	6a7f6586	00000000	00000030	00000000	00000000	00000000
usr/lib/modules/7.1.5-sp11-render-parity-v4+/kernel/drivers/power/supply/max8925_power.ko.zst	00000c6b	000081a4	000003e8	000003e8	00000001	6a7f6585	00000000	00000030	00000000	00000000	00000000
usr/lib/modules/7.1.5-sp11-render-parity-v4+/kernel/drivers/power/supply/max8997_charger.ko.zst	00000c6c	000081a4	000003e8	000003e8	00000001	6a7f6586	00000000	00000030	00000000	00000000	00000000
usr/lib/modules/7.1.5-sp11-render-parity-v4+/kernel/drivers/power/supply/max8998_charger.ko.zst	00000c6d	000081a4	000003e8	000003e8	00000001	6a7f6586	00000000	00000030	00000000	00000000	00000000
usr/lib/modules/7.1.5-sp11-render-parity-v4+/kernel/drivers/power/supply/mm8013.ko.zst	00000c6e	000081a4	000003e8	000003e8	00000001	6a7f6587	00000000	00000030	00000000	00000000	00000000
usr/lib/modules/7.1.5-sp11-render-parity-v4+/kernel/drivers/power/supply/mp2629_charger.ko.zst	00000c6f	000081a4	000003e8	000003e8	00000001	6a7f6586	00000000	00000030	00000000	00000000	00000000
usr/lib/modules/7.1.5-sp11-render-parity-v4+/kernel/drivers/power/supply/mt6360_charger.ko.zst	00000c70	000081a4	000003e8	000003e8	00000001	6a7f6586	00000000	00000030	00000000	00000000	00000000
usr/lib/modules/7.1.5-sp11-render-parity-v4+/kernel/drivers/power/supply/mt6370-charger.ko.zst	00000c71	000081a4	000003e8	000003e8	00000001	6a7f6586	00000000	00000030	00000000	00000000	00000000
usr/lib/modules/7.1.5-sp11-render-parity-v4+/kernel/drivers/power/supply/pf1550-charger.ko.zst	00000c72	000081a4	000003e8	000003e8	00000001	6a7f6586	00000000	00000030	00000000	00000000	00000000
usr/lib/modules/7.1.5-sp11-render-parity-v4+/kernel/drivers/power/supply/pm8916_bms_vm.ko.zst	00000c73	000081a4	000003e8	000003e8	00000001	6a7f6586	00000000	00000030	00000000	00000000	00000000
usr/lib/modules/7.1.5-sp11-render-parity-v4+/kernel/drivers/power/supply/pm8916_lbc.ko.zst	00000c74	000081a4	000003e8	000003e8	00000001	6a7f6586	00000000	00000030	00000000	00000000	00000000
usr/lib/modules/7.1.5-sp11-render-parity-v4+/kernel/drivers/power/supply/qcom_battmgr.ko.zst	00000c75	000081a4	000003e8	000003e8	00000001	6a7f6585	00000000	00000030	00000000	00000000	00000000
usr/lib/modules/7.1.5-sp11-render-parity-v4+/kernel/drivers/power/supply/qcom_smbb.ko.zst	00000c76	000081a4	000003e8	000003e8	00000001	6a7f6586	00000000	00000030	00000000	00000000	00000000
usr/lib/modules/7.1.5-sp11-render-parity-v4+/kernel/drivers/power/supply/qcom_smbx.ko.zst	00000c77	000081a4	000003e8	000003e8	00000001	6a7f6587	00000000	00000030	00000000	00000000	00000000
usr/lib/modules/7.1.5-sp11-render-parity-v4+/kernel/drivers/power/supply/rk817_charger.ko.zst	00000c78	000081a4	000003e8	000003e8	00000001	6a7f6587	00000000	00000030	00000000	00000000	00000000
usr/lib/modules/7.1.5-sp11-render-parity-v4+/kernel/drivers/power/supply/rn5t618_power.ko.zst	00000c79	000081a4	000003e8	000003e8	00000001	6a7f6587	00000000	00000030	00000000	00000000	00000000
usr/lib/modules/7.1.5-sp11-render-parity-v4+/kernel/drivers/power/supply/rt5033_battery.ko.zst	00000c7a	000081a4	000003e8	000003e8	00000001	6a7f6586	00000000	00000030	00000000	00000000	00000000
usr/lib/modules/7.1.5-sp11-render-parity-v4+/kernel/drivers/power/supply/rt5033_charger.ko.zst	00000c7b	000081a4	000003e8	000003e8	00000001	6a7f6586	00000000	00000030	00000000	00000000	00000000
usr/lib/modules/7.1.5-sp11-render-parity-v4+/kernel/drivers/power/supply/rt9455_charger.ko.zst	00000c7c	000081a4	000003e8	000003e8	00000001	6a7f6586	00000000	00000030	00000000	00000000	00000000
usr/lib/modules/7.1.5-sp11-render-parity-v4+/kernel/drivers/power/supply/rt9467-charger.ko.zst	00000c7d	000081a4	000003e8	000003e8	00000001	6a7f6586	00000000	00000030	00000000	00000000	00000000
usr/lib/modules/7.1.5-sp11-render-parity-v4+/kernel/drivers/power/supply/rt9471.ko.zst	00000c7e	000081a4	000003e8	000003e8	00000001	6a7f6586	00000000	00000030	00000000	00000000	00000000
usr/lib/modules/7.1.5-sp11-render-parity-v4+/kernel/drivers/power/supply/rt9756.ko.zst	00000c7f	000081a4	000003e8	000003e8	00000001	6a7f6586	00000000	00000030	00000000	00000000	00000000
usr/lib/modules/7.1.5-sp11-render-parity-v4+/kernel/drivers/power/supply/rx51_battery.ko.zst	00000c80	000081a4	000003e8	000003e8	00000001	6a7f6586	00000000	00000030	00000000	00000000	00000000
usr/lib/modules/7.1.5-sp11-render-parity-v4+/kernel/drivers/power/supply/sbs-battery.ko.zst	00000c81	000081a4	000003e8	000003e8	00000001	6a7f6585	00000000	00000030	00000000	00000000	00000000
usr/lib/modules/7.1.5-sp11-render-parity-v4+/kernel/drivers/power/supply/sbs-charger.ko.zst	00000c82	000081a4	000003e8	000003e8	00000001	6a7f6585	00000000	00000030	00000000	00000000	00000000
usr/lib/modules/7.1.5-sp11-render-parity-v4+/kernel/drivers/power/supply/sbs-manager.ko.zst	00000c83	000081a4	000003e8	000003e8	00000001	6a7f6585	00000000	00000030	00000000	00000000	00000000
usr/lib/modules/7.1.5-sp11-render-parity-v4+/kernel/drivers/power/supply/sc2731_charger.ko.zst	00000c84	000081a4	000003e8	000003e8	00000001	6a7f6587	00000000	00000030	00000000	00000000	00000000
usr/lib/modules/7.1.5-sp11-render-parity-v4+/kernel/drivers/power/supply/sc27xx_fuel_gauge.ko.zst	00000c85	000081a4	000003e8	000003e8	00000001	6a7f6587	00000000	00000030	00000000	00000000	00000000
usr/lib/modules/7.1.5-sp11-render-parity-v4+/kernel/drivers/power/supply/smb347-charger.ko.zst	00000c86	000081a4	000003e8	000003e8	00000001	6a7f6587	00000000	00000030	00000000	00000000	00000000
usr/lib/modules/7.1.5-sp11-render-parity-v4+/kernel/drivers/power/supply/surface_battery.ko.zst	00000c87	000081a4	000003e8	000003e8	00000001	6a7f6587	00000000	00000030	00000000	00000000	00000000
usr/lib/modules/7.1.5-sp11-render-parity-v4+/kernel/drivers/power/supply/surface_charger.ko.zst	00000c88	000081a4	000003e8	000003e8	00000001	6a7f6587	00000000	00000030	00000000	00000000	00000000
usr/lib/modules/7.1.5-sp11-render-parity-v4+/kernel/drivers/power/supply/test_power.ko.zst	00000c89	000081a4	000003e8	000003e8	00000001	6a7f6585	00000000	00000030	00000000	00000000	00000000
usr/lib/modules/7.1.5-sp11-render-parity-v4+/kernel/drivers/power/supply/tps65090-charger.ko.zst	00000c8a	000081a4	000003e8	000003e8	00000001	6a7f6587	00000000	00000030	00000000	00000000	00000000
usr/lib/modules/7.1.5-sp11-render-parity-v4+/kernel/drivers/power/supply/tps65217_charger.ko.zst	00000c8b	000081a4	000003e8	000003e8	00000001	6a7f6587	00000000	00000030	00000000	00000000	00000000
usr/lib/modules/7.1.5-sp11-render-parity-v4+/kernel/drivers/power/supply/twl4030_charger.ko.zst	00000c8c	000081a4	000003e8	000003e8	00000001	6a7f6586	00000000	00000030	00000000	00000000	00000000
usr/lib/modules/7.1.5-sp11-render-parity-v4+/kernel/drivers/power/supply/twl4030_madc_battery.ko.zst	00000c8d	000081a4	000003e8	000003e8	00000001	6a7f6586	00000000	00000030	00000000	00000000	00000000
usr/lib/modules/7.1.5-sp11-render-parity-v4+/kernel/drivers/power/supply/twl6030_charger.ko.zst	00000c8e	000081a4	000003e8	000003e8	00000001	6a7f6586	00000000	00000030	00000000	00000000	00000000
usr/lib/modules/7.1.5-sp11-render-parity-v4+/kernel/drivers/power/supply/ucs1002_power.ko.zst	00000c8f	000081a4	000003e8	000003e8	00000001	6a7f6587	00000000	00000030	00000000	00000000	00000000
usr/lib/modules/7.1.5-sp11-render-parity-v4+/kernel/drivers/power/supply/ug3105_battery.ko.zst	00000c90	000081a4	000003e8	000003e8	00000001	6a7f6587	00000000	00000030	00000000	00000000	00000000
usr/lib/modules/7.1.5-sp11-render-parity-v4+/kernel/drivers/power/supply/wm831x_backup.ko.zst	00000c91	000081a4	000003e8	000003e8	00000001	6a7f6585	00000000	00000030	00000000	00000000	00000000
usr/lib/modules/7.1.5-sp11-render-parity-v4+/kernel/drivers/power/supply/wm831x_power.ko.zst	00000c92	000081a4	000003e8	000003e8	00000001	6a7f6585	00000000	00000030	00000000	00000000	00000000
usr/lib/modules/7.1.5-sp11-render-parity-v4+/kernel/drivers/power/supply/wm8350_power.ko.zst	00000c93	000081a4	000003e8	000003e8	00000001	6a7f6585	00000000	00000030	00000000	00000000	00000000
usr/lib/modules/7.1.5-sp11-render-parity-v4+/kernel/drivers/ptp	00000c94	000041ed	000003e8	000003e8	00000002	6a8eba6d	00000000	00000030	00000000	00000000	00000000
usr/lib/modules/7.1.5-sp11-render-parity-v4+/kernel/drivers/ptp/ptp_qoriq.ko.zst	00000c95	000081a4	000003e8	000003e8	00000001	6a7f6584	00000000	00000030	00000000	00000000	00000000
usr/lib/modules/7.1.5-sp11-render-parity-v4+/kernel/drivers/pwm	00000c96	000041ed	000003e8	000003e8	00000002	6a8eba6d	00000000	00000030	00000000	00000000	00000000
usr/lib/modules/7.1.5-sp11-render-parity-v4+/kernel/drivers/pwm/pwm-cros-ec.ko.zst	00000c97	000081a4	000003e8	000003e8	00000001	6a7f6516	00000000	00000030	00000000	00000000	00000000
usr/lib/modules/7.1.5-sp11-render-parity-v4+/kernel/drivers/pwm/pwm-imx27.ko.zst	00000c98	000081a4	000003e8	000003e8	00000001	6a7f6516	00000000	00000030	00000000	00000000	00000000
usr/lib/modules/7.1.5-sp11-render-parity-v4+/kernel/drivers/pwm/pwm-mtk-disp.ko.zst	00000c99	000081a4	000003e8	000003e8	00000001	6a7f6517	00000000	00000030	00000000	00000000	00000000
usr/lib/modules/7.1.5-sp11-render-parity-v4+/kernel/drivers/pwm/pwm-rockchip.ko.zst	00000c9a	000081a4	000003e8	000003e8	00000001	6a7f6517	00000000	00000030	00000000	00000000	00000000
usr/lib/modules/7.1.5-sp11-render-parity-v4+/kernel/drivers/pwm/pwm-sun4i.ko.zst	00000c9b	000081a4	000003e8	000003e8	00000001	6a7f6517	00000000	00000030	00000000	00000000	00000000
usr/lib/modules/7.1.5-sp11-render-parity-v4+/kernel/drivers/regulator	00000c9c	000041ed	000003e8	000003e8	00000002	6a8eba6d	00000000	00000030	00000000	00000000	00000000
usr/lib/modules/7.1.5-sp11-render-parity-v4+/kernel/drivers/regulator/88pg86x.ko.zst	00000c9d	000081a4	000003e8	000003e8	00000001	6a7f6527	00000000	00000030	00000000	00000000	00000000
usr/lib/modules/7.1.5-sp11-render-parity-v4+/kernel/drivers/regulator/88pm800-regulator.ko.zst	00000c9e	000081a4	000003e8	000003e8	00000001	6a7f6527	00000000	00000030	00000000	00000000	00000000
usr/lib/modules/7.1.5-sp11-render-parity-v4+/kernel/drivers/regulator/88pm8607.ko.zst	00000c9f	000081a4	000003e8	000003e8	00000001	6a7f6527	00000000	00000030	00000000	00000000	00000000
usr/lib/modules/7.1.5-sp11-render-parity-v4+/kernel/drivers/regulator/88pm886-regulator.ko.zst	00000ca0	000081a4	000003e8	000003e8	00000001	6a7f6527	00000000	00000030	00000000	00000000	00000000
usr/lib/modules/7.1.5-sp11-render-parity-v4+/kernel/drivers/regulator/aat2870-regulator.ko.zst	00000ca1	000081a4	000003e8	000003e8	00000001	6a7f6527	00000000	00000030	00000000	00000000	00000000
usr/lib/modules/7.1.5-sp11-render-parity-v4+/kernel/drivers/regulator/act8865-regulator.ko.zst	00000ca2	000081a4	000003e8	000003e8	00000001	6a7f6527	00000000	00000030	00000000	00000000	00000000
usr/lib/modules/7.1.5-sp11-render-parity-v4+/kernel/drivers/regulator/act8945a-regulator.ko.zst	00000ca3	000081a4	000003e8	000003e8	00000001	6a7f6527	00000000	00000030	00000000	00000000	00000000
usr/lib/modules/7.1.5-sp11-render-parity-v4+/kernel/drivers/regulator/ad5398.ko.zst	00000ca4	000081a4	000003e8	000003e8	00000001	6a7f6527	00000000	00000030	00000000	00000000	00000000
usr/lib/modules/7.1.5-sp11-render-parity-v4+/kernel/drivers/regulator/anatop-regulator.ko.zst	00000ca5	000081a4	000003e8	000003e8	00000001	6a7f6527	00000000	00000030	00000000	00000000	00000000
usr/lib/modules/7.1.5-sp11-render-parity-v4+/kernel/drivers/regulator/arizona-ldo1.ko.zst	00000ca6	000081a4	000003e8	000003e8	00000001	6a7f6527	00000000	00000030	00000000	00000000	00000000
usr/lib/modules/7.1.5-sp11-render-parity-v4+/kernel/drivers/regulator/arizona-micsupp.ko.zst	00000ca7	000081a4	000003e8	000003e8	00000001	6a7f6527	00000000	00000030	00000000	00000000	00000000
usr/lib/modules/7.1.5-sp11-render-parity-v4+/kernel/drivers/regulator/as3711-regulator.ko.zst	00000ca8	000081a4	000003e8	000003e8	00000001	6a7f6527	00000000	00000030	00000000	00000000	00000000
usr/lib/modules/7.1.5-sp11-render-parity-v4+/kernel/drivers/regulator/as3722-regulator.ko.zst	00000ca9	000081a4	000003e8	000003e8	00000001	6a7f6527	00000000	00000030	00000000	00000000	00000000
usr/lib/modules/7.1.5-sp11-render-parity-v4+/kernel/drivers/regulator/atc260x-regulator.ko.zst	00000caa	000081a4	000003e8	000003e8	00000001	6a7f6527	00000000	00000030	00000000	00000000	00000000
usr/lib/modules/7.1.5-sp11-render-parity-v4+/kernel/drivers/regulator/aw37503-regulator.ko.zst	00000cab	000081a4	000003e8	000003e8	00000001	6a7f6527	00000000	00000030	00000000	00000000	00000000
usr/lib/modules/7.1.5-sp11-render-parity-v4+/kernel/drivers/regulator/axp20x-regulator.ko.zst	00000cac	000081a4	000003e8	000003e8	00000001	6a7f6527	00000000	00000030	00000000	00000000	00000000
usr/lib/modules/7.1.5-sp11-render-parity-v4+/kernel/drivers/regulator/bcm590xx-regulator.ko.zst	00000cad	000081a4	000003e8	000003e8	00000001	6a7f6527	00000000	00000030	00000000	00000000	00000000
usr/lib/modules/7.1.5-sp11-render-parity-v4+/kernel/drivers/regulator/bd71815-regulator.ko.zst	00000cae	000081a4	000003e8	000003e8	00000001	6a7f6527	00000000	00000030	00000000	00000000	00000000
usr/lib/modules/7.1.5-sp11-render-parity-v4+/kernel/drivers/regulator/bd71828-regulator.ko.zst	00000caf	000081a4	000003e8	000003e8	00000001	6a7f6527	00000000	00000030	00000000	00000000	00000000
usr/lib/modules/7.1.5-sp11-render-parity-v4+/kernel/drivers/regulator/bd718x7-regulator.ko.zst	00000cb0	000081a4	000003e8	000003e8	00000001	6a7f6527	00000000	00000030	00000000	00000000	00000000
usr/lib/modules/7.1.5-sp11-render-parity-v4+/kernel/drivers/regulator/bd9571mwv-regulator.ko.zst	00000cb1	000081a4	000003e8	000003e8	00000001	6a7f6527	00000000	00000030	00000000	00000000	00000000
usr/lib/modules/7.1.5-sp11-render-parity-v4+/kernel/drivers/regulator/bd9576-regulator.ko.zst	00000cb2	000081a4	000003e8	000003e8	00000001	6a7f6527	00000000	00000030	00000000	00000000	00000000
usr/lib/modules/7.1.5-sp11-render-parity-v4+/kernel/drivers/regulator/bd96801-regulator.ko.zst	00000cb3	000081a4	000003e8	000003e8	00000001	6a7f6527	00000000	00000030	00000000	00000000	00000000
usr/lib/modules/7.1.5-sp11-render-parity-v4+/kernel/drivers/regulator/cpcap-regulator.ko.zst	00000cb4	000081a4	000003e8	000003e8	00000001	6a7f6527	00000000	00000030	00000000	00000000	00000000
usr/lib/modules/7.1.5-sp11-render-parity-v4+/kernel/drivers/regulator/cros-ec-regulator.ko.zst	00000cb5	000081a4	000003e8	000003e8	00000001	6a7f6527	00000000	00000030	00000000	00000000	00000000
usr/lib/modules/7.1.5-sp11-render-parity-v4+/kernel/drivers/regulator/da903x-regulator.ko.zst	00000cb6	000081a4	000003e8	000003e8	00000001	6a7f6527	00000000	00000030	00000000	00000000	00000000
usr/lib/modules/7.1.5-sp11-render-parity-v4+/kernel/drivers/regulator/da9052-regulator.ko.zst	00000cb7	000081a4	000003e8	000003e8	00000001	6a7f6527	00000000	00000030	00000000	00000000	00000000
usr/lib/modules/7.1.5-sp11-render-parity-v4+/kernel/drivers/regulator/da9055-regulator.ko.zst	00000cb8	000081a4	000003e8	000003e8	00000001	6a7f6527	00000000	00000030	00000000	00000000	00000000
usr/lib/modules/7.1.5-sp11-render-parity-v4+/kernel/drivers/regulator/da9062-regulator.ko.zst	00000cb9	000081a4	000003e8	000003e8	00000001	6a7f6527	00000000	00000030	00000000	00000000	00000000
usr/lib/modules/7.1.5-sp11-render-parity-v4+/kernel/drivers/regulator/da9063-regulator.ko.zst	00000cba	000081a4	000003e8	000003e8	00000001	6a7f6527	00000000	00000030	00000000	00000000	00000000
usr/lib/modules/7.1.5-sp11-render-parity-v4+/kernel/drivers/regulator/da9121-regulator.ko.zst	00000cbb	000081a4	000003e8	000003e8	00000001	6a7f6527	00000000	00000030	00000000	00000000	00000000
usr/lib/modules/7.1.5-sp11-render-parity-v4+/kernel/drivers/regulator/da9210-regulator.ko.zst	00000cbc	000081a4	000003e8	000003e8	00000001	6a7f6527	00000000	00000030	00000000	00000000	00000000
usr/lib/modules/7.1.5-sp11-render-parity-v4+/kernel/drivers/regulator/da9211-regulator.ko.zst	00000cbd	000081a4	000003e8	000003e8	00000001	6a7f6527	00000000	00000030	00000000	00000000	00000000
usr/lib/modules/7.1.5-sp11-render-parity-v4+/kernel/drivers/regulator/fan53555.ko.zst	00000cbe	000081a4	000003e8	000003e8	00000001	6a7f6528	00000000	00000030	00000000	00000000	00000000
usr/lib/modules/7.1.5-sp11-render-parity-v4+/kernel/drivers/regulator/fan53880.ko.zst	00000cbf	000081a4	000003e8	000003e8	00000001	6a7f6528	00000000	00000030	00000000	00000000	00000000
usr/lib/modules/7.1.5-sp11-render-parity-v4+/kernel/drivers/regulator/fixed.ko.zst	00000cc0	000081a4	000003e8	000003e8	00000001	6a7f6526	00000000	00000030	00000000	00000000	00000000
usr/lib/modules/7.1.5-sp11-render-parity-v4+/kernel/drivers/regulator/fp9931.ko.zst	00000cc1	000081a4	000003e8	000003e8	00000001	6a7f6528	00000000	00000030	00000000	00000000	00000000
usr/lib/modules/7.1.5-sp11-render-parity-v4+/kernel/drivers/regulator/gpio-regulator.ko.zst	00000cc2	000081a4	000003e8	000003e8	00000001	6a7f6528	00000000	00000030	00000000	00000000	00000000
usr/lib/modules/7.1.5-sp11-render-parity-v4+/kernel/drivers/regulator/hi6421-regulator.ko.zst	00000cc3	000081a4	000003e8	000003e8	00000001	6a7f6528	00000000	00000030	00000000	00000000	00000000
usr/lib/modules/7.1.5-sp11-render-parity-v4+/kernel/drivers/regulator/hi6421v530-regulator.ko.zst	00000cc4	000081a4	000003e8	000003e8	00000001	6a7f6528	00000000	00000030	00000000	00000000	00000000
usr/lib/modules/7.1.5-sp11-render-parity-v4+/kernel/drivers/regulator/hi6421v600-regulator.ko.zst	00000cc5	000081a4	000003e8	000003e8	00000001	6a7f6528	00000000	00000030	00000000	00000000	00000000
usr/lib/modules/7.1.5-sp11-render-parity-v4+/kernel/drivers/regulator/hi655x-regulator.ko.zst	00000cc6	000081a4	000003e8	000003e8	00000001	6a7f6528	00000000	00000030	00000000	00000000	00000000
usr/lib/modules/7.1.5-sp11-render-parity-v4+/kernel/drivers/regulator/isl6271a-regulator.ko.zst	00000cc7	000081a4	000003e8	000003e8	00000001	6a7f6528	00000000	00000030	00000000	00000000	00000000
usr/lib/modules/7.1.5-sp11-render-parity-v4+/kernel/drivers/regulator/isl9305.ko.zst	00000cc8	000081a4	000003e8	000003e8	00000001	6a7f6528	00000000	00000030	00000000	00000000	00000000
usr/lib/modules/7.1.5-sp11-render-parity-v4+/kernel/drivers/regulator/lm363x-regulator.ko.zst	00000cc9	000081a4	000003e8	000003e8	00000001	6a7f6528	00000000	00000030	00000000	00000000	00000000
usr/lib/modules/7.1.5-sp11-render-parity-v4+/kernel/drivers/regulator/lochnagar-regulator.ko.zst	00000cca	000081a4	000003e8	000003e8	00000001	6a7f6528	00000000	00000030	00000000	00000000	00000000
usr/lib/modules/7.1.5-sp11-render-parity-v4+/kernel/drivers/regulator/lp3971.ko.zst	00000ccb	000081a4	000003e8	000003e8	00000001	6a7f6528	00000000	00000030	00000000	00000000	00000000
usr/lib/modules/7.1.5-sp11-render-parity-v4+/kernel/drivers/regulator/lp3972.ko.zst	00000ccc	000081a4	000003e8	000003e8	00000001	6a7f6528	00000000	00000030	00000000	00000000	00000000
usr/lib/modules/7.1.5-sp11-render-parity-v4+/kernel/drivers/regulator/lp872x.ko.zst	00000ccd	000081a4	000003e8	000003e8	00000001	6a7f6528	00000000	00000030	00000000	00000000	00000000
usr/lib/modules/7.1.5-sp11-render-parity-v4+/kernel/drivers/regulator/lp873x-regulator.ko.zst	00000cce	000081a4	000003e8	000003e8	00000001	6a7f6528	00000000	00000030	00000000	00000000	00000000
usr/lib/modules/7.1.5-sp11-render-parity-v4+/kernel/drivers/regulator/lp8755.ko.zst	00000ccf	000081a4	000003e8	000003e8	00000001	6a7f6528	00000000	00000030	00000000	00000000	00000000
usr/lib/modules/7.1.5-sp11-render-parity-v4+/kernel/drivers/regulator/lp87565-regulator.ko.zst	00000cd0	000081a4	000003e8	000003e8	00000001	6a7f6528	00000000	00000030	00000000	00000000	00000000
usr/lib/modules/7.1.5-sp11-render-parity-v4+/kernel/drivers/regulator/lp8788-buck.ko.zst	00000cd1	000081a4	000003e8	000003e8	00000001	6a7f6528	00000000	00000030	00000000	00000000	00000000
usr/lib/modules/7.1.5-sp11-render-parity-v4+/kernel/drivers/regulator/lp8788-ldo.ko.zst	00000cd2	000081a4	000003e8	000003e8	00000001	6a7f6528	00000000	00000030	00000000	00000000	00000000
usr/lib/modules/7.1.5-sp11-render-parity-v4+/kernel/drivers/regulator/ltc3589.ko.zst	00000cd3	000081a4	000003e8	000003e8	00000001	6a7f6528	00000000	00000030	00000000	00000000	00000000
usr/lib/modules/7.1.5-sp11-render-parity-v4+/kernel/drivers/regulator/ltc3676.ko.zst	00000cd4	000081a4	000003e8	000003e8	00000001	6a7f6528	00000000	00000030	00000000	00000000	00000000
usr/lib/modules/7.1.5-sp11-render-parity-v4+/kernel/drivers/regulator/max14577-regulator.ko.zst	00000cd5	000081a4	000003e8	000003e8	00000001	6a7f6528	00000000	00000030	00000000	00000000	00000000
usr/lib/modules/7.1.5-sp11-render-parity-v4+/kernel/drivers/regulator/max1586.ko.zst	00000cd6	000081a4	000003e8	000003e8	00000001	6a7f6528	00000000	00000030	00000000	00000000	00000000
usr/lib/modules/7.1.5-sp11-render-parity-v4+/kernel/drivers/regulator/max20086-regulator.ko.zst	00000cd7	000081a4	000003e8	000003e8	00000001	6a7f6529	00000000	00000030	00000000	00000000	00000000
usr/lib/modules/7.1.5-sp11-render-parity-v4+/kernel/drivers/regulator/max20411-regulator.ko.zst	00000cd8	000081a4	000003e8	000003e8	00000001	6a7f6529	00000000	00000030	00000000	00000000	00000000
usr/lib/modules/7.1.5-sp11-render-parity-v4+/kernel/drivers/regulator/max5970-regulator.ko.zst	00000cd9	000081a4	000003e8	000003e8	00000001	6a7f6528	00000000	00000030	00000000	00000000	00000000
usr/lib/modules/7.1.5-sp11-render-parity-v4+/kernel/drivers/regulator/max77503-regulator.ko.zst	00000cda	000081a4	000003e8	000003e8	00000001	6a7f6528	00000000	00000030	00000000	00000000	00000000
usr/lib/modules/7.1.5-sp11-render-parity-v4+/kernel/drivers/regulator/max77541-regulator.ko.zst	00000cdb	000081a4	000003e8	000003e8	00000001	6a7f6528	00000000	00000030	00000000	00000000	00000000
usr/lib/modules/7.1.5-sp11-render-parity-v4+/kernel/drivers/regulator/max77620-regulator.ko.zst	00000cdc	000081a4	000003e8	000003e8	00000001	6a7f6528	00000000	00000030	00000000	00000000	00000000
usr/lib/modules/7.1.5-sp11-render-parity-v4+/kernel/drivers/regulator/max77650-regulator.ko.zst	00000cdd	000081a4	000003e8	000003e8	00000001	6a7f6528	00000000	00000030	00000000	00000000	00000000
usr/lib/modules/7.1.5-sp11-render-parity-v4+/kernel/drivers/regulator/max77686-regulator.ko.zst	00000cde	000081a4	000003e8	000003e8	00000001	6a7f6529	00000000	00000030	00000000	00000000	00000000
usr/lib/modules/7.1.5-sp11-render-parity-v4+/kernel/drivers/regulator/max77693-regulator.ko.zst	00000cdf	000081a4	000003e8	000003e8	00000001	6a7f6529	00000000	00000030	00000000	00000000	00000000
usr/lib/modules/7.1.5-sp11-render-parity-v4+/kernel/drivers/regulator/max77802-regulator.ko.zst	00000ce0	000081a4	000003e8	000003e8	00000001	6a7f6529	00000000	00000030	00000000	00000000	00000000
usr/lib/modules/7.1.5-sp11-render-parity-v4+/kernel/drivers/regulator/max77826-regulator.ko.zst	00000ce1	000081a4	000003e8	000003e8	00000001	6a7f6529	00000000	00000030	00000000	00000000	00000000
usr/lib/modules/7.1.5-sp11-render-parity-v4+/kernel/drivers/regulator/max77857-regulator.ko.zst	00000ce2	000081a4	000003e8	000003e8	00000001	6a7f6529	00000000	00000030	00000000	00000000	00000000
usr/lib/modules/7.1.5-sp11-render-parity-v4+/kernel/drivers/regulator/max8649.ko.zst	00000ce3	000081a4	000003e8	000003e8	00000001	6a7f6528	00000000	00000030	00000000	00000000	00000000
usr/lib/modules/7.1.5-sp11-render-parity-v4+/kernel/drivers/regulator/max8660.ko.zst	00000ce4	000081a4	000003e8	000003e8	00000001	6a7f6528	00000000	00000030	00000000	00000000	00000000
usr/lib/modules/7.1.5-sp11-render-parity-v4+/kernel/drivers/regulator/max8893.ko.zst	00000ce5	000081a4	000003e8	000003e8	00000001	6a7f6528	00000000	00000030	00000000	00000000	00000000
usr/lib/modules/7.1.5-sp11-render-parity-v4+/kernel/drivers/regulator/max8907-regulator.ko.zst	00000ce6	000081a4	000003e8	000003e8	00000001	6a7f6528	00000000	00000030	00000000	00000000	00000000
usr/lib/modules/7.1.5-sp11-render-parity-v4+/kernel/drivers/regulator/max8925-regulator.ko.zst	00000ce7	000081a4	000003e8	000003e8	00000001	6a7f6528	00000000	00000030	00000000	00000000	00000000
usr/lib/modules/7.1.5-sp11-render-parity-v4+/kernel/drivers/regulator/max8952.ko.zst	00000ce8	000081a4	000003e8	000003e8	00000001	6a7f6528	00000000	00000030	00000000	00000000	00000000
usr/lib/modules/7.1.5-sp11-render-parity-v4+/kernel/drivers/regulator/max8973-regulator.ko.zst	00000ce9	000081a4	000003e8	000003e8	00000001	6a7f6529	00000000	00000030	00000000	00000000	00000000
usr/lib/modules/7.1.5-sp11-render-parity-v4+/kernel/drivers/regulator/max8997-regulator.ko.zst	00000cea	000081a4	000003e8	000003e8	00000001	6a7f6529	00000000	00000030	00000000	00000000	00000000
usr/lib/modules/7.1.5-sp11-render-parity-v4+/kernel/drivers/regulator/max8998.ko.zst	00000ceb	000081a4	000003e8	000003e8	00000001	6a7f6529	00000000	00000030	00000000	00000000	00000000
usr/lib/modules/7.1.5-sp11-render-parity-v4+/kernel/drivers/regulator/mc13783-regulator.ko.zst	00000cec	000081a4	000003e8	000003e8	00000001	6a7f6529	00000000	00000030	00000000	00000000	00000000
usr/lib/modules/7.1.5-sp11-render-parity-v4+/kernel/drivers/regulator/mc13892-regulator.ko.zst	00000ced	000081a4	000003e8	000003e8	00000001	6a7f6529	00000000	00000030	00000000	00000000	00000000
usr/lib/modules/7.1.5-sp11-render-parity-v4+/kernel/drivers/regulator/mc13xxx-regulator-core.ko.zst	00000cee	000081a4	000003e8	000003e8	00000001	6a7f6529	00000000	00000030	00000000	00000000	00000000
usr/lib/modules/7.1.5-sp11-render-parity-v4+/kernel/drivers/regulator/mcp16502.ko.zst	00000cef	000081a4	000003e8	000003e8	00000001	6a7f6529	00000000	00000030	00000000	00000000	00000000
usr/lib/modules/7.1.5-sp11-render-parity-v4+/kernel/drivers/regulator/mp5416.ko.zst	00000cf0	000081a4	000003e8	000003e8	00000001	6a7f6529	00000000	00000030	00000000	00000000	00000000
usr/lib/modules/7.1.5-sp11-render-parity-v4+/kernel/drivers/regulator/mp8859.ko.zst	00000cf1	000081a4	000003e8	000003e8	00000001	6a7f6529	00000000	00000030	00000000	00000000	00000000
usr/lib/modules/7.1.5-sp11-render-parity-v4+/kernel/drivers/regulator/mp886x.ko.zst	00000cf2	000081a4	000003e8	000003e8	00000001	6a7f6529	00000000	00000030	00000000	00000000	00000000
usr/lib/modules/7.1.5-sp11-render-parity-v4+/kernel/drivers/regulator/mpq7920.ko.zst	00000cf3	000081a4	000003e8	000003e8	00000001	6a7f6529	00000000	00000030	00000000	00000000	00000000
usr/lib/modules/7.1.5-sp11-render-parity-v4+/kernel/drivers/regulator/mt6311-regulator.ko.zst	00000cf4	000081a4	000003e8	000003e8	00000001	6a7f6529	00000000	00000030	00000000	00000000	00000000
usr/lib/modules/7.1.5-sp11-render-parity-v4+/kernel/drivers/regulator/mt6315-regulator.ko.zst	00000cf5	000081a4	000003e8	000003e8	00000001	6a7f6529	00000000	00000030	00000000	00000000	00000000
usr/lib/modules/7.1.5-sp11-render-parity-v4+/kernel/drivers/regulator/mt6316-regulator.ko.zst	00000cf6	000081a4	000003e8	000003e8	00000001	6a7f6529	00000000	00000030	00000000	00000000	00000000
usr/lib/modules/7.1.5-sp11-render-parity-v4+/kernel/drivers/regulator/mt6323-regulator.ko.zst	00000cf7	000081a4	000003e8	000003e8	00000001	6a7f6529	00000000	00000030	00000000	00000000	00000000
usr/lib/modules/7.1.5-sp11-render-parity-v4+/kernel/drivers/regulator/mt6331-regulator.ko.zst	00000cf8	000081a4	000003e8	000003e8	00000001	6a7f6529	00000000	00000030	00000000	00000000	00000000
usr/lib/modules/7.1.5-sp11-render-parity-v4+/kernel/drivers/regulator/mt6332-regulator.ko.zst	00000cf9	000081a4	000003e8	000003e8	00000001	6a7f6529	00000000	00000030	00000000	00000000	00000000
usr/lib/modules/7.1.5-sp11-render-parity-v4+/kernel/drivers/regulator/mt6357-regulator.ko.zst	00000cfa	000081a4	000003e8	000003e8	00000001	6a7f6529	00000000	00000030	00000000	00000000	00000000
usr/lib/modules/7.1.5-sp11-render-parity-v4+/kernel/drivers/regulator/mt6358-regulator.ko.zst	00000cfb	000081a4	000003e8	000003e8	00000001	6a7f6529	00000000	00000030	00000000	00000000	00000000
usr/lib/modules/7.1.5-sp11-render-parity-v4+/kernel/drivers/regulator/mt6359-regulator.ko.zst	00000cfc	000081a4	000003e8	000003e8	00000001	6a7f6529	00000000	00000030	00000000	00000000	00000000
usr/lib/modules/7.1.5-sp11-render-parity-v4+/kernel/drivers/regulator/mt6360-regulator.ko.zst	00000cfd	000081a4	000003e8	000003e8	00000001	6a7f6529	00000000	00000030	00000000	00000000	00000000
usr/lib/modules/7.1.5-sp11-render-parity-v4+/kernel/drivers/regulator/mt6363-regulator.ko.zst	00000cfe	000081a4	000003e8	000003e8	00000001	6a7f6529	00000000	00000030	00000000	00000000	00000000
usr/lib/modules/7.1.5-sp11-render-parity-v4+/kernel/drivers/regulator/mt6370-regulator.ko.zst	00000cff	000081a4	000003e8	000003e8	00000001	6a7f6529	00000000	00000030	00000000	00000000	00000000
usr/lib/modules/7.1.5-sp11-render-parity-v4+/kernel/drivers/regulator/mt6380-regulator.ko.zst	00000d00	000081a4	000003e8	000003e8	00000001	6a7f6529	00000000	00000030	00000000	00000000	00000000
usr/lib/modules/7.1.5-sp11-render-parity-v4+/kernel/drivers/regulator/mt6397-regulator.ko.zst	00000d01	000081a4	000003e8	000003e8	00000001	6a7f6529	00000000	00000030	00000000	00000000	00000000
usr/lib/modules/7.1.5-sp11-render-parity-v4+/kernel/drivers/regulator/mtk-dvfsrc-regulator.ko.zst	00000d02	000081a4	000003e8	000003e8	00000001	6a7f6529	00000000	00000030	00000000	00000000	00000000
usr/lib/modules/7.1.5-sp11-render-parity-v4+/kernel/drivers/regulator/palmas-regulator.ko.zst	00000d03	000081a4	000003e8	000003e8	00000001	6a7f652a	00000000	00000030	00000000	00000000	00000000
usr/lib/modules/7.1.5-sp11-render-parity-v4+/kernel/drivers/regulator/pca9450-regulator.ko.zst	00000d04	000081a4	000003e8	000003e8	00000001	6a7f652a	00000000	00000030	00000000	00000000	00000000
usr/lib/modules/7.1.5-sp11-render-parity-v4+/kernel/drivers/regulator/pcap-regulator.ko.zst	00000d05	000081a4	000003e8	000003e8	00000001	6a7f652a	00000000	00000030	00000000	00000000	00000000
usr/lib/modules/7.1.5-sp11-render-parity-v4+/kernel/drivers/regulator/pf1550-regulator.ko.zst	00000d06	000081a4	000003e8	000003e8	00000001	6a7f652a	00000000	00000030	00000000	00000000	00000000
usr/lib/modules/7.1.5-sp11-render-parity-v4+/kernel/drivers/regulator/pf8x00-regulator.ko.zst	00000d07	000081a4	000003e8	000003e8	00000001	6a7f652a	00000000	00000030	00000000	00000000	00000000
usr/lib/modules/7.1.5-sp11-render-parity-v4+/kernel/drivers/regulator/pf9453-regulator.ko.zst	00000d08	000081a4	000003e8	000003e8	00000001	6a7f652a	00000000	00000030	00000000	00000000	00000000
usr/lib/modules/7.1.5-sp11-render-parity-v4+/kernel/drivers/regulator/pfuze100-regulator.ko.zst	00000d09	000081a4	000003e8	000003e8	00000001	6a7f652a	00000000	00000030	00000000	00000000	00000000
usr/lib/modules/7.1.5-sp11-render-parity-v4+/kernel/drivers/regulator/pv88060-regulator.ko.zst	00000d0a	000081a4	000003e8	000003e8	00000001	6a7f652a	00000000	00000030	00000000	00000000	00000000
usr/lib/modules/7.1.5-sp11-render-parity-v4+/kernel/drivers/regulator/pv88080-regulator.ko.zst	00000d0b	000081a4	000003e8	000003e8	00000001	6a7f652a	00000000	00000030	00000000	00000000	00000000
usr/lib/modules/7.1.5-sp11-render-parity-v4+/kernel/drivers/regulator/pv88090-regulator.ko.zst	00000d0c	000081a4	000003e8	000003e8	00000001	6a7f652a	00000000	00000030	00000000	00000000	00000000
usr/lib/modules/7.1.5-sp11-render-parity-v4+/kernel/drivers/regulator/pwm-regulator.ko.zst	00000d0d	000081a4	000003e8	000003e8	00000001	6a7f652a	00000000	00000030	00000000	00000000	00000000
usr/lib/modules/7.1.5-sp11-render-parity-v4+/kernel/drivers/regulator/qcom-labibb-regulator.ko.zst	00000d0e	000081a4	000003e8	000003e8	00000001	6a7f6529	00000000	00000030	00000000	00000000	00000000
usr/lib/modules/7.1.5-sp11-render-parity-v4+/kernel/drivers/regulator/qcom-pm8008-regulator.ko.zst	00000d0f	000081a4	000003e8	000003e8	00000001	6a7f6529	00000000	00000030	00000000	00000000	00000000
usr/lib/modules/7.1.5-sp11-render-parity-v4+/kernel/drivers/regulator/raa215300.ko.zst	00000d10	000081a4	000003e8	000003e8	00000001	6a7f652a	00000000	00000030	00000000	00000000	00000000
usr/lib/modules/7.1.5-sp11-render-parity-v4+/kernel/drivers/regulator/rc5t583-regulator.ko.zst	00000d11	000081a4	000003e8	000003e8	00000001	6a7f652a	00000000	00000030	00000000	00000000	00000000
usr/lib/modules/7.1.5-sp11-render-parity-v4+/kernel/drivers/regulator/rk808-regulator.ko.zst	00000d12	000081a4	000003e8	000003e8	00000001	6a7f652a	00000000	00000030	00000000	00000000	00000000
usr/lib/modules/7.1.5-sp11-render-parity-v4+/kernel/drivers/regulator/rn5t618-regulator.ko.zst	00000d13	000081a4	000003e8	000003e8	00000001	6a7f652a	00000000	00000030	00000000	00000000	00000000
usr/lib/modules/7.1.5-sp11-render-parity-v4+/kernel/drivers/regulator/rohm-regulator.ko.zst	00000d14	000081a4	000003e8	000003e8	00000001	6a7f652a	00000000	00000030	00000000	00000000	00000000
usr/lib/modules/7.1.5-sp11-render-parity-v4+/kernel/drivers/regulator/rpi-panel-attiny-regulator.ko.zst	00000d15	000081a4	000003e8	000003e8	00000001	6a7f652a	00000000	00000030	00000000	00000000	00000000
usr/lib/modules/7.1.5-sp11-render-parity-v4+/kernel/drivers/regulator/rt4801-regulator.ko.zst	00000d16	000081a4	000003e8	000003e8	00000001	6a7f652a	00000000	00000030	00000000	00000000	00000000
usr/lib/modules/7.1.5-sp11-render-parity-v4+/kernel/drivers/regulator/rt4803.ko.zst	00000d17	000081a4	000003e8	000003e8	00000001	6a7f652a	00000000	00000030	00000000	00000000	00000000
usr/lib/modules/7.1.5-sp11-render-parity-v4+/kernel/drivers/regulator/rt4831-regulator.ko.zst	00000d18	000081a4	000003e8	000003e8	00000001	6a7f652a	00000000	00000030	00000000	00000000	00000000
usr/lib/modules/7.1.5-sp11-render-parity-v4+/kernel/drivers/regulator/rt5033-regulator.ko.zst	00000d19	000081a4	000003e8	000003e8	00000001	6a7f652a	00000000	00000030	00000000	00000000	00000000
usr/lib/modules/7.1.5-sp11-render-parity-v4+/kernel/drivers/regulator/rt5120-regulator.ko.zst	00000d1a	000081a4	000003e8	000003e8	00000001	6a7f652a	00000000	00000030	00000000	00000000	00000000
usr/lib/modules/7.1.5-sp11-render-parity-v4+/kernel/drivers/regulator/rt5190a-regulator.ko.zst	00000d1b	000081a4	000003e8	000003e8	00000001	6a7f652a	00000000	00000030	00000000	00000000	00000000
usr/lib/modules/7.1.5-sp11-render-parity-v4+/kernel/drivers/regulator/rt5739.ko.zst	00000d1c	000081a4	000003e8	000003e8	00000001	6a7f652a	00000000	00000030	00000000	00000000	00000000
usr/lib/modules/7.1.5-sp11-render-parity-v4+/kernel/drivers/regulator/rt5759-regulator.ko.zst	00000d1d	000081a4	000003e8	000003e8	00000001	6a7f652a	00000000	00000030	00000000	00000000	00000000
usr/lib/modules/7.1.5-sp11-render-parity-v4+/kernel/drivers/regulator/rt6160-regulator.ko.zst	00000d1e	000081a4	000003e8	000003e8	00000001	6a7f652a	00000000	00000030	00000000	00000000	00000000
usr/lib/modules/7.1.5-sp11-render-parity-v4+/kernel/drivers/regulator/rt6190-regulator.ko.zst	00000d1f	000081a4	000003e8	000003e8	00000001	6a7f652a	00000000	00000030	00000000	00000000	00000000
usr/lib/modules/7.1.5-sp11-render-parity-v4+/kernel/drivers/regulator/rt6245-regulator.ko.zst	00000d20	000081a4	000003e8	000003e8	00000001	6a7f652a	00000000	00000030	00000000	00000000	00000000
usr/lib/modules/7.1.5-sp11-render-parity-v4+/kernel/drivers/regulator/rtmv20-regulator.ko.zst	00000d21	000081a4	000003e8	000003e8	00000001	6a7f652a	00000000	00000030	00000000	00000000	00000000
usr/lib/modules/7.1.5-sp11-render-parity-v4+/kernel/drivers/regulator/rtq2134-regulator.ko.zst	00000d22	000081a4	000003e8	000003e8	00000001	6a7f652a	00000000	00000030	00000000	00000000	00000000
usr/lib/modules/7.1.5-sp11-render-parity-v4+/kernel/drivers/regulator/rtq2208-regulator.ko.zst	00000d23	000081a4	000003e8	000003e8	00000001	6a7f652a	00000000	00000030	00000000	00000000	00000000
usr/lib/modules/7.1.5-sp11-render-parity-v4+/kernel/drivers/regulator/rtq6752-regulator.ko.zst	00000d24	000081a4	000003e8	000003e8	00000001	6a7f652a	00000000	00000030	00000000	00000000	00000000
usr/lib/modules/7.1.5-sp11-render-parity-v4+/kernel/drivers/regulator/sc2731-regulator.ko.zst	00000d25	000081a4	000003e8	000003e8	00000001	6a7f652a	00000000	00000030	00000000	00000000	00000000
usr/lib/modules/7.1.5-sp11-render-parity-v4+/kernel/drivers/regulator/sky81452-regulator.ko.zst	00000d26	000081a4	000003e8	000003e8	00000001	6a7f652a	00000000	00000030	00000000	00000000	00000000
usr/lib/modules/7.1.5-sp11-render-parity-v4+/kernel/drivers/regulator/slg51000-regulator.ko.zst	00000d27	000081a4	000003e8	000003e8	00000001	6a7f652a	00000000	00000030	00000000	00000000	00000000
usr/lib/modules/7.1.5-sp11-render-parity-v4+/kernel/drivers/regulator/stm32-booster.ko.zst	00000d28	000081a4	000003e8	000003e8	00000001	6a7f652b	00000000	00000030	00000000	00000000	00000000
usr/lib/modules/7.1.5-sp11-render-parity-v4+/kernel/drivers/regulator/stm32-vrefbuf.ko.zst	00000d29	000081a4	000003e8	000003e8	00000001	6a7f652b	00000000	00000030	00000000	00000000	00000000
usr/lib/modules/7.1.5-sp11-render-parity-v4+/kernel/drivers/regulator/stpmic1_regulator.ko.zst	00000d2a	000081a4	000003e8	000003e8	00000001	6a7f652b	00000000	00000030	00000000	00000000	00000000
usr/lib/modules/7.1.5-sp11-render-parity-v4+/kernel/drivers/regulator/sun20i-regulator.ko.zst	00000d2b	000081a4	000003e8	000003e8	00000001	6a7f652b	00000000	00000030	00000000	00000000	00000000
usr/lib/modules/7.1.5-sp11-render-parity-v4+/kernel/drivers/regulator/sy7636a-regulator.ko.zst	00000d2c	000081a4	000003e8	000003e8	00000001	6a7f652b	00000000	00000030	00000000	00000000	00000000
usr/lib/modules/7.1.5-sp11-render-parity-v4+/kernel/drivers/regulator/sy8106a-regulator.ko.zst	00000d2d	000081a4	000003e8	000003e8	00000001	6a7f652b	00000000	00000030	00000000	00000000	00000000
usr/lib/modules/7.1.5-sp11-render-parity-v4+/kernel/drivers/regulator/sy8824x.ko.zst	00000d2e	000081a4	000003e8	000003e8	00000001	6a7f652b	00000000	00000030	00000000	00000000	00000000
usr/lib/modules/7.1.5-sp11-render-parity-v4+/kernel/drivers/regulator/sy8827n.ko.zst	00000d2f	000081a4	000003e8	000003e8	00000001	6a7f652b	00000000	00000030	00000000	00000000	00000000
usr/lib/modules/7.1.5-sp11-render-parity-v4+/kernel/drivers/regulator/tps51632-regulator.ko.zst	00000d30	000081a4	000003e8	000003e8	00000001	6a7f652a	00000000	00000030	00000000	00000000	00000000
usr/lib/modules/7.1.5-sp11-render-parity-v4+/kernel/drivers/regulator/tps6105x-regulator.ko.zst	00000d31	000081a4	000003e8	000003e8	00000001	6a7f652b	00000000	00000030	00000000	00000000	00000000
usr/lib/modules/7.1.5-sp11-render-parity-v4+/kernel/drivers/regulator/tps62360-regulator.ko.zst	00000d32	000081a4	000003e8	000003e8	00000001	6a7f652b	00000000	00000030	00000000	00000000	00000000
usr/lib/modules/7.1.5-sp11-render-parity-v4+/kernel/drivers/regulator/tps6286x-regulator.ko.zst	00000d33	000081a4	000003e8	000003e8	00000001	6a7f652b	00000000	00000030	00000000	00000000	00000000
usr/lib/modules/7.1.5-sp11-render-parity-v4+/kernel/drivers/regulator/tps6287x-regulator.ko.zst	00000d34	000081a4	000003e8	000003e8	00000001	6a7f652b	00000000	00000030	00000000	00000000	00000000
usr/lib/modules/7.1.5-sp11-render-parity-v4+/kernel/drivers/regulator/tps65023-regulator.ko.zst	00000d35	000081a4	000003e8	000003e8	00000001	6a7f652b	00000000	00000030	00000000	00000000	00000000
usr/lib/modules/7.1.5-sp11-render-parity-v4+/kernel/drivers/regulator/tps6507x-regulator.ko.zst	00000d36	000081a4	000003e8	000003e8	00000001	6a7f652b	00000000	00000030	00000000	00000000	00000000
usr/lib/modules/7.1.5-sp11-render-parity-v4+/kernel/drivers/regulator/tps65086-regulator.ko.zst	00000d37	000081a4	000003e8	000003e8	00000001	6a7f652b	00000000	00000030	00000000	00000000	00000000
usr/lib/modules/7.1.5-sp11-render-parity-v4+/kernel/drivers/regulator/tps65090-regulator.ko.zst	00000d38	000081a4	000003e8	000003e8	00000001	6a7f652b	00000000	00000030	00000000	00000000	00000000
usr/lib/modules/7.1.5-sp11-render-parity-v4+/kernel/drivers/regulator/tps65132-regulator.ko.zst	00000d39	000081a4	000003e8	000003e8	00000001	6a7f652b	00000000	00000030	00000000	00000000	00000000
usr/lib/modules/7.1.5-sp11-render-parity-v4+/kernel/drivers/regulator/tps65217-regulator.ko.zst	00000d3a	000081a4	000003e8	000003e8	00000001	6a7f652b	00000000	00000030	00000000	00000000	00000000
usr/lib/modules/7.1.5-sp11-render-parity-v4+/kernel/drivers/regulator/tps65218-regulator.ko.zst	00000d3b	000081a4	000003e8	000003e8	00000001	6a7f652b	00000000	00000030	00000000	00000000	00000000
usr/lib/modules/7.1.5-sp11-render-parity-v4+/kernel/drivers/regulator/tps65219-regulator.ko.zst	00000d3c	000081a4	000003e8	000003e8	00000001	6a7f652b	00000000	00000030	00000000	00000000	00000000
usr/lib/modules/7.1.5-sp11-render-parity-v4+/kernel/drivers/regulator/tps6524x-regulator.ko.zst	00000d3d	000081a4	000003e8	000003e8	00000001	6a7f652b	00000000	00000030	00000000	00000000	00000000
usr/lib/modules/7.1.5-sp11-render-parity-v4+/kernel/drivers/regulator/tps6586x-regulator.ko.zst	00000d3e	000081a4	000003e8	000003e8	00000001	6a7f652b	00000000	00000030	00000000	00000000	00000000
usr/lib/modules/7.1.5-sp11-render-parity-v4+/kernel/drivers/regulator/tps65910-regulator.ko.zst	00000d3f	000081a4	000003e8	000003e8	00000001	6a7f652b	00000000	00000030	00000000	00000000	00000000
usr/lib/modules/7.1.5-sp11-render-parity-v4+/kernel/drivers/regulator/tps65912-regulator.ko.zst	00000d40	000081a4	000003e8	000003e8	00000001	6a7f652b	00000000	00000030	00000000	00000000	00000000
usr/lib/modules/7.1.5-sp11-render-parity-v4+/kernel/drivers/regulator/tps6594-regulator.ko.zst	00000d41	000081a4	000003e8	000003e8	00000001	6a7f652b	00000000	00000030	00000000	00000000	00000000
usr/lib/modules/7.1.5-sp11-render-parity-v4+/kernel/drivers/regulator/twl-regulator.ko.zst	00000d43	000081a4	000003e8	000003e8	00000001	6a7f652b	00000000	00000030	00000000	00000000	00000000
usr/lib/modules/7.1.5-sp11-render-parity-v4+/kernel/drivers/regulator/twl6030-regulator.ko.zst	00000d42	000081a4	000003e8	000003e8	00000001	6a7f652b	00000000	00000030	00000000	00000000	00000000
usr/lib/modules/7.1.5-sp11-render-parity-v4+/kernel/drivers/regulator/userspace-consumer.ko.zst	00000d44	000081a4	000003e8	000003e8	00000001	6a7f6527	00000000	00000030	00000000	00000000	00000000
usr/lib/modules/7.1.5-sp11-render-parity-v4+/kernel/drivers/regulator/vctrl-regulator.ko.zst	00000d45	000081a4	000003e8	000003e8	00000001	6a7f652b	00000000	00000030	00000000	00000000	00000000
usr/lib/modules/7.1.5-sp11-render-parity-v4+/kernel/drivers/regulator/vexpress-regulator.ko.zst	00000d46	000081a4	000003e8	000003e8	00000001	6a7f652b	00000000	00000030	00000000	00000000	00000000
usr/lib/modules/7.1.5-sp11-render-parity-v4+/kernel/drivers/regulator/virtual.ko.zst	00000d47	000081a4	000003e8	000003e8	00000001	6a7f6527	00000000	00000030	00000000	00000000	00000000
usr/lib/modules/7.1.5-sp11-render-parity-v4+/kernel/drivers/regulator/vqmmc-ipq4019-regulator.ko.zst	00000d48	000081a4	000003e8	000003e8	00000001	6a7f652b	00000000	00000030	00000000	00000000	00000000
usr/lib/modules/7.1.5-sp11-render-parity-v4+/kernel/drivers/regulator/wm831x-dcdc.ko.zst	00000d49	000081a4	000003e8	000003e8	00000001	6a7f652b	00000000	00000030	00000000	00000000	00000000
usr/lib/modules/7.1.5-sp11-render-parity-v4+/kernel/drivers/regulator/wm831x-isink.ko.zst	00000d4a	000081a4	000003e8	000003e8	00000001	6a7f652b	00000000	00000030	00000000	00000000	00000000
usr/lib/modules/7.1.5-sp11-render-parity-v4+/kernel/drivers/regulator/wm831x-ldo.ko.zst	00000d4b	000081a4	000003e8	000003e8	00000001	6a7f652b	00000000	00000030	00000000	00000000	00000000
usr/lib/modules/7.1.5-sp11-render-parity-v4+/kernel/drivers/regulator/wm8350-regulator.ko.zst	00000d4c	000081a4	000003e8	000003e8	00000001	6a7f652b	00000000	00000030	00000000	00000000	00000000
usr/lib/modules/7.1.5-sp11-render-parity-v4+/kernel/drivers/regulator/wm8400-regulator.ko.zst	00000d4d	000081a4	000003e8	000003e8	00000001	6a7f652b	00000000	00000030	00000000	00000000	00000000
usr/lib/modules/7.1.5-sp11-render-parity-v4+/kernel/drivers/regulator/wm8994-regulator.ko.zst	00000d4e	000081a4	000003e8	000003e8	00000001	6a7f652c	00000000	00000030	00000000	00000000	00000000
usr/lib/modules/7.1.5-sp11-render-parity-v4+/kernel/drivers/remoteproc	00000d4f	000041ed	000003e8	000003e8	00000002	6a8eba6d	00000000	00000030	00000000	00000000	00000000
usr/lib/modules/7.1.5-sp11-render-parity-v4+/kernel/drivers/remoteproc/pru_rproc.ko.zst	00000d50	000081a4	000003e8	000003e8	00000001	6a7f659e	00000000	00000030	00000000	00000000	00000000
usr/lib/modules/7.1.5-sp11-render-parity-v4+/kernel/drivers/remoteproc/qcom_common.ko.zst	00000d51	000081a4	000003e8	000003e8	00000001	6a7f659e	00000000	00000030	00000000	00000000	00000000
usr/lib/modules/7.1.5-sp11-render-parity-v4+/kernel/drivers/remoteproc/qcom_pil_info.ko.zst	00000d52	000081a4	000003e8	000003e8	00000001	6a7f659e	00000000	00000030	00000000	00000000	00000000
usr/lib/modules/7.1.5-sp11-render-parity-v4+/kernel/drivers/remoteproc/qcom_q6v5.ko.zst	00000d53	000081a4	000003e8	000003e8	00000001	6a7f659e	00000000	00000030	00000000	00000000	00000000
usr/lib/modules/7.1.5-sp11-render-parity-v4+/kernel/drivers/remoteproc/qcom_q6v5_pas.ko.zst	00000d54	000081a4	000003e8	000003e8	00000001	6a7f659e	00000000	00000030	00000000	00000000	00000000
usr/lib/modules/7.1.5-sp11-render-parity-v4+/kernel/drivers/remoteproc/qcom_sysmon.ko.zst	00000d55	000081a4	000003e8	000003e8	00000001	6a7f659e	00000000	00000030	00000000	00000000	00000000
usr/lib/modules/7.1.5-sp11-render-parity-v4+/kernel/drivers/reset	00000d56	000041ed	000003e8	000003e8	00000004	6a8eba6d	00000000	00000030	00000000	00000000	00000000
usr/lib/modules/7.1.5-sp11-render-parity-v4+/kernel/drivers/reset/amlogic	00000d57	000041ed	000003e8	000003e8	00000002	6a8eba6d	00000000	00000030	00000000	00000000	00000000
usr/lib/modules/7.1.5-sp11-render-parity-v4+/kernel/drivers/reset/amlogic/reset-meson-audio-arb.ko.zst	00000d58	000081a4	000003e8	000003e8	00000001	6a7f652c	00000000	00000030	00000000	00000000	00000000
usr/lib/modules/7.1.5-sp11-render-parity-v4+/kernel/drivers/reset/amlogic/reset-meson-aux.ko.zst	00000d59	000081a4	000003e8	000003e8	00000001	6a7f652c	00000000	00000030	00000000	00000000	00000000
usr/lib/modules/7.1.5-sp11-render-parity-v4+/kernel/drivers/reset/hisilicon	00000d5a	000041ed	000003e8	000003e8	00000002	6a8eba6d	00000000	00000030	00000000	00000000	00000000
usr/lib/modules/7.1.5-sp11-render-parity-v4+/kernel/drivers/reset/hisilicon/hi6220_reset.ko.zst	00000d5b	000081a4	000003e8	000003e8	00000001	6a7f652c	00000000	00000030	00000000	00000000	00000000
usr/lib/modules/7.1.5-sp11-render-parity-v4+/kernel/drivers/reset/hisilicon/reset-hi3660.ko.zst	00000d5c	000081a4	000003e8	000003e8	00000001	6a7f652c	00000000	00000030	00000000	00000000	00000000
usr/lib/modules/7.1.5-sp11-render-parity-v4+/kernel/drivers/reset/reset-a10sr.ko.zst	00000d5d	000081a4	000003e8	000003e8	00000001	6a7f652c	00000000	00000030	00000000	00000000	00000000
usr/lib/modules/7.1.5-sp11-render-parity-v4+/kernel/drivers/reset/reset-gpio.ko.zst	00000d5e	000081a4	000003e8	000003e8	00000001	6a7f652c	00000000	00000030	00000000	00000000	00000000
usr/lib/modules/7.1.5-sp11-render-parity-v4+/kernel/drivers/reset/reset-imx8mp-audiomix.ko.zst	00000d5f	000081a4	000003e8	000003e8	00000001	6a7f652c	00000000	00000030	00000000	00000000	00000000
usr/lib/modules/7.1.5-sp11-render-parity-v4+/kernel/drivers/reset/reset-qcom-pdc.ko.zst	00000d60	000081a4	000003e8	000003e8	00000001	6a7f652c	00000000	00000030	00000000	00000000	00000000
usr/lib/modules/7.1.5-sp11-render-parity-v4+/kernel/drivers/reset/reset-scmi.ko.zst	00000d61	000081a4	000003e8	000003e8	00000001	6a7f652c	00000000	00000030	00000000	00000000	00000000
usr/lib/modules/7.1.5-sp11-render-parity-v4+/kernel/drivers/reset/reset-ti-sci.ko.zst	00000d62	000081a4	000003e8	000003e8	00000001	6a7f652c	00000000	00000030	00000000	00000000	00000000
usr/lib/modules/7.1.5-sp11-render-parity-v4+/kernel/drivers/reset/reset-ti-syscon.ko.zst	00000d63	000081a4	000003e8	000003e8	00000001	6a7f652c	00000000	00000030	00000000	00000000	00000000
usr/lib/modules/7.1.5-sp11-render-parity-v4+/kernel/drivers/reset/reset-tps380x.ko.zst	00000d64	000081a4	000003e8	000003e8	00000001	6a7f652c	00000000	00000030	00000000	00000000	00000000
usr/lib/modules/7.1.5-sp11-render-parity-v4+/kernel/drivers/rpmsg	00000d65	000041ed	000003e8	000003e8	00000002	6a8eba6d	00000000	00000030	00000000	00000000	00000000
usr/lib/modules/7.1.5-sp11-render-parity-v4+/kernel/drivers/rpmsg/mtk_rpmsg.ko.zst	00000d66	000081a4	000003e8	000003e8	00000001	6a7f659f	00000000	00000030	00000000	00000000	00000000
usr/lib/modules/7.1.5-sp11-render-parity-v4+/kernel/drivers/rpmsg/qcom_glink_smem.ko.zst	00000d67	000081a4	000003e8	000003e8	00000001	6a7f659f	00000000	00000030	00000000	00000000	00000000
usr/lib/modules/7.1.5-sp11-render-parity-v4+/kernel/drivers/rpmsg/rpmsg_ctrl.ko.zst	00000d68	000081a4	000003e8	000003e8	00000001	6a7f659f	00000000	00000030	00000000	00000000	00000000
usr/lib/modules/7.1.5-sp11-render-parity-v4+/kernel/drivers/rpmsg/rpmsg_ns.ko.zst	00000d69	000081a4	000003e8	000003e8	00000001	6a7f659f	00000000	00000030	00000000	00000000	00000000
usr/lib/modules/7.1.5-sp11-render-parity-v4+/kernel/drivers/rpmsg/virtio_rpmsg_bus.ko.zst	00000d6a	000081a4	000003e8	000003e8	00000001	6a7f659f	00000000	00000030	00000000	00000000	00000000
usr/lib/modules/7.1.5-sp11-render-parity-v4+/kernel/drivers/rtc	00000d6b	000041ed	000003e8	000003e8	00000002	6a8eba6d	00000000	00000030	00000000	00000000	00000000
usr/lib/modules/7.1.5-sp11-render-parity-v4+/kernel/drivers/rtc/rtc-88pm80x.ko.zst	00000d6c	000081a4	000003e8	000003e8	00000001	6a7f6569	00000000	00000030	00000000	00000000	00000000
usr/lib/modules/7.1.5-sp11-render-parity-v4+/kernel/drivers/rtc/rtc-88pm860x.ko.zst	00000d6d	000081a4	000003e8	000003e8	00000001	6a7f6569	00000000	00000030	00000000	00000000	00000000
usr/lib/modules/7.1.5-sp11-render-parity-v4+/kernel/drivers/rtc/rtc-88pm886.ko.zst	00000d6e	000081a4	000003e8	000003e8	00000001	6a7f6569	00000000	00000030	00000000	00000000	00000000
usr/lib/modules/7.1.5-sp11-render-parity-v4+/kernel/drivers/rtc/rtc-ab-b5ze-s3.ko.zst	00000d6f	000081a4	000003e8	000003e8	00000001	6a7f6569	00000000	00000030	00000000	00000000	00000000
usr/lib/modules/7.1.5-sp11-render-parity-v4+/kernel/drivers/rtc/rtc-ab-eoz9.ko.zst	00000d70	000081a4	000003e8	000003e8	00000001	6a7f6569	00000000	00000030	00000000	00000000	00000000
usr/lib/modules/7.1.5-sp11-render-parity-v4+/kernel/drivers/rtc/rtc-abx80x.ko.zst	00000d71	000081a4	000003e8	000003e8	00000001	6a7f6569	00000000	00000030	00000000	00000000	00000000
usr/lib/modules/7.1.5-sp11-render-parity-v4+/kernel/drivers/rtc/rtc-armada38x.ko.zst	00000d72	000081a4	000003e8	000003e8	00000001	6a7f6569	00000000	00000030	00000000	00000000	00000000
usr/lib/modules/7.1.5-sp11-render-parity-v4+/kernel/drivers/rtc/rtc-as3722.ko.zst	00000d73	000081a4	000003e8	000003e8	00000001	6a7f6569	00000000	00000030	00000000	00000000	00000000
usr/lib/modules/7.1.5-sp11-render-parity-v4+/kernel/drivers/rtc/rtc-bd70528.ko.zst	00000d74	000081a4	000003e8	000003e8	00000001	6a7f6569	00000000	00000030	00000000	00000000	00000000
usr/lib/modules/7.1.5-sp11-render-parity-v4+/kernel/drivers/rtc/rtc-bq32k.ko.zst	00000d75	000081a4	000003e8	000003e8	00000001	6a7f6569	00000000	00000030	00000000	00000000	00000000
usr/lib/modules/7.1.5-sp11-render-parity-v4+/kernel/drivers/rtc/rtc-cadence.ko.zst	00000d76	000081a4	000003e8	000003e8	00000001	6a7f6569	00000000	00000030	00000000	00000000	00000000
usr/lib/modules/7.1.5-sp11-render-parity-v4+/kernel/drivers/rtc/rtc-cpcap.ko.zst	00000d77	000081a4	000003e8	000003e8	00000001	6a7f6569	00000000	00000030	00000000	00000000	00000000
usr/lib/modules/7.1.5-sp11-render-parity-v4+/kernel/drivers/rtc/rtc-cros-ec.ko.zst	00000d78	000081a4	000003e8	000003e8	00000001	6a7f6569	00000000	00000030	00000000	00000000	00000000
usr/lib/modules/7.1.5-sp11-render-parity-v4+/kernel/drivers/rtc/rtc-da9052.ko.zst	00000d79	000081a4	000003e8	000003e8	00000001	6a7f6569	00000000	00000030	00000000	00000000	00000000
usr/lib/modules/7.1.5-sp11-render-parity-v4+/kernel/drivers/rtc/rtc-da9055.ko.zst	00000d7a	000081a4	000003e8	000003e8	00000001	6a7f6569	00000000	00000030	00000000	00000000	00000000
usr/lib/modules/7.1.5-sp11-render-parity-v4+/kernel/drivers/rtc/rtc-da9063.ko.zst	00000d7b	000081a4	000003e8	000003e8	00000001	6a7f6569	00000000	00000030	00000000	00000000	00000000
usr/lib/modules/7.1.5-sp11-render-parity-v4+/kernel/drivers/rtc/rtc-ds1286.ko.zst	00000d7c	000081a4	000003e8	000003e8	00000001	6a7f6569	00000000	00000030	00000000	00000000	00000000
usr/lib/modules/7.1.5-sp11-render-parity-v4+/kernel/drivers/rtc/rtc-ds1302.ko.zst	00000d7d	000081a4	000003e8	000003e8	00000001	6a7f6569	00000000	00000030	00000000	00000000	00000000
usr/lib/modules/7.1.5-sp11-render-parity-v4+/kernel/drivers/rtc/rtc-ds1305.ko.zst	00000d7e	000081a4	000003e8	000003e8	00000001	6a7f6569	00000000	00000030	00000000	00000000	00000000
usr/lib/modules/7.1.5-sp11-render-parity-v4+/kernel/drivers/rtc/rtc-ds1307.ko.zst	00000d7f	000081a4	000003e8	000003e8	00000001	6a7f6569	00000000	00000030	00000000	00000000	00000000
usr/lib/modules/7.1.5-sp11-render-parity-v4+/kernel/drivers/rtc/rtc-ds1343.ko.zst	00000d80	000081a4	000003e8	000003e8	00000001	6a7f6569	00000000	00000030	00000000	00000000	00000000
usr/lib/modules/7.1.5-sp11-render-parity-v4+/kernel/drivers/rtc/rtc-ds1347.ko.zst	00000d81	000081a4	000003e8	000003e8	00000001	6a7f6569	00000000	00000030	00000000	00000000	00000000
usr/lib/modules/7.1.5-sp11-render-parity-v4+/kernel/drivers/rtc/rtc-ds1374.ko.zst	00000d82	000081a4	000003e8	000003e8	00000001	6a7f6569	00000000	00000030	00000000	00000000	00000000
usr/lib/modules/7.1.5-sp11-render-parity-v4+/kernel/drivers/rtc/rtc-ds1390.ko.zst	00000d83	000081a4	000003e8	000003e8	00000001	6a7f6569	00000000	00000030	00000000	00000000	00000000
usr/lib/modules/7.1.5-sp11-render-parity-v4+/kernel/drivers/rtc/rtc-ds1511.ko.zst	00000d84	000081a4	000003e8	000003e8	00000001	6a7f6569	00000000	00000030	00000000	00000000	00000000
usr/lib/modules/7.1.5-sp11-render-parity-v4+/kernel/drivers/rtc/rtc-ds1553.ko.zst	00000d85	000081a4	000003e8	000003e8	00000001	6a7f6569	00000000	00000030	00000000	00000000	00000000
usr/lib/modules/7.1.5-sp11-render-parity-v4+/kernel/drivers/rtc/rtc-ds1672.ko.zst	00000d86	000081a4	000003e8	000003e8	00000001	6a7f6569	00000000	00000030	00000000	00000000	00000000
usr/lib/modules/7.1.5-sp11-render-parity-v4+/kernel/drivers/rtc/rtc-ds1685.ko.zst	00000d87	000081a4	000003e8	000003e8	00000001	6a7f6569	00000000	00000030	00000000	00000000	00000000
usr/lib/modules/7.1.5-sp11-render-parity-v4+/kernel/drivers/rtc/rtc-ds1742.ko.zst	00000d88	000081a4	000003e8	000003e8	00000001	6a7f6569	00000000	00000030	00000000	00000000	00000000
usr/lib/modules/7.1.5-sp11-render-parity-v4+/kernel/drivers/rtc/rtc-ds2404.ko.zst	00000d89	000081a4	000003e8	000003e8	00000001	6a7f6569	00000000	00000030	00000000	00000000	00000000
usr/lib/modules/7.1.5-sp11-render-parity-v4+/kernel/drivers/rtc/rtc-ds3232.ko.zst	00000d8a	000081a4	000003e8	000003e8	00000001	6a7f6569	00000000	00000030	00000000	00000000	00000000
usr/lib/modules/7.1.5-sp11-render-parity-v4+/kernel/drivers/rtc/rtc-em3027.ko.zst	00000d8b	000081a4	000003e8	000003e8	00000001	6a7f6569	00000000	00000030	00000000	00000000	00000000
usr/lib/modules/7.1.5-sp11-render-parity-v4+/kernel/drivers/rtc/rtc-fm3130.ko.zst	00000d8c	000081a4	000003e8	000003e8	00000001	6a7f656a	00000000	00000030	00000000	00000000	00000000
usr/lib/modules/7.1.5-sp11-render-parity-v4+/kernel/drivers/rtc/rtc-fsl-ftm-alarm.ko.zst	00000d8d	000081a4	000003e8	000003e8	00000001	6a7f656a	00000000	00000030	00000000	00000000	00000000
usr/lib/modules/7.1.5-sp11-render-parity-v4+/kernel/drivers/rtc/rtc-ftrtc010.ko.zst	00000d8e	000081a4	000003e8	000003e8	00000001	6a7f656a	00000000	00000030	00000000	00000000	00000000
usr/lib/modules/7.1.5-sp11-render-parity-v4+/kernel/drivers/rtc/rtc-goldfish.ko.zst	00000d8f	000081a4	000003e8	000003e8	00000001	6a7f656a	00000000	00000030	00000000	00000000	00000000
usr/lib/modules/7.1.5-sp11-render-parity-v4+/kernel/drivers/rtc/rtc-hid-sensor-time.ko.zst	00000d90	000081a4	000003e8	000003e8	00000001	6a7f656a	00000000	00000030	00000000	00000000	00000000
usr/lib/modules/7.1.5-sp11-render-parity-v4+/kernel/drivers/rtc/rtc-hym8563.ko.zst	00000d91	000081a4	000003e8	000003e8	00000001	6a7f656a	00000000	00000030	00000000	00000000	00000000
usr/lib/modules/7.1.5-sp11-render-parity-v4+/kernel/drivers/rtc/rtc-imx-sc.ko.zst	00000d93	000081a4	000003e8	000003e8	00000001	6a7f656a	00000000	00000030	00000000	00000000	00000000
usr/lib/modules/7.1.5-sp11-render-parity-v4+/kernel/drivers/rtc/rtc-imxdi.ko.zst	00000d92	000081a4	000003e8	000003e8	00000001	6a7f656a	00000000	00000030	00000000	00000000	00000000
usr/lib/modules/7.1.5-sp11-render-parity-v4+/kernel/drivers/rtc/rtc-isl12022.ko.zst	00000d94	000081a4	000003e8	000003e8	00000001	6a7f656a	00000000	00000030	00000000	00000000	00000000
usr/lib/modules/7.1.5-sp11-render-parity-v4+/kernel/drivers/rtc/rtc-isl12026.ko.zst	00000d95	000081a4	000003e8	000003e8	00000001	6a7f656a	00000000	00000030	00000000	00000000	00000000
usr/lib/modules/7.1.5-sp11-render-parity-v4+/kernel/drivers/rtc/rtc-isl1208.ko.zst	00000d96	000081a4	000003e8	000003e8	00000001	6a7f656a	00000000	00000030	00000000	00000000	00000000
usr/lib/modules/7.1.5-sp11-render-parity-v4+/kernel/drivers/rtc/rtc-lp8788.ko.zst	00000d97	000081a4	000003e8	000003e8	00000001	6a7f656a	00000000	00000030	00000000	00000000	00000000
usr/lib/modules/7.1.5-sp11-render-parity-v4+/kernel/drivers/rtc/rtc-m41t80.ko.zst	00000d98	000081a4	000003e8	000003e8	00000001	6a7f656a	00000000	00000030	00000000	00000000	00000000
usr/lib/modules/7.1.5-sp11-render-parity-v4+/kernel/drivers/rtc/rtc-m41t93.ko.zst	00000d99	000081a4	000003e8	000003e8	00000001	6a7f656a	00000000	00000030	00000000	00000000	00000000
usr/lib/modules/7.1.5-sp11-render-parity-v4+/kernel/drivers/rtc/rtc-m41t94.ko.zst	00000d9a	000081a4	000003e8	000003e8	00000001	6a7f656a	00000000	00000030	00000000	00000000	00000000
usr/lib/modules/7.1.5-sp11-render-parity-v4+/kernel/drivers/rtc/rtc-m48t35.ko.zst	00000d9b	000081a4	000003e8	000003e8	00000001	6a7f656a	00000000	00000030	00000000	00000000	00000000
usr/lib/modules/7.1.5-sp11-render-parity-v4+/kernel/drivers/rtc/rtc-m48t59.ko.zst	00000d9c	000081a4	000003e8	000003e8	00000001	6a7f656a	00000000	00000030	00000000	00000000	00000000
usr/lib/modules/7.1.5-sp11-render-parity-v4+/kernel/drivers/rtc/rtc-m48t86.ko.zst	00000d9d	000081a4	000003e8	000003e8	00000001	6a7f656a	00000000	00000030	00000000	00000000	00000000
usr/lib/modules/7.1.5-sp11-render-parity-v4+/kernel/drivers/rtc/rtc-ma35d1.ko.zst	00000d9e	000081a4	000003e8	000003e8	00000001	6a7f656a	00000000	00000030	00000000	00000000	00000000
usr/lib/modules/7.1.5-sp11-render-parity-v4+/kernel/drivers/rtc/rtc-max31335.ko.zst	00000d9f	000081a4	000003e8	000003e8	00000001	6a7f656a	00000000	00000030	00000000	00000000	00000000
usr/lib/modules/7.1.5-sp11-render-parity-v4+/kernel/drivers/rtc/rtc-max6900.ko.zst	00000da0	000081a4	000003e8	000003e8	00000001	6a7f656a	00000000	00000030	00000000	00000000	00000000
usr/lib/modules/7.1.5-sp11-render-parity-v4+/kernel/drivers/rtc/rtc-max6902.ko.zst	00000da1	000081a4	000003e8	000003e8	00000001	6a7f656a	00000000	00000030	00000000	00000000	00000000
usr/lib/modules/7.1.5-sp11-render-parity-v4+/kernel/drivers/rtc/rtc-max6916.ko.zst	00000da2	000081a4	000003e8	000003e8	00000001	6a7f656a	00000000	00000030	00000000	00000000	00000000
usr/lib/modules/7.1.5-sp11-render-parity-v4+/kernel/drivers/rtc/rtc-max77686.ko.zst	00000da3	000081a4	000003e8	000003e8	00000001	6a7f656a	00000000	00000030	00000000	00000000	00000000
usr/lib/modules/7.1.5-sp11-render-parity-v4+/kernel/drivers/rtc/rtc-max8907.ko.zst	00000da4	000081a4	000003e8	000003e8	00000001	6a7f656a	00000000	00000030	00000000	00000000	00000000
usr/lib/modules/7.1.5-sp11-render-parity-v4+/kernel/drivers/rtc/rtc-max8925.ko.zst	00000da5	000081a4	000003e8	000003e8	00000001	6a7f656a	00000000	00000030	00000000	00000000	00000000
usr/lib/modules/7.1.5-sp11-render-parity-v4+/kernel/drivers/rtc/rtc-max8997.ko.zst	00000da6	000081a4	000003e8	000003e8	00000001	6a7f656a	00000000	00000030	00000000	00000000	00000000
usr/lib/modules/7.1.5-sp11-render-parity-v4+/kernel/drivers/rtc/rtc-max8998.ko.zst	00000da7	000081a4	000003e8	000003e8	00000001	6a7f656a	00000000	00000030	00000000	00000000	00000000
usr/lib/modules/7.1.5-sp11-render-parity-v4+/kernel/drivers/rtc/rtc-mc13xxx.ko.zst	00000da8	000081a4	000003e8	000003e8	00000001	6a7f656a	00000000	00000030	00000000	00000000	00000000
usr/lib/modules/7.1.5-sp11-render-parity-v4+/kernel/drivers/rtc/rtc-mcp795.ko.zst	00000da9	000081a4	000003e8	000003e8	00000001	6a7f656a	00000000	00000030	00000000	00000000	00000000
usr/lib/modules/7.1.5-sp11-render-parity-v4+/kernel/drivers/rtc/rtc-meson-vrtc.ko.zst	00000daa	000081a4	000003e8	000003e8	00000001	6a7f656a	00000000	00000030	00000000	00000000	00000000
usr/lib/modules/7.1.5-sp11-render-parity-v4+/kernel/drivers/rtc/rtc-msm6242.ko.zst	00000dab	000081a4	000003e8	000003e8	00000001	6a7f656a	00000000	00000030	00000000	00000000	00000000
usr/lib/modules/7.1.5-sp11-render-parity-v4+/kernel/drivers/rtc/rtc-mt2712.ko.zst	00000dac	000081a4	000003e8	000003e8	00000001	6a7f656a	00000000	00000030	00000000	00000000	00000000
usr/lib/modules/7.1.5-sp11-render-parity-v4+/kernel/drivers/rtc/rtc-mt6397.ko.zst	00000dad	000081a4	000003e8	000003e8	00000001	6a7f656a	00000000	00000030	00000000	00000000	00000000
usr/lib/modules/7.1.5-sp11-render-parity-v4+/kernel/drivers/rtc/rtc-mt7622.ko.zst	00000dae	000081a4	000003e8	000003e8	00000001	6a7f656a	00000000	00000030	00000000	00000000	00000000
usr/lib/modules/7.1.5-sp11-render-parity-v4+/kernel/drivers/rtc/rtc-mxc.ko.zst	00000daf	000081a4	000003e8	000003e8	00000001	6a7f656a	00000000	00000030	00000000	00000000	00000000
usr/lib/modules/7.1.5-sp11-render-parity-v4+/kernel/drivers/rtc/rtc-mxc_v2.ko.zst	00000db0	000081a4	000003e8	000003e8	00000001	6a7f656a	00000000	00000030	00000000	00000000	00000000
usr/lib/modules/7.1.5-sp11-render-parity-v4+/kernel/drivers/rtc/rtc-nct3018y.ko.zst	00000db1	000081a4	000003e8	000003e8	00000001	6a7f656b	00000000	00000030	00000000	00000000	00000000
usr/lib/modules/7.1.5-sp11-render-parity-v4+/kernel/drivers/rtc/rtc-ntxec.ko.zst	00000db2	000081a4	000003e8	000003e8	00000001	6a7f656b	00000000	00000030	00000000	00000000	00000000
usr/lib/modules/7.1.5-sp11-render-parity-v4+/kernel/drivers/rtc/rtc-nvidia-vrs10.ko.zst	00000db3	000081a4	000003e8	000003e8	00000001	6a7f656b	00000000	00000030	00000000	00000000	00000000
usr/lib/modules/7.1.5-sp11-render-parity-v4+/kernel/drivers/rtc/rtc-nxp-bbnsm.ko.zst	00000db4	000081a4	000003e8	000003e8	00000001	6a7f6569	00000000	00000030	00000000	00000000	00000000
usr/lib/modules/7.1.5-sp11-render-parity-v4+/kernel/drivers/rtc/rtc-optee.ko.zst	00000db5	000081a4	000003e8	000003e8	00000001	6a7f656b	00000000	00000030	00000000	00000000	00000000
usr/lib/modules/7.1.5-sp11-render-parity-v4+/kernel/drivers/rtc/rtc-palmas.ko.zst	00000db6	000081a4	000003e8	000003e8	00000001	6a7f656b	00000000	00000030	00000000	00000000	00000000
usr/lib/modules/7.1.5-sp11-render-parity-v4+/kernel/drivers/rtc/rtc-pcap.ko.zst	00000db7	000081a4	000003e8	000003e8	00000001	6a7f656b	00000000	00000030	00000000	00000000	00000000
usr/lib/modules/7.1.5-sp11-render-parity-v4+/kernel/drivers/rtc/rtc-pcf2123.ko.zst	00000db8	000081a4	000003e8	000003e8	00000001	6a7f656b	00000000	00000030	00000000	00000000	00000000
usr/lib/modules/7.1.5-sp11-render-parity-v4+/kernel/drivers/rtc/rtc-pcf2127.ko.zst	00000db9	000081a4	000003e8	000003e8	00000001	6a7f656b	00000000	00000030	00000000	00000000	00000000
usr/lib/modules/7.1.5-sp11-render-parity-v4+/kernel/drivers/rtc/rtc-pcf85063.ko.zst	00000dba	000081a4	000003e8	000003e8	00000001	6a7f656b	00000000	00000030	00000000	00000000	00000000
usr/lib/modules/7.1.5-sp11-render-parity-v4+/kernel/drivers/rtc/rtc-pcf8523.ko.zst	00000dbb	000081a4	000003e8	000003e8	00000001	6a7f656b	00000000	00000030	00000000	00000000	00000000
usr/lib/modules/7.1.5-sp11-render-parity-v4+/kernel/drivers/rtc/rtc-pcf85363.ko.zst	00000dbc	000081a4	000003e8	000003e8	00000001	6a7f656b	00000000	00000030	00000000	00000000	00000000
usr/lib/modules/7.1.5-sp11-render-parity-v4+/kernel/drivers/rtc/rtc-pcf8563.ko.zst	00000dbd	000081a4	000003e8	000003e8	00000001	6a7f656b	00000000	00000030	00000000	00000000	00000000
usr/lib/modules/7.1.5-sp11-render-parity-v4+/kernel/drivers/rtc/rtc-pcf8583.ko.zst	00000dbe	000081a4	000003e8	000003e8	00000001	6a7f656b	00000000	00000030	00000000	00000000	00000000
usr/lib/modules/7.1.5-sp11-render-parity-v4+/kernel/drivers/rtc/rtc-pl030.ko.zst	00000dbf	000081a4	000003e8	000003e8	00000001	6a7f656b	00000000	00000030	00000000	00000000	00000000
usr/lib/modules/7.1.5-sp11-render-parity-v4+/kernel/drivers/rtc/rtc-pl031.ko.zst	00000dc0	000081a4	000003e8	000003e8	00000001	6a7f656b	00000000	00000030	00000000	00000000	00000000
usr/lib/modules/7.1.5-sp11-render-parity-v4+/kernel/drivers/rtc/rtc-pm8xxx.ko.zst	00000dc1	000081a4	000003e8	000003e8	00000001	6a7f656b	00000000	00000030	00000000	00000000	00000000
usr/lib/modules/7.1.5-sp11-render-parity-v4+/kernel/drivers/rtc/rtc-r7301.ko.zst	00000dc2	000081a4	000003e8	000003e8	00000001	6a7f656b	00000000	00000030	00000000	00000000	00000000
usr/lib/modules/7.1.5-sp11-render-parity-v4+/kernel/drivers/rtc/rtc-r9701.ko.zst	00000dc3	000081a4	000003e8	000003e8	00000001	6a7f656b	00000000	00000030	00000000	00000000	00000000
usr/lib/modules/7.1.5-sp11-render-parity-v4+/kernel/drivers/rtc/rtc-rc5t583.ko.zst	00000dc4	000081a4	000003e8	000003e8	00000001	6a7f656b	00000000	00000030	00000000	00000000	00000000
usr/lib/modules/7.1.5-sp11-render-parity-v4+/kernel/drivers/rtc/rtc-rc5t619.ko.zst	00000dc5	000081a4	000003e8	000003e8	00000001	6a7f656b	00000000	00000030	00000000	00000000	00000000
usr/lib/modules/7.1.5-sp11-render-parity-v4+/kernel/drivers/rtc/rtc-renesas-rtca3.ko.zst	00000dc6	000081a4	000003e8	000003e8	00000001	6a7f656b	00000000	00000030	00000000	00000000	00000000
usr/lib/modules/7.1.5-sp11-render-parity-v4+/kernel/drivers/rtc/rtc-rk808.ko.zst	00000dc7	000081a4	000003e8	000003e8	00000001	6a7f656b	00000000	00000030	00000000	00000000	00000000
usr/lib/modules/7.1.5-sp11-render-parity-v4+/kernel/drivers/rtc/rtc-rp5c01.ko.zst	00000dc8	000081a4	000003e8	000003e8	00000001	6a7f656b	00000000	00000030	00000000	00000000	00000000
usr/lib/modules/7.1.5-sp11-render-parity-v4+/kernel/drivers/rtc/rtc-rs5c348.ko.zst	00000dc9	000081a4	000003e8	000003e8	00000001	6a7f656b	00000000	00000030	00000000	00000000	00000000
usr/lib/modules/7.1.5-sp11-render-parity-v4+/kernel/drivers/rtc/rtc-rs5c372.ko.zst	00000dca	000081a4	000003e8	000003e8	00000001	6a7f656b	00000000	00000030	00000000	00000000	00000000
usr/lib/modules/7.1.5-sp11-render-parity-v4+/kernel/drivers/rtc/rtc-rv3028.ko.zst	00000dcb	000081a4	000003e8	000003e8	00000001	6a7f656b	00000000	00000030	00000000	00000000	00000000
usr/lib/modules/7.1.5-sp11-render-parity-v4+/kernel/drivers/rtc/rtc-rv3029c2.ko.zst	00000dcc	000081a4	000003e8	000003e8	00000001	6a7f656b	00000000	00000030	00000000	00000000	00000000
usr/lib/modules/7.1.5-sp11-render-parity-v4+/kernel/drivers/rtc/rtc-rv3032.ko.zst	00000dcd	000081a4	000003e8	000003e8	00000001	6a7f656b	00000000	00000030	00000000	00000000	00000000
usr/lib/modules/7.1.5-sp11-render-parity-v4+/kernel/drivers/rtc/rtc-rv8803.ko.zst	00000dce	000081a4	000003e8	000003e8	00000001	6a7f656b	00000000	00000030	00000000	00000000	00000000
usr/lib/modules/7.1.5-sp11-render-parity-v4+/kernel/drivers/rtc/rtc-rx4581.ko.zst	00000dcf	000081a4	000003e8	000003e8	00000001	6a7f656b	00000000	00000030	00000000	00000000	00000000
usr/lib/modules/7.1.5-sp11-render-parity-v4+/kernel/drivers/rtc/rtc-rx6110.ko.zst	00000dd0	000081a4	000003e8	000003e8	00000001	6a7f656b	00000000	00000030	00000000	00000000	00000000
usr/lib/modules/7.1.5-sp11-render-parity-v4+/kernel/drivers/rtc/rtc-rx8010.ko.zst	00000dd1	000081a4	000003e8	000003e8	00000001	6a7f656b	00000000	00000030	00000000	00000000	00000000
usr/lib/modules/7.1.5-sp11-render-parity-v4+/kernel/drivers/rtc/rtc-rx8025.ko.zst	00000dd2	000081a4	000003e8	000003e8	00000001	6a7f656b	00000000	00000030	00000000	00000000	00000000
usr/lib/modules/7.1.5-sp11-render-parity-v4+/kernel/drivers/rtc/rtc-rx8111.ko.zst	00000dd3	000081a4	000003e8	000003e8	00000001	6a7f656b	00000000	00000030	00000000	00000000	00000000
usr/lib/modules/7.1.5-sp11-render-parity-v4+/kernel/drivers/rtc/rtc-rx8581.ko.zst	00000dd4	000081a4	000003e8	000003e8	00000001	6a7f656b	00000000	00000030	00000000	00000000	00000000
usr/lib/modules/7.1.5-sp11-render-parity-v4+/kernel/drivers/rtc/rtc-s35390a.ko.zst	00000dd5	000081a4	000003e8	000003e8	00000001	6a7f656b	00000000	00000030	00000000	00000000	00000000
usr/lib/modules/7.1.5-sp11-render-parity-v4+/kernel/drivers/rtc/rtc-sc27xx.ko.zst	00000dd6	000081a4	000003e8	000003e8	00000001	6a7f656c	00000000	00000030	00000000	00000000	00000000
usr/lib/modules/7.1.5-sp11-render-parity-v4+/kernel/drivers/rtc/rtc-sd3078.ko.zst	00000dd7	000081a4	000003e8	000003e8	00000001	6a7f656c	00000000	00000030	00000000	00000000	00000000
usr/lib/modules/7.1.5-sp11-render-parity-v4+/kernel/drivers/rtc/rtc-sh.ko.zst	00000dd8	000081a4	000003e8	000003e8	00000001	6a7f656c	00000000	00000030	00000000	00000000	00000000
usr/lib/modules/7.1.5-sp11-render-parity-v4+/kernel/drivers/rtc/rtc-snvs.ko.zst	00000dd9	000081a4	000003e8	000003e8	00000001	6a7f656c	00000000	00000030	00000000	00000000	00000000
usr/lib/modules/7.1.5-sp11-render-parity-v4+/kernel/drivers/rtc/rtc-stk17ta8.ko.zst	00000dda	000081a4	000003e8	000003e8	00000001	6a7f656c	00000000	00000030	00000000	00000000	00000000
usr/lib/modules/7.1.5-sp11-render-parity-v4+/kernel/drivers/rtc/rtc-stm32.ko.zst	00000ddb	000081a4	000003e8	000003e8	00000001	6a7f656c	00000000	00000030	00000000	00000000	00000000
usr/lib/modules/7.1.5-sp11-render-parity-v4+/kernel/drivers/rtc/rtc-tegra.ko.zst	00000ddc	000081a4	000003e8	000003e8	00000001	6a7f656c	00000000	00000030	00000000	00000000	00000000
usr/lib/modules/7.1.5-sp11-render-parity-v4+/kernel/drivers/rtc/rtc-ti-k3.ko.zst	00000ddd	000081a4	000003e8	000003e8	00000001	6a7f656c	00000000	00000030	00000000	00000000	00000000
usr/lib/modules/7.1.5-sp11-render-parity-v4+/kernel/drivers/rtc/rtc-tps6586x.ko.zst	00000dde	000081a4	000003e8	000003e8	00000001	6a7f656c	00000000	00000030	00000000	00000000	00000000
usr/lib/modules/7.1.5-sp11-render-parity-v4+/kernel/drivers/rtc/rtc-tps65910.ko.zst	00000ddf	000081a4	000003e8	000003e8	00000001	6a7f656c	00000000	00000030	00000000	00000000	00000000
usr/lib/modules/7.1.5-sp11-render-parity-v4+/kernel/drivers/rtc/rtc-tps6594.ko.zst	00000de0	000081a4	000003e8	000003e8	00000001	6a7f656c	00000000	00000030	00000000	00000000	00000000
usr/lib/modules/7.1.5-sp11-render-parity-v4+/kernel/drivers/rtc/rtc-twl.ko.zst	00000de1	000081a4	000003e8	000003e8	00000001	6a7f656c	00000000	00000030	00000000	00000000	00000000
usr/lib/modules/7.1.5-sp11-render-parity-v4+/kernel/drivers/rtc/rtc-wm831x.ko.zst	00000de2	000081a4	000003e8	000003e8	00000001	6a7f656c	00000000	00000030	00000000	00000000	00000000
usr/lib/modules/7.1.5-sp11-render-parity-v4+/kernel/drivers/rtc/rtc-wm8350.ko.zst	00000de3	000081a4	000003e8	000003e8	00000001	6a7f656c	00000000	00000030	00000000	00000000	00000000
usr/lib/modules/7.1.5-sp11-render-parity-v4+/kernel/drivers/rtc/rtc-x1205.ko.zst	00000de4	000081a4	000003e8	000003e8	00000001	6a7f656c	00000000	00000030	00000000	00000000	00000000
usr/lib/modules/7.1.5-sp11-render-parity-v4+/kernel/drivers/rtc/rtc-zynqmp.ko.zst	00000de5	000081a4	000003e8	000003e8	00000001	6a7f656c	00000000	00000030	00000000	00000000	00000000
usr/lib/modules/7.1.5-sp11-render-parity-v4+/kernel/drivers/scsi	00000de6	000041ed	000003e8	000003e8	00000020	6a8eba6d	00000000	00000030	00000000	00000000	00000000
usr/lib/modules/7.1.5-sp11-render-parity-v4+/kernel/drivers/scsi/3w-9xxx.ko.zst	00000de7	000081a4	000003e8	000003e8	00000001	6a7f653f	00000000	00000030	00000000	00000000	00000000
usr/lib/modules/7.1.5-sp11-render-parity-v4+/kernel/drivers/scsi/3w-sas.ko.zst	00000de8	000081a4	000003e8	000003e8	00000001	6a7f653f	00000000	00000030	00000000	00000000	00000000
usr/lib/modules/7.1.5-sp11-render-parity-v4+/kernel/drivers/scsi/3w-xxxx.ko.zst	00000de9	000081a4	000003e8	000003e8	00000001	6a7f653f	00000000	00000030	00000000	00000000	00000000
usr/lib/modules/7.1.5-sp11-render-parity-v4+/kernel/drivers/scsi/BusLogic.ko.zst	00000dff	000081a4	000003e8	000003e8	00000001	6a7f653e	00000000	00000030	00000000	00000000	00000000
usr/lib/modules/7.1.5-sp11-render-parity-v4+/kernel/drivers/scsi/a100u2w.ko.zst	00000dea	000081a4	000003e8	000003e8	00000001	6a7f653f	00000000	00000030	00000000	00000000	00000000
usr/lib/modules/7.1.5-sp11-render-parity-v4+/kernel/drivers/scsi/aacraid	00000deb	000041ed	000003e8	000003e8	00000002	6a8eba6d	00000000	00000030	00000000	00000000	00000000
usr/lib/modules/7.1.5-sp11-render-parity-v4+/kernel/drivers/scsi/aacraid/aacraid.ko.zst	00000dec	000081a4	000003e8	000003e8	00000001	6a7f653e	00000000	00000030	00000000	00000000	00000000
usr/lib/modules/7.1.5-sp11-render-parity-v4+/kernel/drivers/scsi/advansys.ko.zst	00000ded	000081a4	000003e8	000003e8	00000001	6a7f653e	00000000	00000030	00000000	00000000	00000000
usr/lib/modules/7.1.5-sp11-render-parity-v4+/kernel/drivers/scsi/aic7xxx	00000dee	000041ed	000003e8	000003e8	00000002	6a8eba6d	00000000	00000030	00000000	00000000	00000000
usr/lib/modules/7.1.5-sp11-render-parity-v4+/kernel/drivers/scsi/aic7xxx/aic79xx.ko.zst	00000def	000081a4	000003e8	000003e8	00000001	6a7f653e	00000000	00000030	00000000	00000000	00000000
usr/lib/modules/7.1.5-sp11-render-parity-v4+/kernel/drivers/scsi/aic7xxx/aic7xxx.ko.zst	00000df0	000081a4	000003e8	000003e8	00000001	6a7f653e	00000000	00000030	00000000	00000000	00000000
usr/lib/modules/7.1.5-sp11-render-parity-v4+/kernel/drivers/scsi/aic94xx	00000df1	000041ed	000003e8	000003e8	00000002	6a8eba6d	00000000	00000030	00000000	00000000	00000000
usr/lib/modules/7.1.5-sp11-render-parity-v4+/kernel/drivers/scsi/aic94xx/aic94xx.ko.zst	00000df2	000081a4	000003e8	000003e8	00000001	6a7f653e	00000000	00000030	00000000	00000000	00000000
usr/lib/modules/7.1.5-sp11-render-parity-v4+/kernel/drivers/scsi/am53c974.ko.zst	00000df3	000081a4	000003e8	000003e8	00000001	6a7f653f	00000000	00000030	00000000	00000000	00000000
usr/lib/modules/7.1.5-sp11-render-parity-v4+/kernel/drivers/scsi/arcmsr	00000df4	000041ed	000003e8	000003e8	00000002	6a8eba6d	00000000	00000030	00000000	00000000	00000000
usr/lib/modules/7.1.5-sp11-render-parity-v4+/kernel/drivers/scsi/arcmsr/arcmsr.ko.zst	00000df5	000081a4	000003e8	000003e8	00000001	6a7f653e	00000000	00000030	00000000	00000000	00000000
usr/lib/modules/7.1.5-sp11-render-parity-v4+/kernel/drivers/scsi/atp870u.ko.zst	00000df6	000081a4	000003e8	000003e8	00000001	6a7f653f	00000000	00000030	00000000	00000000	00000000
usr/lib/modules/7.1.5-sp11-render-parity-v4+/kernel/drivers/scsi/be2iscsi	00000df7	000041ed	000003e8	000003e8	00000002	6a8eba6d	00000000	00000030	00000000	00000000	00000000
usr/lib/modules/7.1.5-sp11-render-parity-v4+/kernel/drivers/scsi/be2iscsi/be2iscsi.ko.zst	00000df8	000081a4	000003e8	000003e8	00000001	6a7f653f	00000000	00000030	00000000	00000000	00000000
usr/lib/modules/7.1.5-sp11-render-parity-v4+/kernel/drivers/scsi/bfa	00000df9	000041ed	000003e8	000003e8	00000002	6a8eba6d	00000000	00000030	00000000	00000000	00000000
usr/lib/modules/7.1.5-sp11-render-parity-v4+/kernel/drivers/scsi/bfa/bfa.ko.zst	00000dfa	000081a4	000003e8	000003e8	00000001	6a7f653f	00000000	00000030	00000000	00000000	00000000
usr/lib/modules/7.1.5-sp11-render-parity-v4+/kernel/drivers/scsi/bnx2fc	00000dfb	000041ed	000003e8	000003e8	00000002	6a8eba6d	00000000	00000030	00000000	00000000	00000000
usr/lib/modules/7.1.5-sp11-render-parity-v4+/kernel/drivers/scsi/bnx2fc/bnx2fc.ko.zst	00000dfc	000081a4	000003e8	000003e8	00000001	6a7f653e	00000000	00000030	00000000	00000000	00000000
usr/lib/modules/7.1.5-sp11-render-parity-v4+/kernel/drivers/scsi/bnx2i	00000dfd	000041ed	000003e8	000003e8	00000002	6a8eba6d	00000000	00000030	00000000	00000000	00000000
usr/lib/modules/7.1.5-sp11-render-parity-v4+/kernel/drivers/scsi/bnx2i/bnx2i.ko.zst	00000dfe	000081a4	000003e8	000003e8	00000001	6a7f653f	00000000	00000030	00000000	00000000	00000000
usr/lib/modules/7.1.5-sp11-render-parity-v4+/kernel/drivers/scsi/csiostor	00000e00	000041ed	000003e8	000003e8	00000002	6a8eba6d	00000000	00000030	00000000	00000000	00000000
usr/lib/modules/7.1.5-sp11-render-parity-v4+/kernel/drivers/scsi/csiostor/csiostor.ko.zst	00000e01	000081a4	000003e8	000003e8	00000001	6a7f653f	00000000	00000030	00000000	00000000	00000000
usr/lib/modules/7.1.5-sp11-render-parity-v4+/kernel/drivers/scsi/cxgbi	00000e02	000041ed	000003e8	000003e8	00000004	6a8eba6d	00000000	00000030	00000000	00000000	00000000
usr/lib/modules/7.1.5-sp11-render-parity-v4+/kernel/drivers/scsi/cxgbi/cxgb3i	00000e03	000041ed	000003e8	000003e8	00000002	6a8eba6d	00000000	00000030	00000000	00000000	00000000
usr/lib/modules/7.1.5-sp11-render-parity-v4+/kernel/drivers/scsi/cxgbi/cxgb3i/cxgb3i.ko.zst	00000e04	000081a4	000003e8	000003e8	00000001	6a7f653f	00000000	00000030	00000000	00000000	00000000
usr/lib/modules/7.1.5-sp11-render-parity-v4+/kernel/drivers/scsi/cxgbi/cxgb4i	00000e05	000041ed	000003e8	000003e8	00000002	6a8eba6d	00000000	00000030	00000000	00000000	00000000
usr/lib/modules/7.1.5-sp11-render-parity-v4+/kernel/drivers/scsi/cxgbi/cxgb4i/cxgb4i.ko.zst	00000e06	000081a4	000003e8	000003e8	00000001	6a7f653f	00000000	00000030	00000000	00000000	00000000
usr/lib/modules/7.1.5-sp11-render-parity-v4+/kernel/drivers/scsi/cxgbi/libcxgbi.ko.zst	00000e07	000081a4	000003e8	000003e8	00000001	6a7f653f	00000000	00000030	00000000	00000000	00000000
usr/lib/modules/7.1.5-sp11-render-parity-v4+/kernel/drivers/scsi/dc395x.ko.zst	00000e08	000081a4	000003e8	000003e8	00000001	6a7f653f	00000000	00000030	00000000	00000000	00000000
usr/lib/modules/7.1.5-sp11-render-parity-v4+/kernel/drivers/scsi/device_handler	00000e09	000041ed	000003e8	000003e8	00000002	6a8eba6d	00000000	00000030	00000000	00000000	00000000
usr/lib/modules/7.1.5-sp11-render-parity-v4+/kernel/drivers/scsi/device_handler/scsi_dh_alua.ko.zst	00000e0a	000081a4	000003e8	000003e8	00000001	6a7f653d	00000000	00000030	00000000	00000000	00000000
usr/lib/modules/7.1.5-sp11-render-parity-v4+/kernel/drivers/scsi/device_handler/scsi_dh_emc.ko.zst	00000e0b	000081a4	000003e8	000003e8	00000001	6a7f653d	00000000	00000030	00000000	00000000	00000000
usr/lib/modules/7.1.5-sp11-render-parity-v4+/kernel/drivers/scsi/device_handler/scsi_dh_rdac.ko.zst	00000e0c	000081a4	000003e8	000003e8	00000001	6a7f653d	00000000	00000030	00000000	00000000	00000000
usr/lib/modules/7.1.5-sp11-render-parity-v4+/kernel/drivers/scsi/dmx3191d.ko.zst	00000e0d	000081a4	000003e8	000003e8	00000001	6a7f653f	00000000	00000030	00000000	00000000	00000000
usr/lib/modules/7.1.5-sp11-render-parity-v4+/kernel/drivers/scsi/elx	00000e0e	000041ed	000003e8	000003e8	00000002	6a8eba6d	00000000	00000030	00000000	00000000	00000000
usr/lib/modules/7.1.5-sp11-render-parity-v4+/kernel/drivers/scsi/elx/efct.ko.zst	00000e0f	000081a4	000003e8	000003e8	00000001	6a7f653f	00000000	00000030	00000000	00000000	00000000
usr/lib/modules/7.1.5-sp11-render-parity-v4+/kernel/drivers/scsi/esas2r	00000e10	000041ed	000003e8	000003e8	00000002	6a8eba6d	00000000	00000030	00000000	00000000	00000000
usr/lib/modules/7.1.5-sp11-render-parity-v4+/kernel/drivers/scsi/esas2r/esas2r.ko.zst	00000e11	000081a4	000003e8	000003e8	00000001	6a7f6540	00000000	00000030	00000000	00000000	00000000
usr/lib/modules/7.1.5-sp11-render-parity-v4+/kernel/drivers/scsi/esp_scsi.ko.zst	00000e12	000081a4	000003e8	000003e8	00000001	6a7f653f	00000000	00000030	00000000	00000000	00000000
usr/lib/modules/7.1.5-sp11-render-parity-v4+/kernel/drivers/scsi/fcoe	00000e13	000041ed	000003e8	000003e8	00000002	6a8eba6d	00000000	00000030	00000000	00000000	00000000
usr/lib/modules/7.1.5-sp11-render-parity-v4+/kernel/drivers/scsi/fcoe/fcoe.ko.zst	00000e14	000081a4	000003e8	000003e8	00000001	6a7f653e	00000000	00000030	00000000	00000000	00000000
usr/lib/modules/7.1.5-sp11-render-parity-v4+/kernel/drivers/scsi/fcoe/libfcoe.ko.zst	00000e15	000081a4	000003e8	000003e8	00000001	6a7f653e	00000000	00000030	00000000	00000000	00000000
usr/lib/modules/7.1.5-sp11-render-parity-v4+/kernel/drivers/scsi/fdomain.ko.zst	00000e16	000081a4	000003e8	000003e8	00000001	6a7f653e	00000000	00000030	00000000	00000000	00000000
usr/lib/modules/7.1.5-sp11-render-parity-v4+/kernel/drivers/scsi/hisi_sas	00000e17	000041ed	000003e8	000003e8	00000002	6a8eba6d	00000000	00000030	00000000	00000000	00000000
usr/lib/modules/7.1.5-sp11-render-parity-v4+/kernel/drivers/scsi/hisi_sas/hisi_sas_main.ko.zst	00000e18	000081a4	000003e8	000003e8	00000001	6a7f6540	00000000	00000030	00000000	00000000	00000000
usr/lib/modules/7.1.5-sp11-render-parity-v4+/kernel/drivers/scsi/hisi_sas/hisi_sas_v3_hw.ko.zst	00000e19	000081a4	000003e8	000003e8	00000001	6a7f6540	00000000	00000030	00000000	00000000	00000000
usr/lib/modules/7.1.5-sp11-render-parity-v4+/kernel/drivers/scsi/hpsa.ko.zst	00000e1a	000081a4	000003e8	000003e8	00000001	6a7f653f	00000000	00000030	00000000	00000000	00000000
usr/lib/modules/7.1.5-sp11-render-parity-v4+/kernel/drivers/scsi/hptiop.ko.zst	00000e1b	000081a4	000003e8	000003e8	00000001	6a7f653f	00000000	00000030	00000000	00000000	00000000
usr/lib/modules/7.1.5-sp11-render-parity-v4+/kernel/drivers/scsi/imm.ko.zst	00000e1c	000081a4	000003e8	000003e8	00000001	6a7f653f	00000000	00000030	00000000	00000000	00000000
usr/lib/modules/7.1.5-sp11-render-parity-v4+/kernel/drivers/scsi/initio.ko.zst	00000e1d	000081a4	000003e8	000003e8	00000001	6a7f653f	00000000	00000030	00000000	00000000	00000000
usr/lib/modules/7.1.5-sp11-render-parity-v4+/kernel/drivers/scsi/ipr.ko.zst	00000e1e	000081a4	000003e8	000003e8	00000001	6a7f653f	00000000	00000030	00000000	00000000	00000000
usr/lib/modules/7.1.5-sp11-render-parity-v4+/kernel/drivers/scsi/ips.ko.zst	00000e1f	000081a4	000003e8	000003e8	00000001	6a7f653e	00000000	00000030	00000000	00000000	00000000
usr/lib/modules/7.1.5-sp11-render-parity-v4+/kernel/drivers/scsi/iscsi_boot_sysfs.ko.zst	00000e20	000081a4	000003e8	000003e8	00000001	6a7f653e	00000000	00000030	00000000	00000000	00000000
usr/lib/modules/7.1.5-sp11-render-parity-v4+/kernel/drivers/scsi/iscsi_tcp.ko.zst	00000e21	000081a4	000003e8	000003e8	00000001	6a7f653e	00000000	00000030	00000000	00000000	00000000
usr/lib/modules/7.1.5-sp11-render-parity-v4+/kernel/drivers/scsi/libfc	00000e22	000041ed	000003e8	000003e8	00000002	6a8eba6d	00000000	00000030	00000000	00000000	00000000
usr/lib/modules/7.1.5-sp11-render-parity-v4+/kernel/drivers/scsi/libfc/libfc.ko.zst	00000e23	000081a4	000003e8	000003e8	00000001	6a7f653e	00000000	00000030	00000000	00000000	00000000
usr/lib/modules/7.1.5-sp11-render-parity-v4+/kernel/drivers/scsi/libiscsi.ko.zst	00000e24	000081a4	000003e8	000003e8	00000001	6a7f653e	00000000	00000030	00000000	00000000	00000000
usr/lib/modules/7.1.5-sp11-render-parity-v4+/kernel/drivers/scsi/libiscsi_tcp.ko.zst	00000e25	000081a4	000003e8	000003e8	00000001	6a7f653e	00000000	00000030	00000000	00000000	00000000
usr/lib/modules/7.1.5-sp11-render-parity-v4+/kernel/drivers/scsi/libsas	00000e26	000041ed	000003e8	000003e8	00000002	6a8eba6d	00000000	00000030	00000000	00000000	00000000
usr/lib/modules/7.1.5-sp11-render-parity-v4+/kernel/drivers/scsi/libsas/libsas.ko.zst	00000e27	000081a4	000003e8	000003e8	00000001	6a7f653e	00000000	00000030	00000000	00000000	00000000
usr/lib/modules/7.1.5-sp11-render-parity-v4+/kernel/drivers/scsi/lpfc	00000e28	000041ed	000003e8	000003e8	00000002	6a8eba6d	00000000	00000030	00000000	00000000	00000000
usr/lib/modules/7.1.5-sp11-render-parity-v4+/kernel/drivers/scsi/lpfc/lpfc.ko.zst	00000e29	000081a4	000003e8	000003e8	00000001	6a7f653e	00000000	00000030	00000000	00000000	00000000
usr/lib/modules/7.1.5-sp11-render-parity-v4+/kernel/drivers/scsi/megaraid	00000e2a	000041ed	000003e8	000003e8	00000002	6a8eba6d	00000000	00000030	00000000	00000000	00000000
usr/lib/modules/7.1.5-sp11-render-parity-v4+/kernel/drivers/scsi/megaraid.ko.zst	00000e2b	000081a4	000003e8	000003e8	00000001	6a7f653f	00000000	00000030	00000000	00000000	00000000
usr/lib/modules/7.1.5-sp11-render-parity-v4+/kernel/drivers/scsi/megaraid/megaraid_mbox.ko.zst	00000e2c	000081a4	000003e8	000003e8	00000001	6a7f653d	00000000	00000030	00000000	00000000	00000000
usr/lib/modules/7.1.5-sp11-render-parity-v4+/kernel/drivers/scsi/megaraid/megaraid_mm.ko.zst	00000e2d	000081a4	000003e8	000003e8	00000001	6a7f653d	00000000	00000030	00000000	00000000	00000000
usr/lib/modules/7.1.5-sp11-render-parity-v4+/kernel/drivers/scsi/megaraid/megaraid_sas.ko.zst	00000e2e	000081a4	000003e8	000003e8	00000001	6a7f653d	00000000	00000030	00000000	00000000	00000000
usr/lib/modules/7.1.5-sp11-render-parity-v4+/kernel/drivers/scsi/mpi3mr	00000e2f	000041ed	000003e8	000003e8	00000002	6a8eba6d	00000000	00000030	00000000	00000000	00000000
usr/lib/modules/7.1.5-sp11-render-parity-v4+/kernel/drivers/scsi/mpi3mr/mpi3mr.ko.zst	00000e30	000081a4	000003e8	000003e8	00000001	6a7f653f	00000000	00000030	00000000	00000000	00000000
usr/lib/modules/7.1.5-sp11-render-parity-v4+/kernel/drivers/scsi/mpt3sas	00000e31	000041ed	000003e8	000003e8	00000002	6a8eba6d	00000000	00000030	00000000	00000000	00000000
usr/lib/modules/7.1.5-sp11-render-parity-v4+/kernel/drivers/scsi/mpt3sas/mpt3sas.ko.zst	00000e32	000081a4	000003e8	000003e8	00000001	6a7f653f	00000000	00000030	00000000	00000000	00000000
usr/lib/modules/7.1.5-sp11-render-parity-v4+/kernel/drivers/scsi/mvsas	00000e33	000041ed	000003e8	000003e8	00000002	6a8eba6d	00000000	00000030	00000000	00000000	00000000
usr/lib/modules/7.1.5-sp11-render-parity-v4+/kernel/drivers/scsi/mvsas/mvsas.ko.zst	00000e34	000081a4	000003e8	000003e8	00000001	6a7f653f	00000000	00000030	00000000	00000000	00000000
usr/lib/modules/7.1.5-sp11-render-parity-v4+/kernel/drivers/scsi/mvumi.ko.zst	00000e35	000081a4	000003e8	000003e8	00000001	6a7f653f	00000000	00000030	00000000	00000000	00000000
usr/lib/modules/7.1.5-sp11-render-parity-v4+/kernel/drivers/scsi/myrb.ko.zst	00000e36	000081a4	000003e8	000003e8	00000001	6a7f653f	00000000	00000030	00000000	00000000	00000000
usr/lib/modules/7.1.5-sp11-render-parity-v4+/kernel/drivers/scsi/myrs.ko.zst	00000e37	000081a4	000003e8	000003e8	00000001	6a7f653f	00000000	00000030	00000000	00000000	00000000
usr/lib/modules/7.1.5-sp11-render-parity-v4+/kernel/drivers/scsi/pm8001	00000e38	000041ed	000003e8	000003e8	00000002	6a8eba6d	00000000	00000030	00000000	00000000	00000000
usr/lib/modules/7.1.5-sp11-render-parity-v4+/kernel/drivers/scsi/pm8001/pm80xx.ko.zst	00000e39	000081a4	000003e8	000003e8	00000001	6a7f653e	00000000	00000030	00000000	00000000	00000000
usr/lib/modules/7.1.5-sp11-render-parity-v4+/kernel/drivers/scsi/pmcraid.ko.zst	00000e3a	000081a4	000003e8	000003e8	00000001	6a7f6540	00000000	00000030	00000000	00000000	00000000
usr/lib/modules/7.1.5-sp11-render-parity-v4+/kernel/drivers/scsi/ppa.ko.zst	00000e3b	000081a4	000003e8	000003e8	00000001	6a7f653f	00000000	00000030	00000000	00000000	00000000
usr/lib/modules/7.1.5-sp11-render-parity-v4+/kernel/drivers/scsi/qedf	00000e3c	000041ed	000003e8	000003e8	00000002	6a8eba6d	00000000	00000030	00000000	00000000	00000000
usr/lib/modules/7.1.5-sp11-render-parity-v4+/kernel/drivers/scsi/qedf/qedf.ko.zst	00000e3d	000081a4	000003e8	000003e8	00000001	6a7f653e	00000000	00000030	00000000	00000000	00000000
usr/lib/modules/7.1.5-sp11-render-parity-v4+/kernel/drivers/scsi/qedi	00000e3e	000041ed	000003e8	000003e8	00000002	6a8eba6d	00000000	00000030	00000000	00000000	00000000
usr/lib/modules/7.1.5-sp11-render-parity-v4+/kernel/drivers/scsi/qedi/qedi.ko.zst	00000e3f	000081a4	000003e8	000003e8	00000001	6a7f653f	00000000	00000030	00000000	00000000	00000000
usr/lib/modules/7.1.5-sp11-render-parity-v4+/kernel/drivers/scsi/qla1280.ko.zst	00000e40	000081a4	000003e8	000003e8	00000001	6a7f653e	00000000	00000030	00000000	00000000	00000000
usr/lib/modules/7.1.5-sp11-render-parity-v4+/kernel/drivers/scsi/qla2xxx	00000e41	000041ed	000003e8	000003e8	00000002	6a8eba6d	00000000	00000030	00000000	00000000	00000000
usr/lib/modules/7.1.5-sp11-render-parity-v4+/kernel/drivers/scsi/qla2xxx/qla2xxx.ko.zst	00000e42	000081a4	000003e8	000003e8	00000001	6a7f653e	00000000	00000030	00000000	00000000	00000000
usr/lib/modules/7.1.5-sp11-render-parity-v4+/kernel/drivers/scsi/qla4xxx	00000e43	000041ed	000003e8	000003e8	00000002	6a8eba6d	00000000	00000030	00000000	00000000	00000000
usr/lib/modules/7.1.5-sp11-render-parity-v4+/kernel/drivers/scsi/qla4xxx/qla4xxx.ko.zst	00000e44	000081a4	000003e8	000003e8	00000001	6a7f653e	00000000	00000030	00000000	00000000	00000000
usr/lib/modules/7.1.5-sp11-render-parity-v4+/kernel/drivers/scsi/raid_class.ko.zst	00000e45	000081a4	000003e8	000003e8	00000001	6a7f653e	00000000	00000030	00000000	00000000	00000000
usr/lib/modules/7.1.5-sp11-render-parity-v4+/kernel/drivers/scsi/scsi_debug.ko.zst	00000e46	000081a4	000003e8	000003e8	00000001	6a7f6540	00000000	00000030	00000000	00000000	00000000
usr/lib/modules/7.1.5-sp11-render-parity-v4+/kernel/drivers/scsi/scsi_transport_fc.ko.zst	00000e47	000081a4	000003e8	000003e8	00000001	6a7f653e	00000000	00000030	00000000	00000000	00000000
usr/lib/modules/7.1.5-sp11-render-parity-v4+/kernel/drivers/scsi/scsi_transport_iscsi.ko.zst	00000e48	000081a4	000003e8	000003e8	00000001	6a7f653e	00000000	00000030	00000000	00000000	00000000
usr/lib/modules/7.1.5-sp11-render-parity-v4+/kernel/drivers/scsi/scsi_transport_sas.ko.zst	00000e49	000081a4	000003e8	000003e8	00000001	6a7f653e	00000000	00000030	00000000	00000000	00000000
usr/lib/modules/7.1.5-sp11-render-parity-v4+/kernel/drivers/scsi/scsi_transport_spi.ko.zst	00000e4a	000081a4	000003e8	000003e8	00000001	6a7f653e	00000000	00000030	00000000	00000000	00000000
usr/lib/modules/7.1.5-sp11-render-parity-v4+/kernel/drivers/scsi/scsi_transport_srp.ko.zst	00000e4b	000081a4	000003e8	000003e8	00000001	6a7f653e	00000000	00000030	00000000	00000000	00000000
usr/lib/modules/7.1.5-sp11-render-parity-v4+/kernel/drivers/scsi/smartpqi	00000e4c	000041ed	000003e8	000003e8	00000002	6a8eba6d	00000000	00000030	00000000	00000000	00000000
usr/lib/modules/7.1.5-sp11-render-parity-v4+/kernel/drivers/scsi/smartpqi/smartpqi.ko.zst	00000e4d	000081a4	000003e8	000003e8	00000001	6a7f653f	00000000	00000030	00000000	00000000	00000000
usr/lib/modules/7.1.5-sp11-render-parity-v4+/kernel/drivers/scsi/snic	00000e4e	000041ed	000003e8	000003e8	00000002	6a8eba6d	00000000	00000030	00000000	00000000	00000000
usr/lib/modules/7.1.5-sp11-render-parity-v4+/kernel/drivers/scsi/snic/snic.ko.zst	00000e4f	000081a4	000003e8	000003e8	00000001	6a7f653e	00000000	00000030	00000000	00000000	00000000
usr/lib/modules/7.1.5-sp11-render-parity-v4+/kernel/drivers/scsi/stex.ko.zst	00000e50	000081a4	000003e8	000003e8	00000001	6a7f653f	00000000	00000030	00000000	00000000	00000000
usr/lib/modules/7.1.5-sp11-render-parity-v4+/kernel/drivers/scsi/sym53c8xx_2	00000e51	000041ed	000003e8	000003e8	00000002	6a8eba6d	00000000	00000030	00000000	00000000	00000000
usr/lib/modules/7.1.5-sp11-render-parity-v4+/kernel/drivers/scsi/sym53c8xx_2/sym53c8xx.ko.zst	00000e52	000081a4	000003e8	000003e8	00000001	6a7f653f	00000000	00000030	00000000	00000000	00000000
usr/lib/modules/7.1.5-sp11-render-parity-v4+/kernel/drivers/scsi/wd719x.ko.zst	00000e53	000081a4	000003e8	000003e8	00000001	6a7f6540	00000000	00000030	00000000	00000000	00000000
usr/lib/modules/7.1.5-sp11-render-parity-v4+/kernel/drivers/scsi/xen-scsifront.ko.zst	00000e54	000081a4	000003e8	000003e8	00000001	6a7f6540	00000000	00000030	00000000	00000000	00000000
usr/lib/modules/7.1.5-sp11-render-parity-v4+/kernel/drivers/siox	00000e55	000041ed	000003e8	000003e8	00000002	6a8eba6d	00000000	00000030	00000000	00000000	00000000
usr/lib/modules/7.1.5-sp11-render-parity-v4+/kernel/drivers/siox/siox-core.ko.zst	00000e56	000081a4	000003e8	000003e8	00000001	6a7f65bd	00000000	00000030	00000000	00000000	00000000
usr/lib/modules/7.1.5-sp11-render-parity-v4+/kernel/drivers/slimbus	00000e57	000041ed	000003e8	000003e8	00000002	6a8eba6d	00000000	00000030	00000000	00000000	00000000
usr/lib/modules/7.1.5-sp11-render-parity-v4+/kernel/drivers/slimbus/slimbus.ko.zst	00000e58	000081a4	000003e8	000003e8	00000001	6a7f65a6	00000000	00000030	00000000	00000000	00000000
usr/lib/modules/7.1.5-sp11-render-parity-v4+/kernel/drivers/soc	00000e59	000041ed	000003e8	000003e8	0000000d	6a8eba6d	00000000	00000030	00000000	00000000	00000000
usr/lib/modules/7.1.5-sp11-render-parity-v4+/kernel/drivers/soc/amlogic	00000e5a	000041ed	000003e8	000003e8	00000002	6a8eba6d	00000000	00000030	00000000	00000000	00000000
usr/lib/modules/7.1.5-sp11-render-parity-v4+/kernel/drivers/soc/amlogic/meson-canvas.ko.zst	00000e5b	000081a4	000003e8	000003e8	00000001	6a7f6526	00000000	00000030	00000000	00000000	00000000
usr/lib/modules/7.1.5-sp11-render-parity-v4+/kernel/drivers/soc/apple	00000e5c	000041ed	000003e8	000003e8	00000002	6a8eba6d	00000000	00000030	00000000	00000000	00000000
usr/lib/modules/7.1.5-sp11-render-parity-v4+/kernel/drivers/soc/apple/apple-mailbox.ko.zst	00000e5d	000081a4	000003e8	000003e8	00000001	6a7f6525	00000000	00000030	00000000	00000000	00000000
usr/lib/modules/7.1.5-sp11-render-parity-v4+/kernel/drivers/soc/apple/apple-rtkit.ko.zst	00000e5e	000081a4	000003e8	000003e8	00000001	6a7f6525	00000000	00000030	00000000	00000000	00000000
usr/lib/modules/7.1.5-sp11-render-parity-v4+/kernel/drivers/soc/apple/apple-sart.ko.zst	00000e5f	000081a4	000003e8	000003e8	00000001	6a7f6525	00000000	00000030	00000000	00000000	00000000
usr/lib/modules/7.1.5-sp11-render-parity-v4+/kernel/drivers/soc/fsl	00000e60	000041ed	000003e8	000003e8	00000004	6a8eba6d	00000000	00000030	00000000	00000000	00000000
usr/lib/modules/7.1.5-sp11-render-parity-v4+/kernel/drivers/soc/fsl/dpaa2-console.ko.zst	00000e61	000081a4	000003e8	000003e8	00000001	6a7f6525	00000000	00000030	00000000	00000000	00000000
usr/lib/modules/7.1.5-sp11-render-parity-v4+/kernel/drivers/soc/fsl/dpio	00000e62	000041ed	000003e8	000003e8	00000002	6a8eba6d	00000000	00000030	00000000	00000000	00000000
usr/lib/modules/7.1.5-sp11-render-parity-v4+/kernel/drivers/soc/fsl/dpio/fsl-mc-dpio.ko.zst	00000e63	000081a4	000003e8	000003e8	00000001	6a7f6525	00000000	00000030	00000000	00000000	00000000
usr/lib/modules/7.1.5-sp11-render-parity-v4+/kernel/drivers/soc/fsl/qbman	00000e64	000041ed	000003e8	000003e8	00000002	6a8eba6d	00000000	00000030	00000000	00000000	00000000
usr/lib/modules/7.1.5-sp11-render-parity-v4+/kernel/drivers/soc/fsl/qbman/bman-test.ko.zst	00000e65	000081a4	000003e8	000003e8	00000001	6a7f6525	00000000	00000030	00000000	00000000	00000000
usr/lib/modules/7.1.5-sp11-render-parity-v4+/kernel/drivers/soc/hisilicon	00000e66	000041ed	000003e8	000003e8	00000002	6a8eba6d	00000000	00000030	00000000	00000000	00000000
usr/lib/modules/7.1.5-sp11-render-parity-v4+/kernel/drivers/soc/hisilicon/kunpeng_hccs.ko.zst	00000e67	000081a4	000003e8	000003e8	00000001	6a7f6525	00000000	00000030	00000000	00000000	00000000
usr/lib/modules/7.1.5-sp11-render-parity-v4+/kernel/drivers/soc/imx	00000e68	000041ed	000003e8	000003e8	00000002	6a8eba6d	00000000	00000030	00000000	00000000	00000000
usr/lib/modules/7.1.5-sp11-render-parity-v4+/kernel/drivers/soc/imx/imx93-src.ko.zst	00000e69	000081a4	000003e8	000003e8	00000001	6a7f6525	00000000	00000030	00000000	00000000	00000000
usr/lib/modules/7.1.5-sp11-render-parity-v4+/kernel/drivers/soc/imx/soc-imx9.ko.zst	00000e6a	000081a4	000003e8	000003e8	00000001	6a7f6525	00000000	00000030	00000000	00000000	00000000
usr/lib/modules/7.1.5-sp11-render-parity-v4+/kernel/drivers/soc/litex	00000e6b	000041ed	000003e8	000003e8	00000002	6a8eba6d	00000000	00000030	00000000	00000000	00000000
usr/lib/modules/7.1.5-sp11-render-parity-v4+/kernel/drivers/soc/litex/litex_soc_ctrl.ko.zst	00000e6c	000081a4	000003e8	000003e8	00000001	6a7f6526	00000000	00000030	00000000	00000000	00000000
usr/lib/modules/7.1.5-sp11-render-parity-v4+/kernel/drivers/soc/mediatek	00000e6d	000041ed	000003e8	000003e8	00000002	6a8eba6d	00000000	00000030	00000000	00000000	00000000
usr/lib/modules/7.1.5-sp11-render-parity-v4+/kernel/drivers/soc/mediatek/mtk-cmdq-helper.ko.zst	00000e6e	000081a4	000003e8	000003e8	00000001	6a7f6525	00000000	00000030	00000000	00000000	00000000
usr/lib/modules/7.1.5-sp11-render-parity-v4+/kernel/drivers/soc/mediatek/mtk-devapc.ko.zst	00000e6f	000081a4	000003e8	000003e8	00000001	6a7f6525	00000000	00000030	00000000	00000000	00000000
usr/lib/modules/7.1.5-sp11-render-parity-v4+/kernel/drivers/soc/mediatek/mtk-dvfsrc.ko.zst	00000e70	000081a4	000003e8	000003e8	00000001	6a7f6525	00000000	00000030	00000000	00000000	00000000
usr/lib/modules/7.1.5-sp11-render-parity-v4+/kernel/drivers/soc/mediatek/mtk-mmsys.ko.zst	00000e71	000081a4	000003e8	000003e8	00000001	6a7f6525	00000000	00000030	00000000	00000000	00000000
usr/lib/modules/7.1.5-sp11-render-parity-v4+/kernel/drivers/soc/mediatek/mtk-mutex.ko.zst	00000e72	000081a4	000003e8	000003e8	00000001	6a7f6525	00000000	00000030	00000000	00000000	00000000
usr/lib/modules/7.1.5-sp11-render-parity-v4+/kernel/drivers/soc/mediatek/mtk-pmic-wrap.ko.zst	00000e73	000081a4	000003e8	000003e8	00000001	6a7f6525	00000000	00000030	00000000	00000000	00000000
usr/lib/modules/7.1.5-sp11-render-parity-v4+/kernel/drivers/soc/mediatek/mtk-socinfo.ko.zst	00000e74	000081a4	000003e8	000003e8	00000001	6a7f6525	00000000	00000030	00000000	00000000	00000000
usr/lib/modules/7.1.5-sp11-render-parity-v4+/kernel/drivers/soc/mediatek/mtk-svs.ko.zst	00000e75	000081a4	000003e8	000003e8	00000001	6a7f6525	00000000	00000030	00000000	00000000	00000000
usr/lib/modules/7.1.5-sp11-render-parity-v4+/kernel/drivers/soc/nuvoton	00000e76	000041ed	000003e8	000003e8	00000002	6a8eba6d	00000000	00000030	00000000	00000000	00000000
usr/lib/modules/7.1.5-sp11-render-parity-v4+/kernel/drivers/soc/nuvoton/wpcm450-soc.ko.zst	00000e77	000081a4	000003e8	000003e8	00000001	6a7f6525	00000000	00000030	00000000	00000000	00000000
usr/lib/modules/7.1.5-sp11-render-parity-v4+/kernel/drivers/soc/qcom	00000e78	000041ed	000003e8	000003e8	00000002	6a8eba6d	00000000	00000030	00000000	00000000	00000000
usr/lib/modules/7.1.5-sp11-render-parity-v4+/kernel/drivers/soc/qcom/apr.ko.zst	00000e79	000081a4	000003e8	000003e8	00000001	6a7f6526	00000000	00000030	00000000	00000000	00000000
usr/lib/modules/7.1.5-sp11-render-parity-v4+/kernel/drivers/soc/qcom/icc-bwmon.ko.zst	00000e7a	000081a4	000003e8	000003e8	00000001	6a7f6526	00000000	00000030	00000000	00000000	00000000
usr/lib/modules/7.1.5-sp11-render-parity-v4+/kernel/drivers/soc/qcom/mdt_loader.ko.zst	00000e7b	000081a4	000003e8	000003e8	00000001	6a7f6526	00000000	00000030	00000000	00000000	00000000
usr/lib/modules/7.1.5-sp11-render-parity-v4+/kernel/drivers/soc/qcom/ocmem.ko.zst	00000e7c	000081a4	000003e8	000003e8	00000001	6a7f6526	00000000	00000030	00000000	00000000	00000000
usr/lib/modules/7.1.5-sp11-render-parity-v4+/kernel/drivers/soc/qcom/pmic_pdcharger_ulog.ko.zst	00000e7d	000081a4	000003e8	000003e8	00000001	6a7f6526	00000000	00000030	00000000	00000000	00000000
usr/lib/modules/7.1.5-sp11-render-parity-v4+/kernel/drivers/soc/qcom/qcom-pbs.ko.zst	00000e80	000081a4	000003e8	000003e8	00000001	6a7f6526	00000000	00000030	00000000	00000000	00000000
usr/lib/modules/7.1.5-sp11-render-parity-v4+/kernel/drivers/soc/qcom/qcom_gsbi.ko.zst	00000e7e	000081a4	000003e8	000003e8	00000001	6a7f6526	00000000	00000030	00000000	00000000	00000000
usr/lib/modules/7.1.5-sp11-render-parity-v4+/kernel/drivers/soc/qcom/qcom_ice.ko.zst	00000e7f	000081a4	000003e8	000003e8	00000001	6a7f6526	00000000	00000030	00000000	00000000	00000000
usr/lib/modules/7.1.5-sp11-render-parity-v4+/kernel/drivers/soc/qcom/qcom_pd_mapper.ko.zst	00000e81	000081a4	000003e8	000003e8	00000001	6a7f6526	00000000	00000030	00000000	00000000	00000000
usr/lib/modules/7.1.5-sp11-render-parity-v4+/kernel/drivers/soc/qcom/qcom_stats.ko.zst	00000e82	000081a4	000003e8	000003e8	00000001	6a7f6526	00000000	00000030	00000000	00000000	00000000
usr/lib/modules/7.1.5-sp11-render-parity-v4+/kernel/drivers/soc/qcom/ramp_controller.ko.zst	00000e83	000081a4	000003e8	000003e8	00000001	6a7f6526	00000000	00000030	00000000	00000000	00000000
usr/lib/modules/7.1.5-sp11-render-parity-v4+/kernel/drivers/soc/qcom/rmtfs_mem.ko.zst	00000e84	000081a4	000003e8	000003e8	00000001	6a7f6526	00000000	00000030	00000000	00000000	00000000
usr/lib/modules/7.1.5-sp11-render-parity-v4+/kernel/drivers/soc/qcom/rpm_master_stats.ko.zst	00000e85	000081a4	000003e8	000003e8	00000001	6a7f6526	00000000	00000030	00000000	00000000	00000000
usr/lib/modules/7.1.5-sp11-render-parity-v4+/kernel/drivers/soc/qcom/socinfo.ko.zst	00000e86	000081a4	000003e8	000003e8	00000001	6a7f6526	00000000	00000030	00000000	00000000	00000000
usr/lib/modules/7.1.5-sp11-render-parity-v4+/kernel/drivers/soc/qcom/ubwc_config.ko.zst	00000e87	000081a4	000003e8	000003e8	00000001	6a7f6526	00000000	00000030	00000000	00000000	00000000
usr/lib/modules/7.1.5-sp11-render-parity-v4+/kernel/drivers/soc/qcom/wcnss_ctrl.ko.zst	00000e88	000081a4	000003e8	000003e8	00000001	6a7f6526	00000000	00000030	00000000	00000000	00000000
usr/lib/modules/7.1.5-sp11-render-parity-v4+/kernel/drivers/soc/rockchip	00000e89	000041ed	000003e8	000003e8	00000002	6a8eba6d	00000000	00000030	00000000	00000000	00000000
usr/lib/modules/7.1.5-sp11-render-parity-v4+/kernel/drivers/soc/rockchip/dtpm.ko.zst	00000e8a	000081a4	000003e8	000003e8	00000001	6a7f6526	00000000	00000030	00000000	00000000	00000000
usr/lib/modules/7.1.5-sp11-render-parity-v4+/kernel/drivers/soc/rockchip/io-domain.ko.zst	00000e8b	000081a4	000003e8	000003e8	00000001	6a7f6526	00000000	00000030	00000000	00000000	00000000
usr/lib/modules/7.1.5-sp11-render-parity-v4+/kernel/drivers/soc/ti	00000e8c	000041ed	000003e8	000003e8	00000002	6a8eba6d	00000000	00000030	00000000	00000000	00000000
usr/lib/modules/7.1.5-sp11-render-parity-v4+/kernel/drivers/soc/ti/pruss.ko.zst	00000e8d	000081a4	000003e8	000003e8	00000001	6a7f6526	00000000	00000030	00000000	00000000	00000000
usr/lib/modules/7.1.5-sp11-render-parity-v4+/kernel/drivers/soundwire	00000e8e	000041ed	000003e8	000003e8	00000002	6a8eba6d	00000000	00000030	00000000	00000000	00000000
usr/lib/modules/7.1.5-sp11-render-parity-v4+/kernel/drivers/soundwire/soundwire-bus.ko.zst	00000e8f	000081a4	000003e8	000003e8	00000001	6a835a70	00000000	00000030	00000000	00000000	00000000
usr/lib/modules/7.1.5-sp11-render-parity-v4+/kernel/drivers/soundwire/soundwire-qcom.ko.zst	00000e90	000081a4	000003e8	000003e8	00000001	6a8783e3	00000000	00000030	00000000	00000000	00000000
usr/lib/modules/7.1.5-sp11-render-parity-v4+/kernel/drivers/spi	00000e91	000041ed	000003e8	000003e8	00000002	6a8eba6d	00000000	00000030	00000000	00000000	00000000
usr/lib/modules/7.1.5-sp11-render-parity-v4+/kernel/drivers/spi/spi-airoha-snfi.ko.zst	00000e92	000081a4	000003e8	000003e8	00000001	6a7f6543	00000000	00000030	00000000	00000000	00000000
usr/lib/modules/7.1.5-sp11-render-parity-v4+/kernel/drivers/spi/spi-altera-core.ko.zst	00000e93	000081a4	000003e8	000003e8	00000001	6a7f6543	00000000	00000030	00000000	00000000	00000000
usr/lib/modules/7.1.5-sp11-render-parity-v4+/kernel/drivers/spi/spi-altera-dfl.ko.zst	00000e94	000081a4	000003e8	000003e8	00000001	6a7f6543	00000000	00000030	00000000	00000000	00000000
usr/lib/modules/7.1.5-sp11-render-parity-v4+/kernel/drivers/spi/spi-altera-platform.ko.zst	00000e95	000081a4	000003e8	000003e8	00000001	6a7f6543	00000000	00000030	00000000	00000000	00000000
usr/lib/modules/7.1.5-sp11-render-parity-v4+/kernel/drivers/spi/spi-amd-pci.ko.zst	00000e97	000081a4	000003e8	000003e8	00000001	6a7f6544	00000000	00000030	00000000	00000000	00000000
usr/lib/modules/7.1.5-sp11-render-parity-v4+/kernel/drivers/spi/spi-amd.ko.zst	00000e96	000081a4	000003e8	000003e8	00000001	6a7f6544	00000000	00000030	00000000	00000000	00000000
usr/lib/modules/7.1.5-sp11-render-parity-v4+/kernel/drivers/spi/spi-amlogic-spifc-a1.ko.zst	00000e98	000081a4	000003e8	000003e8	00000001	6a7f6543	00000000	00000030	00000000	00000000	00000000
usr/lib/modules/7.1.5-sp11-render-parity-v4+/kernel/drivers/spi/spi-apple.ko.zst	00000e99	000081a4	000003e8	000003e8	00000001	6a7f6543	00000000	00000030	00000000	00000000	00000000
usr/lib/modules/7.1.5-sp11-render-parity-v4+/kernel/drivers/spi/spi-armada-3700.ko.zst	00000e9a	000081a4	000003e8	000003e8	00000001	6a7f6543	00000000	00000030	00000000	00000000	00000000
usr/lib/modules/7.1.5-sp11-render-parity-v4+/kernel/drivers/spi/spi-axi-spi-engine.ko.zst	00000e9b	000081a4	000003e8	000003e8	00000001	6a7f6543	00000000	00000030	00000000	00000000	00000000
usr/lib/modules/7.1.5-sp11-render-parity-v4+/kernel/drivers/spi/spi-bitbang.ko.zst	00000e9c	000081a4	000003e8	000003e8	00000001	6a7f6543	00000000	00000030	00000000	00000000	00000000
usr/lib/modules/7.1.5-sp11-render-parity-v4+/kernel/drivers/spi/spi-butterfly.ko.zst	00000e9d	000081a4	000003e8	000003e8	00000001	6a7f6543	00000000	00000030	00000000	00000000	00000000
usr/lib/modules/7.1.5-sp11-render-parity-v4+/kernel/drivers/spi/spi-cadence-quadspi.ko.zst	00000e9f	000081a4	000003e8	000003e8	00000001	6a7f6543	00000000	00000030	00000000	00000000	00000000
usr/lib/modules/7.1.5-sp11-render-parity-v4+/kernel/drivers/spi/spi-cadence-xspi.ko.zst	00000ea0	000081a4	000003e8	000003e8	00000001	6a7f6543	00000000	00000030	00000000	00000000	00000000
usr/lib/modules/7.1.5-sp11-render-parity-v4+/kernel/drivers/spi/spi-cadence.ko.zst	00000e9e	000081a4	000003e8	000003e8	00000001	6a7f6543	00000000	00000030	00000000	00000000	00000000
usr/lib/modules/7.1.5-sp11-render-parity-v4+/kernel/drivers/spi/spi-ch341.ko.zst	00000ea1	000081a4	000003e8	000003e8	00000001	6a7f6543	00000000	00000030	00000000	00000000	00000000
usr/lib/modules/7.1.5-sp11-render-parity-v4+/kernel/drivers/spi/spi-cs42l43.ko.zst	00000ea2	000081a4	000003e8	000003e8	00000001	6a7f6543	00000000	00000030	00000000	00000000	00000000
usr/lib/modules/7.1.5-sp11-render-parity-v4+/kernel/drivers/spi/spi-dln2.ko.zst	00000ea4	000081a4	000003e8	000003e8	00000001	6a7f6543	00000000	00000030	00000000	00000000	00000000
usr/lib/modules/7.1.5-sp11-render-parity-v4+/kernel/drivers/spi/spi-dw-mmio.ko.zst	00000ea6	000081a4	000003e8	000003e8	00000001	6a7f6543	00000000	00000030	00000000	00000000	00000000
usr/lib/modules/7.1.5-sp11-render-parity-v4+/kernel/drivers/spi/spi-dw-pci.ko.zst	00000ea7	000081a4	000003e8	000003e8	00000001	6a7f6543	00000000	00000030	00000000	00000000	00000000
usr/lib/modules/7.1.5-sp11-render-parity-v4+/kernel/drivers/spi/spi-dw.ko.zst	00000ea5	000081a4	000003e8	000003e8	00000001	6a7f6543	00000000	00000030	00000000	00000000	00000000
usr/lib/modules/7.1.5-sp11-render-parity-v4+/kernel/drivers/spi/spi-fsi.ko.zst	00000ea8	000081a4	000003e8	000003e8	00000001	6a7f6543	00000000	00000030	00000000	00000000	00000000
usr/lib/modules/7.1.5-sp11-render-parity-v4+/kernel/drivers/spi/spi-fsl-dspi.ko.zst	00000ea9	000081a4	000003e8	000003e8	00000001	6a7f6543	00000000	00000030	00000000	00000000	00000000
usr/lib/modules/7.1.5-sp11-render-parity-v4+/kernel/drivers/spi/spi-fsl-lpspi.ko.zst	00000eaa	000081a4	000003e8	000003e8	00000001	6a7f6543	00000000	00000030	00000000	00000000	00000000
usr/lib/modules/7.1.5-sp11-render-parity-v4+/kernel/drivers/spi/spi-fsl-qspi.ko.zst	00000eab	000081a4	000003e8	000003e8	00000001	6a7f6543	00000000	00000030	00000000	00000000	00000000
usr/lib/modules/7.1.5-sp11-render-parity-v4+/kernel/drivers/spi/spi-geni-qcom.ko.zst	00000eac	000081a4	000003e8	000003e8	00000001	6a7f6544	00000000	00000030	00000000	00000000	00000000
usr/lib/modules/7.1.5-sp11-render-parity-v4+/kernel/drivers/spi/spi-gpio.ko.zst	00000ead	000081a4	000003e8	000003e8	00000001	6a7f6543	00000000	00000030	00000000	00000000	00000000
usr/lib/modules/7.1.5-sp11-render-parity-v4+/kernel/drivers/spi/spi-hisi-kunpeng.ko.zst	00000eae	000081a4	000003e8	000003e8	00000001	6a7f6543	00000000	00000030	00000000	00000000	00000000
usr/lib/modules/7.1.5-sp11-render-parity-v4+/kernel/drivers/spi/spi-hisi-sfc-v3xx.ko.zst	00000eaf	000081a4	000003e8	000003e8	00000001	6a7f6543	00000000	00000030	00000000	00000000	00000000
usr/lib/modules/7.1.5-sp11-render-parity-v4+/kernel/drivers/spi/spi-imx.ko.zst	00000eb0	000081a4	000003e8	000003e8	00000001	6a7f6543	00000000	00000030	00000000	00000000	00000000
usr/lib/modules/7.1.5-sp11-render-parity-v4+/kernel/drivers/spi/spi-ljca.ko.zst	00000eb1	000081a4	000003e8	000003e8	00000001	6a7f6543	00000000	00000030	00000000	00000000	00000000
usr/lib/modules/7.1.5-sp11-render-parity-v4+/kernel/drivers/spi/spi-lm70llp.ko.zst	00000eb2	000081a4	000003e8	000003e8	00000001	6a7f6543	00000000	00000030	00000000	00000000	00000000
usr/lib/modules/7.1.5-sp11-render-parity-v4+/kernel/drivers/spi/spi-loopback-test.ko.zst	00000eb3	000081a4	000003e8	000003e8	00000001	6a7f6543	00000000	00000030	00000000	00000000	00000000
usr/lib/modules/7.1.5-sp11-render-parity-v4+/kernel/drivers/spi/spi-meson-spicc.ko.zst	00000eb4	000081a4	000003e8	000003e8	00000001	6a7f6543	00000000	00000030	00000000	00000000	00000000
usr/lib/modules/7.1.5-sp11-render-parity-v4+/kernel/drivers/spi/spi-meson-spifc.ko.zst	00000eb5	000081a4	000003e8	000003e8	00000001	6a7f6543	00000000	00000030	00000000	00000000	00000000
usr/lib/modules/7.1.5-sp11-render-parity-v4+/kernel/drivers/spi/spi-microchip-core-qspi.ko.zst	00000eb6	000081a4	000003e8	000003e8	00000001	6a7f6543	00000000	00000030	00000000	00000000	00000000
usr/lib/modules/7.1.5-sp11-render-parity-v4+/kernel/drivers/spi/spi-microchip-core-spi.ko.zst	00000eb7	000081a4	000003e8	000003e8	00000001	6a7f6543	00000000	00000030	00000000	00000000	00000000
usr/lib/modules/7.1.5-sp11-render-parity-v4+/kernel/drivers/spi/spi-mpfs.ko.zst	00000eb8	000081a4	000003e8	000003e8	00000001	6a7f6544	00000000	00000030	00000000	00000000	00000000
usr/lib/modules/7.1.5-sp11-render-parity-v4+/kernel/drivers/spi/spi-mt65xx.ko.zst	00000eb9	000081a4	000003e8	000003e8	00000001	6a7f6543	00000000	00000030	00000000	00000000	00000000
usr/lib/modules/7.1.5-sp11-render-parity-v4+/kernel/drivers/spi/spi-mtk-nor.ko.zst	00000eba	000081a4	000003e8	000003e8	00000001	6a7f6543	00000000	00000030	00000000	00000000	00000000
usr/lib/modules/7.1.5-sp11-render-parity-v4+/kernel/drivers/spi/spi-mtk-snfi.ko.zst	00000ebb	000081a4	000003e8	000003e8	00000001	6a7f6543	00000000	00000030	00000000	00000000	00000000
usr/lib/modules/7.1.5-sp11-render-parity-v4+/kernel/drivers/spi/spi-mux.ko.zst	00000ebc	000081a4	000003e8	000003e8	00000001	6a7f6543	00000000	00000030	00000000	00000000	00000000
usr/lib/modules/7.1.5-sp11-render-parity-v4+/kernel/drivers/spi/spi-mxic.ko.zst	00000ebd	000081a4	000003e8	000003e8	00000001	6a7f6543	00000000	00000030	00000000	00000000	00000000
usr/lib/modules/7.1.5-sp11-render-parity-v4+/kernel/drivers/spi/spi-npcm-fiu.ko.zst	00000ebe	000081a4	000003e8	000003e8	00000001	6a7f6544	00000000	00000030	00000000	00000000	00000000
usr/lib/modules/7.1.5-sp11-render-parity-v4+/kernel/drivers/spi/spi-npcm-pspi.ko.zst	00000ebf	000081a4	000003e8	000003e8	00000001	6a7f6544	00000000	00000030	00000000	00000000	00000000
usr/lib/modules/7.1.5-sp11-render-parity-v4+/kernel/drivers/spi/spi-nxp-fspi.ko.zst	00000ec0	000081a4	000003e8	000003e8	00000001	6a7f6544	00000000	00000030	00000000	00000000	00000000
usr/lib/modules/7.1.5-sp11-render-parity-v4+/kernel/drivers/spi/spi-oc-tiny.ko.zst	00000ec1	000081a4	000003e8	000003e8	00000001	6a7f6544	00000000	00000030	00000000	00000000	00000000
usr/lib/modules/7.1.5-sp11-render-parity-v4+/kernel/drivers/spi/spi-offload-trigger-pwm.ko.zst	00000ec2	000081a4	000003e8	000003e8	00000001	6a7f6545	00000000	00000030	00000000	00000000	00000000
usr/lib/modules/7.1.5-sp11-render-parity-v4+/kernel/drivers/spi/spi-orion.ko.zst	00000ec3	000081a4	000003e8	000003e8	00000001	6a7f6544	00000000	00000030	00000000	00000000	00000000
usr/lib/modules/7.1.5-sp11-render-parity-v4+/kernel/drivers/spi/spi-pci1xxxx.ko.zst	00000ec4	000081a4	000003e8	000003e8	00000001	6a7f6544	00000000	00000030	00000000	00000000	00000000
usr/lib/modules/7.1.5-sp11-render-parity-v4+/kernel/drivers/spi/spi-pl022.ko.zst	00000ec5	000081a4	000003e8	000003e8	00000001	6a7f6544	00000000	00000030	00000000	00000000	00000000
usr/lib/modules/7.1.5-sp11-render-parity-v4+/kernel/drivers/spi/spi-qcom-qspi.ko.zst	00000ec6	000081a4	000003e8	000003e8	00000001	6a7f6544	00000000	00000030	00000000	00000000	00000000
usr/lib/modules/7.1.5-sp11-render-parity-v4+/kernel/drivers/spi/spi-qup.ko.zst	00000ec7	000081a4	000003e8	000003e8	00000001	6a7f6544	00000000	00000030	00000000	00000000	00000000
usr/lib/modules/7.1.5-sp11-render-parity-v4+/kernel/drivers/spi/spi-rockchip-sfc.ko.zst	00000ec9	000081a4	000003e8	000003e8	00000001	6a7f6544	00000000	00000030	00000000	00000000	00000000
usr/lib/modules/7.1.5-sp11-render-parity-v4+/kernel/drivers/spi/spi-rockchip.ko.zst	00000ec8	000081a4	000003e8	000003e8	00000001	6a7f6544	00000000	00000030	00000000	00000000	00000000
usr/lib/modules/7.1.5-sp11-render-parity-v4+/kernel/drivers/spi/spi-rpc-if.ko.zst	00000eca	000081a4	000003e8	000003e8	00000001	6a7f6544	00000000	00000030	00000000	00000000	00000000
usr/lib/modules/7.1.5-sp11-render-parity-v4+/kernel/drivers/spi/spi-rspi.ko.zst	00000ecb	000081a4	000003e8	000003e8	00000001	6a7f6544	00000000	00000030	00000000	00000000	00000000
usr/lib/modules/7.1.5-sp11-render-parity-v4+/kernel/drivers/spi/spi-rzv2m-csi.ko.zst	00000ecc	000081a4	000003e8	000003e8	00000001	6a7f6544	00000000	00000030	00000000	00000000	00000000
usr/lib/modules/7.1.5-sp11-render-parity-v4+/kernel/drivers/spi/spi-sc18is602.ko.zst	00000ecd	000081a4	000003e8	000003e8	00000001	6a7f6544	00000000	00000030	00000000	00000000	00000000
usr/lib/modules/7.1.5-sp11-render-parity-v4+/kernel/drivers/spi/spi-sh-hspi.ko.zst	00000ece	000081a4	000003e8	000003e8	00000001	6a7f6544	00000000	00000030	00000000	00000000	00000000
usr/lib/modules/7.1.5-sp11-render-parity-v4+/kernel/drivers/spi/spi-sh-msiof.ko.zst	00000ecf	000081a4	000003e8	000003e8	00000001	6a7f6544	00000000	00000030	00000000	00000000	00000000
usr/lib/modules/7.1.5-sp11-render-parity-v4+/kernel/drivers/spi/spi-sifive.ko.zst	00000ed0	000081a4	000003e8	000003e8	00000001	6a7f6544	00000000	00000030	00000000	00000000	00000000
usr/lib/modules/7.1.5-sp11-render-parity-v4+/kernel/drivers/spi/spi-slave-mt27xx.ko.zst	00000ed1	000081a4	000003e8	000003e8	00000001	6a7f6544	00000000	00000030	00000000	00000000	00000000
usr/lib/modules/7.1.5-sp11-render-parity-v4+/kernel/drivers/spi/spi-slave-system-control.ko.zst	00000ed2	000081a4	000003e8	000003e8	00000001	6a7f6545	00000000	00000030	00000000	00000000	00000000
usr/lib/modules/7.1.5-sp11-render-parity-v4+/kernel/drivers/spi/spi-slave-time.ko.zst	00000ed3	000081a4	000003e8	000003e8	00000001	6a7f6544	00000000	00000030	00000000	00000000	00000000
usr/lib/modules/7.1.5-sp11-render-parity-v4+/kernel/drivers/spi/spi-sn-f-ospi.ko.zst	00000ed4	000081a4	000003e8	000003e8	00000001	6a7f6544	00000000	00000030	00000000	00000000	00000000
usr/lib/modules/7.1.5-sp11-render-parity-v4+/kernel/drivers/spi/spi-sprd-adi.ko.zst	00000ed5	000081a4	000003e8	000003e8	00000001	6a7f6544	00000000	00000030	00000000	00000000	00000000
usr/lib/modules/7.1.5-sp11-render-parity-v4+/kernel/drivers/spi/spi-sprd.ko.zst	00000ed6	000081a4	000003e8	000003e8	00000001	6a7f6544	00000000	00000030	00000000	00000000	00000000
usr/lib/modules/7.1.5-sp11-render-parity-v4+/kernel/drivers/spi/spi-stm32-qspi.ko.zst	00000ed8	000081a4	000003e8	000003e8	00000001	6a7f6544	00000000	00000030	00000000	00000000	00000000
usr/lib/modules/7.1.5-sp11-render-parity-v4+/kernel/drivers/spi/spi-stm32.ko.zst	00000ed7	000081a4	000003e8	000003e8	00000001	6a7f6544	00000000	00000030	00000000	00000000	00000000
usr/lib/modules/7.1.5-sp11-render-parity-v4+/kernel/drivers/spi/spi-sun6i.ko.zst	00000ed9	000081a4	000003e8	000003e8	00000001	6a7f6544	00000000	00000030	00000000	00000000	00000000
usr/lib/modules/7.1.5-sp11-render-parity-v4+/kernel/drivers/spi/spi-synquacer.ko.zst	00000eda	000081a4	000003e8	000003e8	00000001	6a7f6544	00000000	00000030	00000000	00000000	00000000
usr/lib/modules/7.1.5-sp11-render-parity-v4+/kernel/drivers/spi/spi-tegra114.ko.zst	00000edb	000081a4	000003e8	000003e8	00000001	6a7f6544	00000000	00000030	00000000	00000000	00000000
usr/lib/modules/7.1.5-sp11-render-parity-v4+/kernel/drivers/spi/spi-tegra20-sflash.ko.zst	00000edc	000081a4	000003e8	000003e8	00000001	6a7f6544	00000000	00000030	00000000	00000000	00000000
usr/lib/modules/7.1.5-sp11-render-parity-v4+/kernel/drivers/spi/spi-tegra20-slink.ko.zst	00000edd	000081a4	000003e8	000003e8	00000001	6a7f6544	00000000	00000030	00000000	00000000	00000000
usr/lib/modules/7.1.5-sp11-render-parity-v4+/kernel/drivers/spi/spi-thunderx.ko.zst	00000ede	000081a4	000003e8	000003e8	00000001	6a7f6544	00000000	00000030	00000000	00000000	00000000
usr/lib/modules/7.1.5-sp11-render-parity-v4+/kernel/drivers/spi/spi-tle62x0.ko.zst	00000edf	000081a4	000003e8	000003e8	00000001	6a7f6544	00000000	00000030	00000000	00000000	00000000
usr/lib/modules/7.1.5-sp11-render-parity-v4+/kernel/drivers/spi/spi-wpcm-fiu.ko.zst	00000ee0	000081a4	000003e8	000003e8	00000001	6a7f6544	00000000	00000030	00000000	00000000	00000000
usr/lib/modules/7.1.5-sp11-render-parity-v4+/kernel/drivers/spi/spi-xcomm.ko.zst	00000ee1	000081a4	000003e8	000003e8	00000001	6a7f6544	00000000	00000030	00000000	00000000	00000000
usr/lib/modules/7.1.5-sp11-render-parity-v4+/kernel/drivers/spi/spi-xilinx.ko.zst	00000ee2	000081a4	000003e8	000003e8	00000001	6a7f6544	00000000	00000030	00000000	00000000	00000000
usr/lib/modules/7.1.5-sp11-render-parity-v4+/kernel/drivers/spi/spi-xlp.ko.zst	00000ee3	000081a4	000003e8	000003e8	00000001	6a7f6544	00000000	00000030	00000000	00000000	00000000
usr/lib/modules/7.1.5-sp11-render-parity-v4+/kernel/drivers/spi/spi-zynqmp-gqspi.ko.zst	00000ee4	000081a4	000003e8	000003e8	00000001	6a7f6544	00000000	00000030	00000000	00000000	00000000
usr/lib/modules/7.1.5-sp11-render-parity-v4+/kernel/drivers/spi/spidev.ko.zst	00000ea3	000081a4	000003e8	000003e8	00000001	6a7f6543	00000000	00000030	00000000	00000000	00000000
usr/lib/modules/7.1.5-sp11-render-parity-v4+/kernel/drivers/ssb	00000ee5	000041ed	000003e8	000003e8	00000002	6a8eba6d	00000000	00000030	00000000	00000000	00000000
usr/lib/modules/7.1.5-sp11-render-parity-v4+/kernel/drivers/ssb/ssb.ko.zst	00000ee6	000081a4	000003e8	000003e8	00000001	6a7f65a9	00000000	00000030	00000000	00000000	00000000
usr/lib/modules/7.1.5-sp11-render-parity-v4+/kernel/drivers/target	00000ee7	000041ed	000003e8	000003e8	00000002	6a8eba6d	00000000	00000030	00000000	00000000	00000000
usr/lib/modules/7.1.5-sp11-render-parity-v4+/kernel/drivers/target/target_core_mod.ko.zst	00000ee8	000081a4	000003e8	000003e8	00000001	6a7f65a3	00000000	00000030	00000000	00000000	00000000
usr/lib/modules/7.1.5-sp11-render-parity-v4+/kernel/drivers/tee	00000ee9	000041ed	000003e8	000003e8	00000002	6a8eba6d	00000000	00000030	00000000	00000000	00000000
usr/lib/modules/7.1.5-sp11-render-parity-v4+/kernel/drivers/tee/tee.ko.zst	00000eea	000081a4	000003e8	000003e8	00000001	6a7f65bd	00000000	00000030	00000000	00000000	00000000
usr/lib/modules/7.1.5-sp11-render-parity-v4+/kernel/drivers/thunderbolt	00000eeb	000041ed	000003e8	000003e8	00000002	6a8eba6d	00000000	00000030	00000000	00000000	00000000
usr/lib/modules/7.1.5-sp11-render-parity-v4+/kernel/drivers/thunderbolt/thunderbolt.ko.zst	00000eec	000081a4	000003e8	000003e8	00000001	6a7f65bc	00000000	00000030	00000000	00000000	00000000
usr/lib/modules/7.1.5-sp11-render-parity-v4+/kernel/drivers/tty	00000eed	000041ed	000003e8	000003e8	00000003	6a8eba6d	00000000	00000030	00000000	00000000	00000000
usr/lib/modules/7.1.5-sp11-render-parity-v4+/kernel/drivers/tty/serial	00000eee	000041ed	000003e8	000003e8	00000004	6a8eba6d	00000000	00000030	00000000	00000000	00000000
usr/lib/modules/7.1.5-sp11-render-parity-v4+/kernel/drivers/tty/serial/8250	00000eef	000041ed	000003e8	000003e8	00000002	6a8eba6d	00000000	00000030	00000000	00000000	00000000
usr/lib/modules/7.1.5-sp11-render-parity-v4+/kernel/drivers/tty/serial/8250/8250_dfl.ko.zst	00000ef0	000081a4	000003e8	000003e8	00000001	6a7f652c	00000000	00000030	00000000	00000000	00000000
usr/lib/modules/7.1.5-sp11-render-parity-v4+/kernel/drivers/tty/serial/8250/8250_exar.ko.zst	00000ef1	000081a4	000003e8	000003e8	00000001	6a7f652c	00000000	00000030	00000000	00000000	00000000
usr/lib/modules/7.1.5-sp11-render-parity-v4+/kernel/drivers/tty/serial/8250/8250_keba.ko.zst	00000ef2	000081a4	000003e8	000003e8	00000001	6a7f652c	00000000	00000030	00000000	00000000	00000000
usr/lib/modules/7.1.5-sp11-render-parity-v4+/kernel/drivers/tty/serial/8250/8250_men_mcb.ko.zst	00000ef3	000081a4	000003e8	000003e8	00000001	6a7f652c	00000000	00000030	00000000	00000000	00000000
usr/lib/modules/7.1.5-sp11-render-parity-v4+/kernel/drivers/tty/serial/8250/8250_pci1xxxx.ko.zst	00000ef4	000081a4	000003e8	000003e8	00000001	6a7f652c	00000000	00000030	00000000	00000000	00000000
usr/lib/modules/7.1.5-sp11-render-parity-v4+/kernel/drivers/tty/serial/8250/8250_pericom.ko.zst	00000ef5	000081a4	000003e8	000003e8	00000001	6a7f652c	00000000	00000030	00000000	00000000	00000000
usr/lib/modules/7.1.5-sp11-render-parity-v4+/kernel/drivers/tty/serial/altera_jtaguart.ko.zst	00000ef6	000081a4	000003e8	000003e8	00000001	6a7f652c	00000000	00000030	00000000	00000000	00000000
usr/lib/modules/7.1.5-sp11-render-parity-v4+/kernel/drivers/tty/serial/altera_uart.ko.zst	00000ef7	000081a4	000003e8	000003e8	00000001	6a7f652c	00000000	00000030	00000000	00000000	00000000
usr/lib/modules/7.1.5-sp11-render-parity-v4+/kernel/drivers/tty/serial/amba-pl010.ko.zst	00000ef8	000081a4	000003e8	000003e8	00000001	6a7f652c	00000000	00000030	00000000	00000000	00000000
usr/lib/modules/7.1.5-sp11-render-parity-v4+/kernel/drivers/tty/serial/arc_uart.ko.zst	00000ef9	000081a4	000003e8	000003e8	00000001	6a7f652c	00000000	00000030	00000000	00000000	00000000
usr/lib/modules/7.1.5-sp11-render-parity-v4+/kernel/drivers/tty/serial/digicolor-usart.ko.zst	00000efa	000081a4	000003e8	000003e8	00000001	6a7f652c	00000000	00000030	00000000	00000000	00000000
usr/lib/modules/7.1.5-sp11-render-parity-v4+/kernel/drivers/tty/serial/fsl_linflexuart.ko.zst	00000efb	000081a4	000003e8	000003e8	00000001	6a7f652c	00000000	00000030	00000000	00000000	00000000
usr/lib/modules/7.1.5-sp11-render-parity-v4+/kernel/drivers/tty/serial/fsl_lpuart.ko.zst	00000efc	000081a4	000003e8	000003e8	00000001	6a7f652c	00000000	00000030	00000000	00000000	00000000
usr/lib/modules/7.1.5-sp11-render-parity-v4+/kernel/drivers/tty/serial/jsm	00000efd	000041ed	000003e8	000003e8	00000002	6a8eba6d	00000000	00000030	00000000	00000000	00000000
usr/lib/modules/7.1.5-sp11-render-parity-v4+/kernel/drivers/tty/serial/jsm/jsm.ko.zst	00000efe	000081a4	000003e8	000003e8	00000001	6a7f652c	00000000	00000030	00000000	00000000	00000000
usr/lib/modules/7.1.5-sp11-render-parity-v4+/kernel/drivers/tty/serial/liteuart.ko.zst	00000eff	000081a4	000003e8	000003e8	00000001	6a7f652c	00000000	00000030	00000000	00000000	00000000
usr/lib/modules/7.1.5-sp11-render-parity-v4+/kernel/drivers/tty/serial/ma35d1_serial.ko.zst	00000f00	000081a4	000003e8	000003e8	00000001	6a7f652d	00000000	00000030	00000000	00000000	00000000
usr/lib/modules/7.1.5-sp11-render-parity-v4+/kernel/drivers/tty/serial/max3100.ko.zst	00000f01	000081a4	000003e8	000003e8	00000001	6a7f652c	00000000	00000030	00000000	00000000	00000000
usr/lib/modules/7.1.5-sp11-render-parity-v4+/kernel/drivers/tty/serial/men_z135_uart.ko.zst	00000f02	000081a4	000003e8	000003e8	00000001	6a7f652c	00000000	00000030	00000000	00000000	00000000
usr/lib/modules/7.1.5-sp11-render-parity-v4+/kernel/drivers/tty/serial/qcom_geni_serial.ko.zst	00000f03	000081a4	000003e8	000003e8	00000001	6a7f652c	00000000	00000030	00000000	00000000	00000000
usr/lib/modules/7.1.5-sp11-render-parity-v4+/kernel/drivers/tty/serial/rp2.ko.zst	00000f04	000081a4	000003e8	000003e8	00000001	6a7f652c	00000000	00000030	00000000	00000000	00000000
usr/lib/modules/7.1.5-sp11-render-parity-v4+/kernel/drivers/tty/serial/samsung_tty.ko.zst	00000f05	000081a4	000003e8	000003e8	00000001	6a7f652c	00000000	00000030	00000000	00000000	00000000
usr/lib/modules/7.1.5-sp11-render-parity-v4+/kernel/drivers/tty/serial/sc16is7xx.ko.zst	00000f07	000081a4	000003e8	000003e8	00000001	6a7f652c	00000000	00000030	00000000	00000000	00000000
usr/lib/modules/7.1.5-sp11-render-parity-v4+/kernel/drivers/tty/serial/sc16is7xx_i2c.ko.zst	00000f06	000081a4	000003e8	000003e8	00000001	6a7f652c	00000000	00000030	00000000	00000000	00000000
usr/lib/modules/7.1.5-sp11-render-parity-v4+/kernel/drivers/tty/serial/sc16is7xx_spi.ko.zst	00000f08	000081a4	000003e8	000003e8	00000001	6a7f652c	00000000	00000030	00000000	00000000	00000000
usr/lib/modules/7.1.5-sp11-render-parity-v4+/kernel/drivers/tty/serial/serial-tegra.ko.zst	00000f09	000081a4	000003e8	000003e8	00000001	6a7f652d	00000000	00000030	00000000	00000000	00000000
usr/lib/modules/7.1.5-sp11-render-parity-v4+/kernel/drivers/tty/serial/sifive.ko.zst	00000f0a	000081a4	000003e8	000003e8	00000001	6a7f652c	00000000	00000030	00000000	00000000	00000000
usr/lib/modules/7.1.5-sp11-render-parity-v4+/kernel/drivers/tty/serial/sprd_serial.ko.zst	00000f0b	000081a4	000003e8	000003e8	00000001	6a7f652c	00000000	00000030	00000000	00000000	00000000
usr/lib/modules/7.1.5-sp11-render-parity-v4+/kernel/drivers/tty/serial/stm32-usart.ko.zst	00000f0c	000081a4	000003e8	000003e8	00000001	6a7f652c	00000000	00000030	00000000	00000000	00000000
usr/lib/modules/7.1.5-sp11-render-parity-v4+/kernel/drivers/tty/serial/uartlite.ko.zst	00000f0d	000081a4	000003e8	000003e8	00000001	6a7f652d	00000000	00000030	00000000	00000000	00000000
usr/lib/modules/7.1.5-sp11-render-parity-v4+/kernel/drivers/tty/serial/ucc_uart.ko.zst	00000f0e	000081a4	000003e8	000003e8	00000001	6a7f652c	00000000	00000030	00000000	00000000	00000000
usr/lib/modules/7.1.5-sp11-render-parity-v4+/kernel/drivers/tty/serial/xilinx_uartps.ko.zst	00000f0f	000081a4	000003e8	000003e8	00000001	6a7f652d	00000000	00000030	00000000	00000000	00000000
usr/lib/modules/7.1.5-sp11-render-parity-v4+/kernel/drivers/ufs	00000f10	000041ed	000003e8	000003e8	00000004	6a8eba6d	00000000	00000030	00000000	00000000	00000000
usr/lib/modules/7.1.5-sp11-render-parity-v4+/kernel/drivers/ufs/core	00000f11	000041ed	000003e8	000003e8	00000002	6a8eba6d	00000000	00000030	00000000	00000000	00000000
usr/lib/modules/7.1.5-sp11-render-parity-v4+/kernel/drivers/ufs/core/ufshcd-core.ko.zst	00000f12	000081a4	000003e8	000003e8	00000001	6a7f6594	00000000	00000030	00000000	00000000	00000000
usr/lib/modules/7.1.5-sp11-render-parity-v4+/kernel/drivers/ufs/host	00000f13	000041ed	000003e8	000003e8	00000002	6a8eba6d	00000000	00000030	00000000	00000000	00000000
usr/lib/modules/7.1.5-sp11-render-parity-v4+/kernel/drivers/ufs/host/cdns-pltfrm.ko.zst	00000f14	000081a4	000003e8	000003e8	00000001	6a7f6594	00000000	00000030	00000000	00000000	00000000
usr/lib/modules/7.1.5-sp11-render-parity-v4+/kernel/drivers/ufs/host/tc-dwc-g210-pci.ko.zst	00000f16	000081a4	000003e8	000003e8	00000001	6a7f6594	00000000	00000030	00000000	00000000	00000000
usr/lib/modules/7.1.5-sp11-render-parity-v4+/kernel/drivers/ufs/host/tc-dwc-g210-pltfrm.ko.zst	00000f17	000081a4	000003e8	000003e8	00000001	6a7f6594	00000000	00000030	00000000	00000000	00000000
usr/lib/modules/7.1.5-sp11-render-parity-v4+/kernel/drivers/ufs/host/tc-dwc-g210.ko.zst	00000f15	000081a4	000003e8	000003e8	00000001	6a7f6594	00000000	00000030	00000000	00000000	00000000
usr/lib/modules/7.1.5-sp11-render-parity-v4+/kernel/drivers/ufs/host/ti-j721e-ufs.ko.zst	00000f18	000081a4	000003e8	000003e8	00000001	6a7f6594	00000000	00000030	00000000	00000000	00000000
usr/lib/modules/7.1.5-sp11-render-parity-v4+/kernel/drivers/ufs/host/ufs-amd-versal2.ko.zst	00000f19	000081a4	000003e8	000003e8	00000001	6a7f6594	00000000	00000030	00000000	00000000	00000000
usr/lib/modules/7.1.5-sp11-render-parity-v4+/kernel/drivers/ufs/host/ufs-hisi.ko.zst	00000f1d	000081a4	000003e8	000003e8	00000001	6a7f6594	00000000	00000030	00000000	00000000	00000000
usr/lib/modules/7.1.5-sp11-render-parity-v4+/kernel/drivers/ufs/host/ufs-mediatek.ko.zst	00000f1e	000081a4	000003e8	000003e8	00000001	6a7f6594	00000000	00000030	00000000	00000000	00000000
usr/lib/modules/7.1.5-sp11-render-parity-v4+/kernel/drivers/ufs/host/ufs-qcom.ko.zst	00000f1f	000081a4	000003e8	000003e8	00000001	6a7f6594	00000000	00000030	00000000	00000000	00000000
usr/lib/modules/7.1.5-sp11-render-parity-v4+/kernel/drivers/ufs/host/ufs-renesas.ko.zst	00000f20	000081a4	000003e8	000003e8	00000001	6a7f6594	00000000	00000030	00000000	00000000	00000000
usr/lib/modules/7.1.5-sp11-render-parity-v4+/kernel/drivers/ufs/host/ufs-sprd.ko.zst	00000f21	000081a4	000003e8	000003e8	00000001	6a7f6594	00000000	00000030	00000000	00000000	00000000
usr/lib/modules/7.1.5-sp11-render-parity-v4+/kernel/drivers/ufs/host/ufshcd-dwc.ko.zst	00000f1a	000081a4	000003e8	000003e8	00000001	6a7f6594	00000000	00000030	00000000	00000000	00000000
usr/lib/modules/7.1.5-sp11-render-parity-v4+/kernel/drivers/ufs/host/ufshcd-pci.ko.zst	00000f1b	000081a4	000003e8	000003e8	00000001	6a7f6594	00000000	00000030	00000000	00000000	00000000
usr/lib/modules/7.1.5-sp11-render-parity-v4+/kernel/drivers/ufs/host/ufshcd-pltfrm.ko.zst	00000f1c	000081a4	000003e8	000003e8	00000001	6a7f6594	00000000	00000030	00000000	00000000	00000000
usr/lib/modules/7.1.5-sp11-render-parity-v4+/kernel/drivers/uio	00000f22	000041ed	000003e8	000003e8	00000002	6a8eba6d	00000000	00000030	00000000	00000000	00000000
usr/lib/modules/7.1.5-sp11-render-parity-v4+/kernel/drivers/uio/uio.ko.zst	00000f23	000081a4	000003e8	000003e8	00000001	6a7f65a6	00000000	00000030	00000000	00000000	00000000
usr/lib/modules/7.1.5-sp11-render-parity-v4+/kernel/drivers/usb	00000f24	000041ed	000003e8	000003e8	00000011	6a8eba6d	00000000	00000030	00000000	00000000	00000000
usr/lib/modules/7.1.5-sp11-render-parity-v4+/kernel/drivers/usb/c67x00	00000f25	000041ed	000003e8	000003e8	00000002	6a8eba6d	00000000	00000030	00000000	00000000	00000000
usr/lib/modules/7.1.5-sp11-render-parity-v4+/kernel/drivers/usb/c67x00/c67x00.ko.zst	00000f26	000081a4	000003e8	000003e8	00000001	6a7f6560	00000000	00000030	00000000	00000000	00000000
usr/lib/modules/7.1.5-sp11-render-parity-v4+/kernel/drivers/usb/cdns3	00000f27	000041ed	000003e8	000003e8	00000002	6a8eba6d	00000000	00000030	00000000	00000000	00000000
usr/lib/modules/7.1.5-sp11-render-parity-v4+/kernel/drivers/usb/cdns3/cdns-usb-common.ko.zst	00000f2d	000081a4	000003e8	000003e8	00000001	6a7f655f	00000000	00000030	00000000	00000000	00000000
usr/lib/modules/7.1.5-sp11-render-parity-v4+/kernel/drivers/usb/cdns3/cdns3-imx.ko.zst	00000f28	000081a4	000003e8	000003e8	00000001	6a7f655f	00000000	00000030	00000000	00000000	00000000
usr/lib/modules/7.1.5-sp11-render-parity-v4+/kernel/drivers/usb/cdns3/cdns3-pci-wrap.ko.zst	00000f2a	000081a4	000003e8	000003e8	00000001	6a7f655f	00000000	00000030	00000000	00000000	00000000
usr/lib/modules/7.1.5-sp11-render-parity-v4+/kernel/drivers/usb/cdns3/cdns3-ti.ko.zst	00000f2b	000081a4	000003e8	000003e8	00000001	6a7f655f	00000000	00000030	00000000	00000000	00000000
usr/lib/modules/7.1.5-sp11-render-parity-v4+/kernel/drivers/usb/cdns3/cdns3.ko.zst	00000f29	000081a4	000003e8	000003e8	00000001	6a7f655f	00000000	00000030	00000000	00000000	00000000
usr/lib/modules/7.1.5-sp11-render-parity-v4+/kernel/drivers/usb/cdns3/cdnsp-udc-pci.ko.zst	00000f2c	000081a4	000003e8	000003e8	00000001	6a7f655f	00000000	00000030	00000000	00000000	00000000
usr/lib/modules/7.1.5-sp11-render-parity-v4+/kernel/drivers/usb/chipidea	00000f2e	000041ed	000003e8	000003e8	00000002	6a8eba6d	00000000	00000030	00000000	00000000	00000000
usr/lib/modules/7.1.5-sp11-render-parity-v4+/kernel/drivers/usb/chipidea/ci_hdrc.ko.zst	00000f30	000081a4	000003e8	000003e8	00000001	6a7f6561	00000000	00000030	00000000	00000000	00000000
usr/lib/modules/7.1.5-sp11-render-parity-v4+/kernel/drivers/usb/chipidea/ci_hdrc_imx.ko.zst	00000f2f	000081a4	000003e8	000003e8	00000001	6a7f6562	00000000	00000030	00000000	00000000	00000000
usr/lib/modules/7.1.5-sp11-render-parity-v4+/kernel/drivers/usb/chipidea/ci_hdrc_msm.ko.zst	00000f31	000081a4	000003e8	000003e8	00000001	6a7f6561	00000000	00000030	00000000	00000000	00000000
usr/lib/modules/7.1.5-sp11-render-parity-v4+/kernel/drivers/usb/chipidea/ci_hdrc_npcm.ko.zst	00000f32	000081a4	000003e8	000003e8	00000001	6a7f6561	00000000	00000030	00000000	00000000	00000000
usr/lib/modules/7.1.5-sp11-render-parity-v4+/kernel/drivers/usb/chipidea/ci_hdrc_pci.ko.zst	00000f33	000081a4	000003e8	000003e8	00000001	6a7f6561	00000000	00000030	00000000	00000000	00000000
usr/lib/modules/7.1.5-sp11-render-parity-v4+/kernel/drivers/usb/chipidea/ci_hdrc_tegra.ko.zst	00000f34	000081a4	000003e8	000003e8	00000001	6a7f6562	00000000	00000030	00000000	00000000	00000000
usr/lib/modules/7.1.5-sp11-render-parity-v4+/kernel/drivers/usb/chipidea/ci_hdrc_usb2.ko.zst	00000f35	000081a4	000003e8	000003e8	00000001	6a7f6561	00000000	00000030	00000000	00000000	00000000
usr/lib/modules/7.1.5-sp11-render-parity-v4+/kernel/drivers/usb/chipidea/usbmisc_imx.ko.zst	00000f36	000081a4	000003e8	000003e8	00000001	6a7f6561	00000000	00000030	00000000	00000000	00000000
usr/lib/modules/7.1.5-sp11-render-parity-v4+/kernel/drivers/usb/dwc2	00000f37	000041ed	000003e8	000003e8	00000002	6a8eba6d	00000000	00000030	00000000	00000000	00000000
usr/lib/modules/7.1.5-sp11-render-parity-v4+/kernel/drivers/usb/dwc2/dwc2_pci.ko.zst	00000f38	000081a4	000003e8	000003e8	00000001	6a7f655b	00000000	00000030	00000000	00000000	00000000
usr/lib/modules/7.1.5-sp11-render-parity-v4+/kernel/drivers/usb/dwc3	00000f39	000041ed	000003e8	000003e8	00000002	6a8eba6d	00000000	00000030	00000000	00000000	00000000
usr/lib/modules/7.1.5-sp11-render-parity-v4+/kernel/drivers/usb/dwc3/dwc3-am62.ko.zst	00000f3a	000081a4	000003e8	000003e8	00000001	6a7f655b	00000000	00000030	00000000	00000000	00000000
usr/lib/modules/7.1.5-sp11-render-parity-v4+/kernel/drivers/usb/dwc3/dwc3-haps.ko.zst	00000f3b	000081a4	000003e8	000003e8	00000001	6a7f655b	00000000	00000030	00000000	00000000	00000000
usr/lib/modules/7.1.5-sp11-render-parity-v4+/kernel/drivers/usb/dwc3/dwc3-imx8mp.ko.zst	00000f3c	000081a4	000003e8	000003e8	00000001	6a7f655b	00000000	00000030	00000000	00000000	00000000
usr/lib/modules/7.1.5-sp11-render-parity-v4+/kernel/drivers/usb/dwc3/dwc3-keystone.ko.zst	00000f3d	000081a4	000003e8	000003e8	00000001	6a7f655b	00000000	00000030	00000000	00000000	00000000
usr/lib/modules/7.1.5-sp11-render-parity-v4+/kernel/drivers/usb/dwc3/dwc3-meson-g12a.ko.zst	00000f3e	000081a4	000003e8	000003e8	00000001	6a7f655b	00000000	00000030	00000000	00000000	00000000
usr/lib/modules/7.1.5-sp11-render-parity-v4+/kernel/drivers/usb/dwc3/dwc3-of-simple.ko.zst	00000f3f	000081a4	000003e8	000003e8	00000001	6a7f655b	00000000	00000030	00000000	00000000	00000000
usr/lib/modules/7.1.5-sp11-render-parity-v4+/kernel/drivers/usb/dwc3/dwc3-pci.ko.zst	00000f40	000081a4	000003e8	000003e8	00000001	6a7f655b	00000000	00000030	00000000	00000000	00000000
usr/lib/modules/7.1.5-sp11-render-parity-v4+/kernel/drivers/usb/dwc3/dwc3-rtk.ko.zst	00000f41	000081a4	000003e8	000003e8	00000001	6a7f655b	00000000	00000030	00000000	00000000	00000000
usr/lib/modules/7.1.5-sp11-render-parity-v4+/kernel/drivers/usb/dwc3/dwc3-xilinx.ko.zst	00000f42	000081a4	000003e8	000003e8	00000001	6a7f655b	00000000	00000030	00000000	00000000	00000000
usr/lib/modules/7.1.5-sp11-render-parity-v4+/kernel/drivers/usb/gadget	00000f43	000041ed	000003e8	000003e8	00000003	6a8eba6d	00000000	00000030	00000000	00000000	00000000
usr/lib/modules/7.1.5-sp11-render-parity-v4+/kernel/drivers/usb/gadget/udc	00000f44	000041ed	000003e8	000003e8	00000002	6a8eba6d	00000000	00000030	00000000	00000000	00000000
usr/lib/modules/7.1.5-sp11-render-parity-v4+/kernel/drivers/usb/gadget/udc/rzv2m_usb3drd.ko.zst	00000f45	000081a4	000003e8	000003e8	00000001	6a7f655d	00000000	00000030	00000000	00000000	00000000
usr/lib/modules/7.1.5-sp11-render-parity-v4+/kernel/drivers/usb/host	00000f46	000041ed	000003e8	000003e8	00000002	6a8eba6d	00000000	00000030	00000000	00000000	00000000
usr/lib/modules/7.1.5-sp11-render-parity-v4+/kernel/drivers/usb/host/bcma-hcd.ko.zst	00000f47	000081a4	000003e8	000003e8	00000001	6a7f655c	00000000	00000030	00000000	00000000	00000000
usr/lib/modules/7.1.5-sp11-render-parity-v4+/kernel/drivers/usb/host/ehci-fsl.ko.zst	00000f48	000081a4	000003e8	000003e8	00000001	6a7f655c	00000000	00000030	00000000	00000000	00000000
usr/lib/modules/7.1.5-sp11-render-parity-v4+/kernel/drivers/usb/host/ehci-npcm7xx.ko.zst	00000f49	000081a4	000003e8	000003e8	00000001	6a7f655b	00000000	00000030	00000000	00000000	00000000
usr/lib/modules/7.1.5-sp11-render-parity-v4+/kernel/drivers/usb/host/ehci-platform.ko.zst	00000f4a	000081a4	000003e8	000003e8	00000001	6a7f655b	00000000	00000030	00000000	00000000	00000000
usr/lib/modules/7.1.5-sp11-render-parity-v4+/kernel/drivers/usb/host/fsl-mph-dr-of.ko.zst	00000f4b	000081a4	000003e8	000003e8	00000001	6a7f655c	00000000	00000030	00000000	00000000	00000000
usr/lib/modules/7.1.5-sp11-render-parity-v4+/kernel/drivers/usb/host/isp116x-hcd.ko.zst	00000f4c	000081a4	000003e8	000003e8	00000001	6a7f655b	00000000	00000030	00000000	00000000	00000000
usr/lib/modules/7.1.5-sp11-render-parity-v4+/kernel/drivers/usb/host/max3421-hcd.ko.zst	00000f4d	000081a4	000003e8	000003e8	00000001	6a7f655c	00000000	00000030	00000000	00000000	00000000
usr/lib/modules/7.1.5-sp11-render-parity-v4+/kernel/drivers/usb/host/ohci-platform.ko.zst	00000f4e	000081a4	000003e8	000003e8	00000001	6a7f655b	00000000	00000030	00000000	00000000	00000000
usr/lib/modules/7.1.5-sp11-render-parity-v4+/kernel/drivers/usb/host/oxu210hp-hcd.ko.zst	00000f4f	000081a4	000003e8	000003e8	00000001	6a7f655b	00000000	00000030	00000000	00000000	00000000
usr/lib/modules/7.1.5-sp11-render-parity-v4+/kernel/drivers/usb/host/r8a66597-hcd.ko.zst	00000f50	000081a4	000003e8	000003e8	00000001	6a7f655b	00000000	00000030	00000000	00000000	00000000
usr/lib/modules/7.1.5-sp11-render-parity-v4+/kernel/drivers/usb/host/ssb-hcd.ko.zst	00000f51	000081a4	000003e8	000003e8	00000001	6a7f655c	00000000	00000030	00000000	00000000	00000000
usr/lib/modules/7.1.5-sp11-render-parity-v4+/kernel/drivers/usb/host/xen-hcd.ko.zst	00000f52	000081a4	000003e8	000003e8	00000001	6a7f655c	00000000	00000030	00000000	00000000	00000000
usr/lib/modules/7.1.5-sp11-render-parity-v4+/kernel/drivers/usb/host/xhci-histb.ko.zst	00000f53	000081a4	000003e8	000003e8	00000001	6a7f655b	00000000	00000030	00000000	00000000	00000000
usr/lib/modules/7.1.5-sp11-render-parity-v4+/kernel/drivers/usb/host/xhci-mtk-hcd.ko.zst	00000f54	000081a4	000003e8	000003e8	00000001	6a7f655b	00000000	00000030	00000000	00000000	00000000
usr/lib/modules/7.1.5-sp11-render-parity-v4+/kernel/drivers/usb/host/xhci-pci-renesas.ko.zst	00000f55	000081a4	000003e8	000003e8	00000001	6a7f655b	00000000	00000030	00000000	00000000	00000000
usr/lib/modules/7.1.5-sp11-render-parity-v4+/kernel/drivers/usb/host/xhci-rcar-hcd.ko.zst	00000f56	000081a4	000003e8	000003e8	00000001	6a7f655b	00000000	00000030	00000000	00000000	00000000
usr/lib/modules/7.1.5-sp11-render-parity-v4+/kernel/drivers/usb/host/xhci-tegra.ko.zst	00000f57	000081a4	000003e8	000003e8	00000001	6a7f655b	00000000	00000030	00000000	00000000	00000000
usr/lib/modules/7.1.5-sp11-render-parity-v4+/kernel/drivers/usb/isp1760	00000f58	000041ed	000003e8	000003e8	00000002	6a8eba6d	00000000	00000030	00000000	00000000	00000000
usr/lib/modules/7.1.5-sp11-render-parity-v4+/kernel/drivers/usb/isp1760/isp1760.ko.zst	00000f59	000081a4	000003e8	000003e8	00000001	6a7f655f	00000000	00000030	00000000	00000000	00000000
usr/lib/modules/7.1.5-sp11-render-parity-v4+/kernel/drivers/usb/misc	00000f5a	000041ed	000003e8	000003e8	00000002	6a8eba6d	00000000	00000030	00000000	00000000	00000000
usr/lib/modules/7.1.5-sp11-render-parity-v4+/kernel/drivers/usb/misc/onboard_usb_dev.ko.zst	00000f5b	000081a4	000003e8	000003e8	00000001	6a7f655d	00000000	00000030	00000000	00000000	00000000
usr/lib/modules/7.1.5-sp11-render-parity-v4+/kernel/drivers/usb/misc/usb-ljca.ko.zst	00000f5c	000081a4	000003e8	000003e8	00000001	6a7f655c	00000000	00000030	00000000	00000000	00000000
usr/lib/modules/7.1.5-sp11-render-parity-v4+/kernel/drivers/usb/mtu3	00000f5d	000041ed	000003e8	000003e8	00000002	6a8eba6d	00000000	00000030	00000000	00000000	00000000
usr/lib/modules/7.1.5-sp11-render-parity-v4+/kernel/drivers/usb/mtu3/mtu3.ko.zst	00000f5e	000081a4	000003e8	000003e8	00000001	6a7f6560	00000000	00000030	00000000	00000000	00000000
usr/lib/modules/7.1.5-sp11-render-parity-v4+/kernel/drivers/usb/musb	00000f5f	000041ed	000003e8	000003e8	00000002	6a8eba6d	00000000	00000030	00000000	00000000	00000000
usr/lib/modules/7.1.5-sp11-render-parity-v4+/kernel/drivers/usb/musb/mediatek.ko.zst	00000f60	000081a4	000003e8	000003e8	00000001	6a7f6561	00000000	00000030	00000000	00000000	00000000
usr/lib/modules/7.1.5-sp11-render-parity-v4+/kernel/drivers/usb/musb/musb_hdrc.ko.zst	00000f61	000081a4	000003e8	000003e8	00000001	6a7f6561	00000000	00000030	00000000	00000000	00000000
usr/lib/modules/7.1.5-sp11-render-parity-v4+/kernel/drivers/usb/musb/sunxi.ko.zst	00000f62	000081a4	000003e8	000003e8	00000001	6a7f6561	00000000	00000030	00000000	00000000	00000000
usr/lib/modules/7.1.5-sp11-render-parity-v4+/kernel/drivers/usb/phy	00000f63	000041ed	000003e8	000003e8	00000002	6a8eba6d	00000000	00000030	00000000	00000000	00000000
usr/lib/modules/7.1.5-sp11-render-parity-v4+/kernel/drivers/usb/phy/phy-generic.ko.zst	00000f64	000081a4	000003e8	000003e8	00000001	6a7f655b	00000000	00000030	00000000	00000000	00000000
usr/lib/modules/7.1.5-sp11-render-parity-v4+/kernel/drivers/usb/phy/phy-gpio-vbus-usb.ko.zst	00000f65	000081a4	000003e8	000003e8	00000001	6a7f655b	00000000	00000030	00000000	00000000	00000000
usr/lib/modules/7.1.5-sp11-render-parity-v4+/kernel/drivers/usb/phy/phy-isp1301.ko.zst	00000f66	000081a4	000003e8	000003e8	00000001	6a7f655b	00000000	00000030	00000000	00000000	00000000
usr/lib/modules/7.1.5-sp11-render-parity-v4+/kernel/drivers/usb/phy/phy-tahvo.ko.zst	00000f67	000081a4	000003e8	000003e8	00000001	6a7f655b	00000000	00000030	00000000	00000000	00000000
usr/lib/modules/7.1.5-sp11-render-parity-v4+/kernel/drivers/usb/phy/phy-tegra-usb.ko.zst	00000f68	000081a4	000003e8	000003e8	00000001	6a7f655b	00000000	00000030	00000000	00000000	00000000
usr/lib/modules/7.1.5-sp11-render-parity-v4+/kernel/drivers/usb/renesas_usbhs	00000f69	000041ed	000003e8	000003e8	00000002	6a8eba6d	00000000	00000030	00000000	00000000	00000000
usr/lib/modules/7.1.5-sp11-render-parity-v4+/kernel/drivers/usb/renesas_usbhs/renesas_usbhs.ko.zst	00000f6a	000081a4	000003e8	000003e8	00000001	6a7f6562	00000000	00000030	00000000	00000000	00000000
usr/lib/modules/7.1.5-sp11-render-parity-v4+/kernel/drivers/usb/storage	00000f6b	000041ed	000003e8	000003e8	00000002	6a8eba6d	00000000	00000030	00000000	00000000	00000000
usr/lib/modules/7.1.5-sp11-render-parity-v4+/kernel/drivers/usb/storage/uas.ko.zst	00000f6c	000081a4	000003e8	000003e8	00000001	6a7f655c	00000000	00000030	00000000	00000000	00000000
usr/lib/modules/7.1.5-sp11-render-parity-v4+/kernel/drivers/usb/storage/ums-alauda.ko.zst	00000f6d	000081a4	000003e8	000003e8	00000001	6a7f655c	00000000	00000030	00000000	00000000	00000000
usr/lib/modules/7.1.5-sp11-render-parity-v4+/kernel/drivers/usb/storage/ums-cypress.ko.zst	00000f6e	000081a4	000003e8	000003e8	00000001	6a7f655c	00000000	00000030	00000000	00000000	00000000
usr/lib/modules/7.1.5-sp11-render-parity-v4+/kernel/drivers/usb/storage/ums-datafab.ko.zst	00000f6f	000081a4	000003e8	000003e8	00000001	6a7f655c	00000000	00000030	00000000	00000000	00000000
usr/lib/modules/7.1.5-sp11-render-parity-v4+/kernel/drivers/usb/storage/ums-eneub6250.ko.zst	00000f70	000081a4	000003e8	000003e8	00000001	6a7f655c	00000000	00000030	00000000	00000000	00000000
usr/lib/modules/7.1.5-sp11-render-parity-v4+/kernel/drivers/usb/storage/ums-freecom.ko.zst	00000f71	000081a4	000003e8	000003e8	00000001	6a7f655c	00000000	00000030	00000000	00000000	00000000
usr/lib/modules/7.1.5-sp11-render-parity-v4+/kernel/drivers/usb/storage/ums-isd200.ko.zst	00000f72	000081a4	000003e8	000003e8	00000001	6a7f655c	00000000	00000030	00000000	00000000	00000000
usr/lib/modules/7.1.5-sp11-render-parity-v4+/kernel/drivers/usb/storage/ums-jumpshot.ko.zst	00000f73	000081a4	000003e8	000003e8	00000001	6a7f655c	00000000	00000030	00000000	00000000	00000000
usr/lib/modules/7.1.5-sp11-render-parity-v4+/kernel/drivers/usb/storage/ums-karma.ko.zst	00000f74	000081a4	000003e8	000003e8	00000001	6a7f655c	00000000	00000030	00000000	00000000	00000000
usr/lib/modules/7.1.5-sp11-render-parity-v4+/kernel/drivers/usb/storage/ums-onetouch.ko.zst	00000f75	000081a4	000003e8	000003e8	00000001	6a7f655c	00000000	00000030	00000000	00000000	00000000
usr/lib/modules/7.1.5-sp11-render-parity-v4+/kernel/drivers/usb/storage/ums-realtek.ko.zst	00000f76	000081a4	000003e8	000003e8	00000001	6a7f655c	00000000	00000030	00000000	00000000	00000000
usr/lib/modules/7.1.5-sp11-render-parity-v4+/kernel/drivers/usb/storage/ums-sddr09.ko.zst	00000f77	000081a4	000003e8	000003e8	00000001	6a7f655c	00000000	00000030	00000000	00000000	00000000
usr/lib/modules/7.1.5-sp11-render-parity-v4+/kernel/drivers/usb/storage/ums-sddr55.ko.zst	00000f78	000081a4	000003e8	000003e8	00000001	6a7f655c	00000000	00000030	00000000	00000000	00000000
usr/lib/modules/7.1.5-sp11-render-parity-v4+/kernel/drivers/usb/storage/ums-usbat.ko.zst	00000f79	000081a4	000003e8	000003e8	00000001	6a7f655c	00000000	00000030	00000000	00000000	00000000
usr/lib/modules/7.1.5-sp11-render-parity-v4+/kernel/drivers/usb/storage/usb-storage.ko.zst	00000f7a	000081a4	000003e8	000003e8	00000001	6a7f655c	00000000	00000030	00000000	00000000	00000000
usr/lib/modules/7.1.5-sp11-render-parity-v4+/kernel/drivers/usb/typec	00000f7b	000041ed	000003e8	000003e8	00000007	6a8eba6d	00000000	00000030	00000000	00000000	00000000
usr/lib/modules/7.1.5-sp11-render-parity-v4+/kernel/drivers/usb/typec/altmodes	00000f7c	000041ed	000003e8	000003e8	00000002	6a8eba6d	00000000	00000030	00000000	00000000	00000000
usr/lib/modules/7.1.5-sp11-render-parity-v4+/kernel/drivers/usb/typec/altmodes/typec_displayport.ko.zst	00000f7d	000081a4	000003e8	000003e8	00000001	6a7f655e	00000000	00000030	00000000	00000000	00000000
usr/lib/modules/7.1.5-sp11-render-parity-v4+/kernel/drivers/usb/typec/altmodes/typec_nvidia.ko.zst	00000f7e	000081a4	000003e8	000003e8	00000001	6a7f655e	00000000	00000030	00000000	00000000	00000000
usr/lib/modules/7.1.5-sp11-render-parity-v4+/kernel/drivers/usb/typec/altmodes/typec_thunderbolt.ko.zst	00000f7f	000081a4	000003e8	000003e8	00000001	6a7f655e	00000000	00000030	00000000	00000000	00000000
usr/lib/modules/7.1.5-sp11-render-parity-v4+/kernel/drivers/usb/typec/anx7411.ko.zst	00000f80	000081a4	000003e8	000003e8	00000001	6a7f655f	00000000	00000030	00000000	00000000	00000000
usr/lib/modules/7.1.5-sp11-render-parity-v4+/kernel/drivers/usb/typec/hd3ss3220.ko.zst	00000f81	000081a4	000003e8	000003e8	00000001	6a7f655f	00000000	00000030	00000000	00000000	00000000
usr/lib/modules/7.1.5-sp11-render-parity-v4+/kernel/drivers/usb/typec/mux	00000f82	000041ed	000003e8	000003e8	00000002	6a8eba6d	00000000	00000030	00000000	00000000	00000000
usr/lib/modules/7.1.5-sp11-render-parity-v4+/kernel/drivers/usb/typec/mux/fsa4480.ko.zst	00000f83	000081a4	000003e8	000003e8	00000001	6a7f655e	00000000	00000030	00000000	00000000	00000000
usr/lib/modules/7.1.5-sp11-render-parity-v4+/kernel/drivers/usb/typec/mux/gpio-sbu-mux.ko.zst	00000f84	000081a4	000003e8	000003e8	00000001	6a7f655e	00000000	00000030	00000000	00000000	00000000
usr/lib/modules/7.1.5-sp11-render-parity-v4+/kernel/drivers/usb/typec/mux/it5205.ko.zst	00000f85	000081a4	000003e8	000003e8	00000001	6a7f655f	00000000	00000030	00000000	00000000	00000000
usr/lib/modules/7.1.5-sp11-render-parity-v4+/kernel/drivers/usb/typec/mux/nb7vpq904m.ko.zst	00000f86	000081a4	000003e8	000003e8	00000001	6a7f655f	00000000	00000030	00000000	00000000	00000000
usr/lib/modules/7.1.5-sp11-render-parity-v4+/kernel/drivers/usb/typec/mux/pi3usb30532.ko.zst	00000f87	000081a4	000003e8	000003e8	00000001	6a7f655f	00000000	00000030	00000000	00000000	00000000
usr/lib/modules/7.1.5-sp11-render-parity-v4+/kernel/drivers/usb/typec/mux/ps883x.ko.zst	00000f88	000081a4	000003e8	000003e8	00000001	6a7f655f	00000000	00000030	00000000	00000000	00000000
usr/lib/modules/7.1.5-sp11-render-parity-v4+/kernel/drivers/usb/typec/mux/ptn36502.ko.zst	00000f89	000081a4	000003e8	000003e8	00000001	6a7f655f	00000000	00000030	00000000	00000000	00000000
usr/lib/modules/7.1.5-sp11-render-parity-v4+/kernel/drivers/usb/typec/mux/tusb1046.ko.zst	00000f8a	000081a4	000003e8	000003e8	00000001	6a7f655f	00000000	00000030	00000000	00000000	00000000
usr/lib/modules/7.1.5-sp11-render-parity-v4+/kernel/drivers/usb/typec/mux/wcd939x-usbss.ko.zst	00000f8b	000081a4	000003e8	000003e8	00000001	6a7f655f	00000000	00000030	00000000	00000000	00000000
usr/lib/modules/7.1.5-sp11-render-parity-v4+/kernel/drivers/usb/typec/rt1719.ko.zst	00000f8c	000081a4	000003e8	000003e8	00000001	6a7f655f	00000000	00000030	00000000	00000000	00000000
usr/lib/modules/7.1.5-sp11-render-parity-v4+/kernel/drivers/usb/typec/stusb160x.ko.zst	00000f8d	000081a4	000003e8	000003e8	00000001	6a7f655f	00000000	00000030	00000000	00000000	00000000
usr/lib/modules/7.1.5-sp11-render-parity-v4+/kernel/drivers/usb/typec/tcpm	00000f8e	000041ed	000003e8	000003e8	00000003	6a8eba6d	00000000	00000030	00000000	00000000	00000000
usr/lib/modules/7.1.5-sp11-render-parity-v4+/kernel/drivers/usb/typec/tcpm/fusb302.ko.zst	00000f8f	000081a4	000003e8	000003e8	00000001	6a7f655f	00000000	00000030	00000000	00000000	00000000
usr/lib/modules/7.1.5-sp11-render-parity-v4+/kernel/drivers/usb/typec/tcpm/qcom	00000f90	000041ed	000003e8	000003e8	00000002	6a8eba6d	00000000	00000030	00000000	00000000	00000000
usr/lib/modules/7.1.5-sp11-render-parity-v4+/kernel/drivers/usb/typec/tcpm/qcom/qcom_pmic_tcpm.ko.zst	00000f91	000081a4	000003e8	000003e8	00000001	6a7f655f	00000000	00000030	00000000	00000000	00000000
usr/lib/modules/7.1.5-sp11-render-parity-v4+/kernel/drivers/usb/typec/tcpm/tcpci.ko.zst	00000f92	000081a4	000003e8	000003e8	00000001	6a7f655f	00000000	00000030	00000000	00000000	00000000
usr/lib/modules/7.1.5-sp11-render-parity-v4+/kernel/drivers/usb/typec/tcpm/tcpci_maxim.ko.zst	00000f93	000081a4	000003e8	000003e8	00000001	6a7f655f	00000000	00000030	00000000	00000000	00000000
usr/lib/modules/7.1.5-sp11-render-parity-v4+/kernel/drivers/usb/typec/tcpm/tcpci_mt6360.ko.zst	00000f94	000081a4	000003e8	000003e8	00000001	6a7f655f	00000000	00000030	00000000	00000000	00000000
usr/lib/modules/7.1.5-sp11-render-parity-v4+/kernel/drivers/usb/typec/tcpm/tcpci_mt6370.ko.zst	00000f95	000081a4	000003e8	000003e8	00000001	6a7f655f	00000000	00000030	00000000	00000000	00000000
usr/lib/modules/7.1.5-sp11-render-parity-v4+/kernel/drivers/usb/typec/tcpm/tcpci_rt1711h.ko.zst	00000f96	000081a4	000003e8	000003e8	00000001	6a7f655f	00000000	00000030	00000000	00000000	00000000
usr/lib/modules/7.1.5-sp11-render-parity-v4+/kernel/drivers/usb/typec/tcpm/tcpm.ko.zst	00000f97	000081a4	000003e8	000003e8	00000001	6a7f655f	00000000	00000030	00000000	00000000	00000000
usr/lib/modules/7.1.5-sp11-render-parity-v4+/kernel/drivers/usb/typec/tipd	00000f98	000041ed	000003e8	000003e8	00000002	6a8eba6d	00000000	00000030	00000000	00000000	00000000
usr/lib/modules/7.1.5-sp11-render-parity-v4+/kernel/drivers/usb/typec/tipd/tps6598x.ko.zst	00000f99	000081a4	000003e8	000003e8	00000001	6a7f655f	00000000	00000030	00000000	00000000	00000000
usr/lib/modules/7.1.5-sp11-render-parity-v4+/kernel/drivers/usb/typec/ucsi	00000f9a	000041ed	000003e8	000003e8	00000002	6a8eba6d	00000000	00000030	00000000	00000000	00000000
usr/lib/modules/7.1.5-sp11-render-parity-v4+/kernel/drivers/usb/typec/ucsi/cros_ec_ucsi.ko.zst	00000f9b	000081a4	000003e8	000003e8	00000001	6a7f655f	00000000	00000030	00000000	00000000	00000000
usr/lib/modules/7.1.5-sp11-render-parity-v4+/kernel/drivers/usb/typec/ucsi/typec_ucsi.ko.zst	00000f9c	000081a4	000003e8	000003e8	00000001	6a7f655f	00000000	00000030	00000000	00000000	00000000
usr/lib/modules/7.1.5-sp11-render-parity-v4+/kernel/drivers/usb/typec/ucsi/ucsi_acpi.ko.zst	00000f9d	000081a4	000003e8	000003e8	00000001	6a7f655f	00000000	00000030	00000000	00000000	00000000
usr/lib/modules/7.1.5-sp11-render-parity-v4+/kernel/drivers/usb/typec/ucsi/ucsi_ccg.ko.zst	00000f9e	000081a4	000003e8	000003e8	00000001	6a7f655f	00000000	00000030	00000000	00000000	00000000
usr/lib/modules/7.1.5-sp11-render-parity-v4+/kernel/drivers/usb/typec/ucsi/ucsi_glink.ko.zst	00000f9f	000081a4	000003e8	000003e8	00000001	6a7f655f	00000000	00000030	00000000	00000000	00000000
usr/lib/modules/7.1.5-sp11-render-parity-v4+/kernel/drivers/usb/typec/ucsi/ucsi_stm32g0.ko.zst	00000fa0	000081a4	000003e8	000003e8	00000001	6a7f655f	00000000	00000030	00000000	00000000	00000000
usr/lib/modules/7.1.5-sp11-render-parity-v4+/kernel/drivers/usb/typec/ucsi/ucsi_yoga_c630.ko.zst	00000fa1	000081a4	000003e8	000003e8	00000001	6a7f655f	00000000	00000030	00000000	00000000	00000000
usr/lib/modules/7.1.5-sp11-render-parity-v4+/kernel/drivers/usb/typec/wusb3801.ko.zst	00000fa2	000081a4	000003e8	000003e8	00000001	6a7f655f	00000000	00000030	00000000	00000000	00000000
usr/lib/modules/7.1.5-sp11-render-parity-v4+/kernel/drivers/video	00000fa3	000041ed	000003e8	000003e8	00000003	6a8eba6d	00000000	00000030	00000000	00000000	00000000
usr/lib/modules/7.1.5-sp11-render-parity-v4+/kernel/drivers/video/backlight	00000fa4	000041ed	000003e8	000003e8	00000002	6a8eba6d	00000000	00000030	00000000	00000000	00000000
usr/lib/modules/7.1.5-sp11-render-parity-v4+/kernel/drivers/video/backlight/88pm860x_bl.ko.zst	00000fa5	000081a4	000003e8	000003e8	00000001	6a7f651a	00000000	00000030	00000000	00000000	00000000
usr/lib/modules/7.1.5-sp11-render-parity-v4+/kernel/drivers/video/backlight/aat2870_bl.ko.zst	00000fa6	000081a4	000003e8	000003e8	00000001	6a7f651a	00000000	00000030	00000000	00000000	00000000
usr/lib/modules/7.1.5-sp11-render-parity-v4+/kernel/drivers/video/backlight/adp5520_bl.ko.zst	00000fa7	000081a4	000003e8	000003e8	00000001	6a7f651a	00000000	00000030	00000000	00000000	00000000
usr/lib/modules/7.1.5-sp11-render-parity-v4+/kernel/drivers/video/backlight/adp8860_bl.ko.zst	00000fa8	000081a4	000003e8	000003e8	00000001	6a7f651a	00000000	00000030	00000000	00000000	00000000
usr/lib/modules/7.1.5-sp11-render-parity-v4+/kernel/drivers/video/backlight/adp8870_bl.ko.zst	00000fa9	000081a4	000003e8	000003e8	00000001	6a7f651a	00000000	00000030	00000000	00000000	00000000
usr/lib/modules/7.1.5-sp11-render-parity-v4+/kernel/drivers/video/backlight/ams369fg06.ko.zst	00000faa	000081a4	000003e8	000003e8	00000001	6a7f651a	00000000	00000030	00000000	00000000	00000000
usr/lib/modules/7.1.5-sp11-render-parity-v4+/kernel/drivers/video/backlight/arcxcnn_bl.ko.zst	00000fab	000081a4	000003e8	000003e8	00000001	6a7f651b	00000000	00000030	00000000	00000000	00000000
usr/lib/modules/7.1.5-sp11-render-parity-v4+/kernel/drivers/video/backlight/as3711_bl.ko.zst	00000fac	000081a4	000003e8	000003e8	00000001	6a7f651a	00000000	00000030	00000000	00000000	00000000
usr/lib/modules/7.1.5-sp11-render-parity-v4+/kernel/drivers/video/backlight/aw99706.ko.zst	00000fad	000081a4	000003e8	000003e8	00000001	6a7f651a	00000000	00000030	00000000	00000000	00000000
usr/lib/modules/7.1.5-sp11-render-parity-v4+/kernel/drivers/video/backlight/bd6107.ko.zst	00000fae	000081a4	000003e8	000003e8	00000001	6a7f651a	00000000	00000030	00000000	00000000	00000000
usr/lib/modules/7.1.5-sp11-render-parity-v4+/kernel/drivers/video/backlight/da903x_bl.ko.zst	00000faf	000081a4	000003e8	000003e8	00000001	6a7f651b	00000000	00000030	00000000	00000000	00000000
usr/lib/modules/7.1.5-sp11-render-parity-v4+/kernel/drivers/video/backlight/da9052_bl.ko.zst	00000fb0	000081a4	000003e8	000003e8	00000001	6a7f651b	00000000	00000030	00000000	00000000	00000000
usr/lib/modules/7.1.5-sp11-render-parity-v4+/kernel/drivers/video/backlight/gpio_backlight.ko.zst	00000fb1	000081a4	000003e8	000003e8	00000001	6a7f651b	00000000	00000030	00000000	00000000	00000000
usr/lib/modules/7.1.5-sp11-render-parity-v4+/kernel/drivers/video/backlight/hx8357.ko.zst	00000fb2	000081a4	000003e8	000003e8	00000001	6a7f651a	00000000	00000030	00000000	00000000	00000000
usr/lib/modules/7.1.5-sp11-render-parity-v4+/kernel/drivers/video/backlight/ili922x.ko.zst	00000fb3	000081a4	000003e8	000003e8	00000001	6a7f651a	00000000	00000030	00000000	00000000	00000000
usr/lib/modules/7.1.5-sp11-render-parity-v4+/kernel/drivers/video/backlight/ili9320.ko.zst	00000fb4	000081a4	000003e8	000003e8	00000001	6a7f651a	00000000	00000030	00000000	00000000	00000000
usr/lib/modules/7.1.5-sp11-render-parity-v4+/kernel/drivers/video/backlight/ktd253-backlight.ko.zst	00000fb5	000081a4	000003e8	000003e8	00000001	6a7f651b	00000000	00000030	00000000	00000000	00000000
usr/lib/modules/7.1.5-sp11-render-parity-v4+/kernel/drivers/video/backlight/ktd2801-backlight.ko.zst	00000fb6	000081a4	000003e8	000003e8	00000001	6a7f651b	00000000	00000030	00000000	00000000	00000000
usr/lib/modules/7.1.5-sp11-render-parity-v4+/kernel/drivers/video/backlight/ktz8866.ko.zst	00000fb7	000081a4	000003e8	000003e8	00000001	6a7f651b	00000000	00000030	00000000	00000000	00000000
usr/lib/modules/7.1.5-sp11-render-parity-v4+/kernel/drivers/video/backlight/l4f00242t03.ko.zst	00000fb8	000081a4	000003e8	000003e8	00000001	6a7f651a	00000000	00000030	00000000	00000000	00000000
usr/lib/modules/7.1.5-sp11-render-parity-v4+/kernel/drivers/video/backlight/lcd.ko.zst	00000fb9	000081a4	000003e8	000003e8	00000001	6a7f651a	00000000	00000030	00000000	00000000	00000000
usr/lib/modules/7.1.5-sp11-render-parity-v4+/kernel/drivers/video/backlight/led_bl.ko.zst	00000fba	000081a4	000003e8	000003e8	00000001	6a7f651b	00000000	00000030	00000000	00000000	00000000
usr/lib/modules/7.1.5-sp11-render-parity-v4+/kernel/drivers/video/backlight/lm3509_bl.ko.zst	00000fbb	000081a4	000003e8	000003e8	00000001	6a7f651b	00000000	00000030	00000000	00000000	00000000
usr/lib/modules/7.1.5-sp11-render-parity-v4+/kernel/drivers/video/backlight/lm3533_bl.ko.zst	00000fbc	000081a4	000003e8	000003e8	00000001	6a7f651b	00000000	00000030	00000000	00000000	00000000
usr/lib/modules/7.1.5-sp11-render-parity-v4+/kernel/drivers/video/backlight/lm3630a_bl.ko.zst	00000fbd	000081a4	000003e8	000003e8	00000001	6a7f651b	00000000	00000030	00000000	00000000	00000000
usr/lib/modules/7.1.5-sp11-render-parity-v4+/kernel/drivers/video/backlight/lm3639_bl.ko.zst	00000fbe	000081a4	000003e8	000003e8	00000001	6a7f651b	00000000	00000030	00000000	00000000	00000000
usr/lib/modules/7.1.5-sp11-render-parity-v4+/kernel/drivers/video/backlight/lms283gf05.ko.zst	00000fbf	000081a4	000003e8	000003e8	00000001	6a7f651a	00000000	00000030	00000000	00000000	00000000
usr/lib/modules/7.1.5-sp11-render-parity-v4+/kernel/drivers/video/backlight/lms501kf03.ko.zst	00000fc0	000081a4	000003e8	000003e8	00000001	6a7f651a	00000000	00000030	00000000	00000000	00000000
usr/lib/modules/7.1.5-sp11-render-parity-v4+/kernel/drivers/video/backlight/lp855x_bl.ko.zst	00000fc1	000081a4	000003e8	000003e8	00000001	6a7f651b	00000000	00000030	00000000	00000000	00000000
usr/lib/modules/7.1.5-sp11-render-parity-v4+/kernel/drivers/video/backlight/lp8788_bl.ko.zst	00000fc2	000081a4	000003e8	000003e8	00000001	6a7f651b	00000000	00000030	00000000	00000000	00000000
usr/lib/modules/7.1.5-sp11-render-parity-v4+/kernel/drivers/video/backlight/ltv350qv.ko.zst	00000fc3	000081a4	000003e8	000003e8	00000001	6a7f651a	00000000	00000030	00000000	00000000	00000000
usr/lib/modules/7.1.5-sp11-render-parity-v4+/kernel/drivers/video/backlight/lv5207lp.ko.zst	00000fc4	000081a4	000003e8	000003e8	00000001	6a7f651b	00000000	00000030	00000000	00000000	00000000
usr/lib/modules/7.1.5-sp11-render-parity-v4+/kernel/drivers/video/backlight/max8925_bl.ko.zst	00000fc5	000081a4	000003e8	000003e8	00000001	6a7f651b	00000000	00000030	00000000	00000000	00000000
usr/lib/modules/7.1.5-sp11-render-parity-v4+/kernel/drivers/video/backlight/mp3309c.ko.zst	00000fc6	000081a4	000003e8	000003e8	00000001	6a7f651b	00000000	00000030	00000000	00000000	00000000
usr/lib/modules/7.1.5-sp11-render-parity-v4+/kernel/drivers/video/backlight/mt6370-backlight.ko.zst	00000fc7	000081a4	000003e8	000003e8	00000001	6a7f651b	00000000	00000030	00000000	00000000	00000000
usr/lib/modules/7.1.5-sp11-render-parity-v4+/kernel/drivers/video/backlight/otm3225a.ko.zst	00000fc8	000081a4	000003e8	000003e8	00000001	6a7f651a	00000000	00000030	00000000	00000000	00000000
usr/lib/modules/7.1.5-sp11-render-parity-v4+/kernel/drivers/video/backlight/pandora_bl.ko.zst	00000fc9	000081a4	000003e8	000003e8	00000001	6a7f651b	00000000	00000030	00000000	00000000	00000000
usr/lib/modules/7.1.5-sp11-render-parity-v4+/kernel/drivers/video/backlight/platform_lcd.ko.zst	00000fca	000081a4	000003e8	000003e8	00000001	6a7f651a	00000000	00000030	00000000	00000000	00000000
usr/lib/modules/7.1.5-sp11-render-parity-v4+/kernel/drivers/video/backlight/pwm_bl.ko.zst	00000fcb	000081a4	000003e8	000003e8	00000001	6a7f651b	00000000	00000030	00000000	00000000	00000000
usr/lib/modules/7.1.5-sp11-render-parity-v4+/kernel/drivers/video/backlight/qcom-wled.ko.zst	00000fcc	000081a4	000003e8	000003e8	00000001	6a7f651b	00000000	00000030	00000000	00000000	00000000
usr/lib/modules/7.1.5-sp11-render-parity-v4+/kernel/drivers/video/backlight/rave-sp-backlight.ko.zst	00000fcd	000081a4	000003e8	000003e8	00000001	6a7f651b	00000000	00000030	00000000	00000000	00000000
usr/lib/modules/7.1.5-sp11-render-parity-v4+/kernel/drivers/video/backlight/rt4831-backlight.ko.zst	00000fce	000081a4	000003e8	000003e8	00000001	6a7f651b	00000000	00000030	00000000	00000000	00000000
usr/lib/modules/7.1.5-sp11-render-parity-v4+/kernel/drivers/video/backlight/sky81452-backlight.ko.zst	00000fcf	000081a4	000003e8	000003e8	00000001	6a7f651b	00000000	00000030	00000000	00000000	00000000
usr/lib/modules/7.1.5-sp11-render-parity-v4+/kernel/drivers/video/backlight/tdo24m.ko.zst	00000fd0	000081a4	000003e8	000003e8	00000001	6a7f651a	00000000	00000030	00000000	00000000	00000000
usr/lib/modules/7.1.5-sp11-render-parity-v4+/kernel/drivers/video/backlight/tps65217_bl.ko.zst	00000fd1	000081a4	000003e8	000003e8	00000001	6a7f651b	00000000	00000030	00000000	00000000	00000000
usr/lib/modules/7.1.5-sp11-render-parity-v4+/kernel/drivers/video/backlight/vgg2432a4.ko.zst	00000fd2	000081a4	000003e8	000003e8	00000001	6a7f651a	00000000	00000030	00000000	00000000	00000000
usr/lib/modules/7.1.5-sp11-render-parity-v4+/kernel/drivers/video/backlight/wm831x_bl.ko.zst	00000fd3	000081a4	000003e8	000003e8	00000001	6a7f651b	00000000	00000030	00000000	00000000	00000000
usr/lib/modules/7.1.5-sp11-render-parity-v4+/kernel/drivers/virtio	00000fd4	000041ed	000003e8	000003e8	00000002	6a8eba6d	00000000	00000030	00000000	00000000	00000000
usr/lib/modules/7.1.5-sp11-render-parity-v4+/kernel/drivers/virtio/virtio_dma_buf.ko.zst	00000fd5	000081a4	000003e8	000003e8	00000001	6a7f6526	00000000	00000030	00000000	00000000	00000000
usr/lib/modules/7.1.5-sp11-render-parity-v4+/kernel/drivers/w1	00000fd6	000041ed	000003e8	000003e8	00000003	6a8eba6d	00000000	00000030	00000000	00000000	00000000
usr/lib/modules/7.1.5-sp11-render-parity-v4+/kernel/drivers/w1/slaves	00000fd7	000041ed	000003e8	000003e8	00000002	6a8eba6d	00000000	00000030	00000000	00000000	00000000
usr/lib/modules/7.1.5-sp11-render-parity-v4+/kernel/drivers/w1/slaves/w1_ds2780.ko.zst	00000fd8	000081a4	000003e8	000003e8	00000001	6a7f65a7	00000000	00000030	00000000	00000000	00000000
usr/lib/modules/7.1.5-sp11-render-parity-v4+/kernel/drivers/w1/slaves/w1_ds2781.ko.zst	00000fd9	000081a4	000003e8	000003e8	00000001	6a7f65a7	00000000	00000030	00000000	00000000	00000000
usr/lib/modules/7.1.5-sp11-render-parity-v4+/kernel/drivers/w1/wire.ko.zst	00000fda	000081a4	000003e8	000003e8	00000001	6a7f65a7	00000000	00000030	00000000	00000000	00000000
usr/lib/modules/7.1.5-sp11-render-parity-v4+/kernel/drivers/watchdog	00000fdb	000041ed	000003e8	000003e8	00000002	6a8eba6d	00000000	00000030	00000000	00000000	00000000
usr/lib/modules/7.1.5-sp11-render-parity-v4+/kernel/drivers/watchdog/alim7101_wdt.ko.zst	00000fdc	000081a4	000003e8	000003e8	00000001	6a7f658f	00000000	00000030	00000000	00000000	00000000
usr/lib/modules/7.1.5-sp11-render-parity-v4+/kernel/drivers/watchdog/apple_wdt.ko.zst	00000fdd	000081a4	000003e8	000003e8	00000001	6a7f658f	00000000	00000030	00000000	00000000	00000000
usr/lib/modules/7.1.5-sp11-render-parity-v4+/kernel/drivers/watchdog/arm_smc_wdt.ko.zst	00000fdf	000081a4	000003e8	000003e8	00000001	6a7f658f	00000000	00000030	00000000	00000000	00000000
usr/lib/modules/7.1.5-sp11-render-parity-v4+/kernel/drivers/watchdog/armada_37xx_wdt.ko.zst	00000fde	000081a4	000003e8	000003e8	00000001	6a7f658f	00000000	00000030	00000000	00000000	00000000
usr/lib/modules/7.1.5-sp11-render-parity-v4+/kernel/drivers/watchdog/bd9576_wdt.ko.zst	00000fe0	000081a4	000003e8	000003e8	00000001	6a7f6590	00000000	00000030	00000000	00000000	00000000
usr/lib/modules/7.1.5-sp11-render-parity-v4+/kernel/drivers/watchdog/bd96801_wdt.ko.zst	00000fe1	000081a4	000003e8	000003e8	00000001	6a7f6590	00000000	00000030	00000000	00000000	00000000
usr/lib/modules/7.1.5-sp11-render-parity-v4+/kernel/drivers/watchdog/cadence_wdt.ko.zst	00000fe2	000081a4	000003e8	000003e8	00000001	6a7f658f	00000000	00000030	00000000	00000000	00000000
usr/lib/modules/7.1.5-sp11-render-parity-v4+/kernel/drivers/watchdog/cros_ec_wdt.ko.zst	00000fe3	000081a4	000003e8	000003e8	00000001	6a7f6590	00000000	00000030	00000000	00000000	00000000
usr/lib/modules/7.1.5-sp11-render-parity-v4+/kernel/drivers/watchdog/da9052_wdt.ko.zst	00000fe4	000081a4	000003e8	000003e8	00000001	6a7f6590	00000000	00000030	00000000	00000000	00000000
usr/lib/modules/7.1.5-sp11-render-parity-v4+/kernel/drivers/watchdog/da9055_wdt.ko.zst	00000fe5	000081a4	000003e8	000003e8	00000001	6a7f6590	00000000	00000030	00000000	00000000	00000000
usr/lib/modules/7.1.5-sp11-render-parity-v4+/kernel/drivers/watchdog/da9062_wdt.ko.zst	00000fe6	000081a4	000003e8	000003e8	00000001	6a7f6590	00000000	00000030	00000000	00000000	00000000
usr/lib/modules/7.1.5-sp11-render-parity-v4+/kernel/drivers/watchdog/da9063_wdt.ko.zst	00000fe7	000081a4	000003e8	000003e8	00000001	6a7f6590	00000000	00000030	00000000	00000000	00000000
usr/lib/modules/7.1.5-sp11-render-parity-v4+/kernel/drivers/watchdog/dw_wdt.ko.zst	00000fe8	000081a4	000003e8	000003e8	00000001	6a7f658f	00000000	00000030	00000000	00000000	00000000
usr/lib/modules/7.1.5-sp11-render-parity-v4+/kernel/drivers/watchdog/gpio_wdt.ko.zst	00000fe9	000081a4	000003e8	000003e8	00000001	6a7f6590	00000000	00000030	00000000	00000000	00000000
usr/lib/modules/7.1.5-sp11-render-parity-v4+/kernel/drivers/watchdog/hpwdt.ko.zst	00000fea	000081a4	000003e8	000003e8	00000001	6a7f6590	00000000	00000030	00000000	00000000	00000000
usr/lib/modules/7.1.5-sp11-render-parity-v4+/kernel/drivers/watchdog/i6300esb.ko.zst	00000feb	000081a4	000003e8	000003e8	00000001	6a7f6590	00000000	00000030	00000000	00000000	00000000
usr/lib/modules/7.1.5-sp11-render-parity-v4+/kernel/drivers/watchdog/imx2_wdt.ko.zst	00000fec	000081a4	000003e8	000003e8	00000001	6a7f658f	00000000	00000030	00000000	00000000	00000000
usr/lib/modules/7.1.5-sp11-render-parity-v4+/kernel/drivers/watchdog/imx7ulp_wdt.ko.zst	00000fed	000081a4	000003e8	000003e8	00000001	6a7f658f	00000000	00000030	00000000	00000000	00000000
usr/lib/modules/7.1.5-sp11-render-parity-v4+/kernel/drivers/watchdog/imx_sc_wdt.ko.zst	00000fee	000081a4	000003e8	000003e8	00000001	6a7f658f	00000000	00000030	00000000	00000000	00000000
usr/lib/modules/7.1.5-sp11-render-parity-v4+/kernel/drivers/watchdog/keembay_wdt.ko.zst	00000fef	000081a4	000003e8	000003e8	00000001	6a7f6590	00000000	00000030	00000000	00000000	00000000
usr/lib/modules/7.1.5-sp11-render-parity-v4+/kernel/drivers/watchdog/kempld_wdt.ko.zst	00000ff0	000081a4	000003e8	000003e8	00000001	6a7f6590	00000000	00000030	00000000	00000000	00000000
usr/lib/modules/7.1.5-sp11-render-parity-v4+/kernel/drivers/watchdog/marvell_gti_wdt.ko.zst	00000ff1	000081a4	000003e8	000003e8	00000001	6a7f658f	00000000	00000030	00000000	00000000	00000000
usr/lib/modules/7.1.5-sp11-render-parity-v4+/kernel/drivers/watchdog/max63xx_wdt.ko.zst	00000ff2	000081a4	000003e8	000003e8	00000001	6a7f6590	00000000	00000030	00000000	00000000	00000000
usr/lib/modules/7.1.5-sp11-render-parity-v4+/kernel/drivers/watchdog/max77620_wdt.ko.zst	00000ff3	000081a4	000003e8	000003e8	00000001	6a7f6590	00000000	00000030	00000000	00000000	00000000
usr/lib/modules/7.1.5-sp11-render-parity-v4+/kernel/drivers/watchdog/mena21_wdt.ko.zst	00000ff4	000081a4	000003e8	000003e8	00000001	6a7f6590	00000000	00000030	00000000	00000000	00000000
usr/lib/modules/7.1.5-sp11-render-parity-v4+/kernel/drivers/watchdog/menf21bmc_wdt.ko.zst	00000ff5	000081a4	000003e8	000003e8	00000001	6a7f6590	00000000	00000030	00000000	00000000	00000000
usr/lib/modules/7.1.5-sp11-render-parity-v4+/kernel/drivers/watchdog/menz69_wdt.ko.zst	00000ff6	000081a4	000003e8	000003e8	00000001	6a7f6590	00000000	00000030	00000000	00000000	00000000
usr/lib/modules/7.1.5-sp11-render-parity-v4+/kernel/drivers/watchdog/meson_gxbb_wdt.ko.zst	00000ff7	000081a4	000003e8	000003e8	00000001	6a7f658f	00000000	00000030	00000000	00000000	00000000
usr/lib/modules/7.1.5-sp11-render-parity-v4+/kernel/drivers/watchdog/meson_wdt.ko.zst	00000ff8	000081a4	000003e8	000003e8	00000001	6a7f658f	00000000	00000030	00000000	00000000	00000000
usr/lib/modules/7.1.5-sp11-render-parity-v4+/kernel/drivers/watchdog/mlx_wdt.ko.zst	00000ff9	000081a4	000003e8	000003e8	00000001	6a7f6590	00000000	00000030	00000000	00000000	00000000
usr/lib/modules/7.1.5-sp11-render-parity-v4+/kernel/drivers/watchdog/mtk_wdt.ko.zst	00000ffa	000081a4	000003e8	000003e8	00000001	6a7f658f	00000000	00000030	00000000	00000000	00000000
usr/lib/modules/7.1.5-sp11-render-parity-v4+/kernel/drivers/watchdog/of_xilinx_wdt.ko.zst	00000ffb	000081a4	000003e8	000003e8	00000001	6a7f6590	00000000	00000030	00000000	00000000	00000000
usr/lib/modules/7.1.5-sp11-render-parity-v4+/kernel/drivers/watchdog/pcwd_pci.ko.zst	00000ffc	000081a4	000003e8	000003e8	00000001	6a7f658f	00000000	00000030	00000000	00000000	00000000
usr/lib/modules/7.1.5-sp11-render-parity-v4+/kernel/drivers/watchdog/pcwd_usb.ko.zst	00000ffd	000081a4	000003e8	000003e8	00000001	6a7f658f	00000000	00000030	00000000	00000000	00000000
usr/lib/modules/7.1.5-sp11-render-parity-v4+/kernel/drivers/watchdog/pm8916_wdt.ko.zst	00000ffe	000081a4	000003e8	000003e8	00000001	6a7f658f	00000000	00000030	00000000	00000000	00000000
usr/lib/modules/7.1.5-sp11-render-parity-v4+/kernel/drivers/watchdog/pretimeout_panic.ko.zst	00000fff	000081a4	000003e8	000003e8	00000001	6a7f658f	00000000	00000030	00000000	00000000	00000000
usr/lib/modules/7.1.5-sp11-render-parity-v4+/kernel/drivers/watchdog/qcom-wdt.ko.zst	00001000	000081a4	000003e8	000003e8	00000001	6a7f658f	00000000	00000030	00000000	00000000	00000000
usr/lib/modules/7.1.5-sp11-render-parity-v4+/kernel/drivers/watchdog/rave-sp-wdt.ko.zst	00001001	000081a4	000003e8	000003e8	00000001	6a7f6590	00000000	00000030	00000000	00000000	00000000
usr/lib/modules/7.1.5-sp11-render-parity-v4+/kernel/drivers/watchdog/renesas_wdt.ko.zst	00001002	000081a4	000003e8	000003e8	00000001	6a7f658f	00000000	00000030	00000000	00000000	00000000
usr/lib/modules/7.1.5-sp11-render-parity-v4+/kernel/drivers/watchdog/renesas_wwdt.ko.zst	00001003	000081a4	000003e8	000003e8	00000001	6a7f658f	00000000	00000030	00000000	00000000	00000000
usr/lib/modules/7.1.5-sp11-render-parity-v4+/kernel/drivers/watchdog/retu_wdt.ko.zst	00001004	000081a4	000003e8	000003e8	00000001	6a7f658f	00000000	00000030	00000000	00000000	00000000
usr/lib/modules/7.1.5-sp11-render-parity-v4+/kernel/drivers/watchdog/rn5t618_wdt.ko.zst	00001005	000081a4	000003e8	000003e8	00000001	6a7f658f	00000000	00000030	00000000	00000000	00000000
usr/lib/modules/7.1.5-sp11-render-parity-v4+/kernel/drivers/watchdog/rti_wdt.ko.zst	00001006	000081a4	000003e8	000003e8	00000001	6a7f658f	00000000	00000030	00000000	00000000	00000000
usr/lib/modules/7.1.5-sp11-render-parity-v4+/kernel/drivers/watchdog/rza_wdt.ko.zst	00001007	000081a4	000003e8	000003e8	00000001	6a7f658f	00000000	00000030	00000000	00000000	00000000
usr/lib/modules/7.1.5-sp11-render-parity-v4+/kernel/drivers/watchdog/rzg2l_wdt.ko.zst	00001008	000081a4	000003e8	000003e8	00000001	6a7f658f	00000000	00000030	00000000	00000000	00000000
usr/lib/modules/7.1.5-sp11-render-parity-v4+/kernel/drivers/watchdog/rzn1_wdt.ko.zst	00001009	000081a4	000003e8	000003e8	00000001	6a7f658f	00000000	00000030	00000000	00000000	00000000
usr/lib/modules/7.1.5-sp11-render-parity-v4+/kernel/drivers/watchdog/sbsa_gwdt.ko.zst	0000100a	000081a4	000003e8	000003e8	00000001	6a7f658f	00000000	00000030	00000000	00000000	00000000
usr/lib/modules/7.1.5-sp11-render-parity-v4+/kernel/drivers/watchdog/sl28cpld_wdt.ko.zst	0000100b	000081a4	000003e8	000003e8	00000001	6a7f6590	00000000	00000030	00000000	00000000	00000000
usr/lib/modules/7.1.5-sp11-render-parity-v4+/kernel/drivers/watchdog/softdog.ko.zst	0000100c	000081a4	000003e8	000003e8	00000001	6a7f6590	00000000	00000030	00000000	00000000	00000000
usr/lib/modules/7.1.5-sp11-render-parity-v4+/kernel/drivers/watchdog/sp805_wdt.ko.zst	0000100d	000081a4	000003e8	000003e8	00000001	6a7f658f	00000000	00000030	00000000	00000000	00000000
usr/lib/modules/7.1.5-sp11-render-parity-v4+/kernel/drivers/watchdog/sprd_wdt.ko.zst	0000100e	000081a4	000003e8	000003e8	00000001	6a7f658f	00000000	00000030	00000000	00000000	00000000
usr/lib/modules/7.1.5-sp11-render-parity-v4+/kernel/drivers/watchdog/stm32_iwdg.ko.zst	0000100f	000081a4	000003e8	000003e8	00000001	6a7f658f	00000000	00000030	00000000	00000000	00000000
usr/lib/modules/7.1.5-sp11-render-parity-v4+/kernel/drivers/watchdog/stpmic1_wdt.ko.zst	00001010	000081a4	000003e8	000003e8	00000001	6a7f6590	00000000	00000030	00000000	00000000	00000000
usr/lib/modules/7.1.5-sp11-render-parity-v4+/kernel/drivers/watchdog/sunxi_wdt.ko.zst	00001011	000081a4	000003e8	000003e8	00000001	6a7f658f	00000000	00000030	00000000	00000000	00000000
usr/lib/modules/7.1.5-sp11-render-parity-v4+/kernel/drivers/watchdog/tegra_wdt.ko.zst	00001012	000081a4	000003e8	000003e8	00000001	6a7f658f	00000000	00000030	00000000	00000000	00000000
usr/lib/modules/7.1.5-sp11-render-parity-v4+/kernel/drivers/watchdog/twl4030_wdt.ko.zst	00001013	000081a4	000003e8	000003e8	00000001	6a7f658f	00000000	00000030	00000000	00000000	00000000
usr/lib/modules/7.1.5-sp11-render-parity-v4+/kernel/drivers/watchdog/visconti_wdt.ko.zst	00001014	000081a4	000003e8	000003e8	00000001	6a7f658f	00000000	00000030	00000000	00000000	00000000
usr/lib/modules/7.1.5-sp11-render-parity-v4+/kernel/drivers/watchdog/wdat_wdt.ko.zst	00001015	000081a4	000003e8	000003e8	00000001	6a7f6590	00000000	00000030	00000000	00000000	00000000
usr/lib/modules/7.1.5-sp11-render-parity-v4+/kernel/drivers/watchdog/wdt_pci.ko.zst	00001016	000081a4	000003e8	000003e8	00000001	6a7f658f	00000000	00000030	00000000	00000000	00000000
usr/lib/modules/7.1.5-sp11-render-parity-v4+/kernel/drivers/watchdog/wm831x_wdt.ko.zst	00001017	000081a4	000003e8	000003e8	00000001	6a7f6590	00000000	00000030	00000000	00000000	00000000
usr/lib/modules/7.1.5-sp11-render-parity-v4+/kernel/drivers/watchdog/wm8350_wdt.ko.zst	00001018	000081a4	000003e8	000003e8	00000001	6a7f6590	00000000	00000030	00000000	00000000	00000000
usr/lib/modules/7.1.5-sp11-render-parity-v4+/kernel/drivers/watchdog/xen_wdt.ko.zst	00001019	000081a4	000003e8	000003e8	00000001	6a7f6590	00000000	00000030	00000000	00000000	00000000
usr/lib/modules/7.1.5-sp11-render-parity-v4+/kernel/drivers/watchdog/xilinx_wwdt.ko.zst	0000101a	000081a4	000003e8	000003e8	00000001	6a7f6590	00000000	00000030	00000000	00000000	00000000
usr/lib/modules/7.1.5-sp11-render-parity-v4+/kernel/drivers/watchdog/ziirave_wdt.ko.zst	0000101b	000081a4	000003e8	000003e8	00000001	6a7f6590	00000000	00000030	00000000	00000000	00000000
usr/lib/modules/7.1.5-sp11-render-parity-v4+/kernel/fs	0000101c	000041ed	000003e8	000003e8	0000000f	6a8eba6d	00000000	00000030	00000000	00000000	00000000
usr/lib/modules/7.1.5-sp11-render-parity-v4+/kernel/fs/btrfs	0000101d	000041ed	000003e8	000003e8	00000002	6a8eba6d	00000000	00000030	00000000	00000000	00000000
usr/lib/modules/7.1.5-sp11-render-parity-v4+/kernel/fs/btrfs/btrfs.ko.zst	0000101e	000081a4	000003e8	000003e8	00000001	6a7f650c	00000000	00000030	00000000	00000000	00000000
usr/lib/modules/7.1.5-sp11-render-parity-v4+/kernel/fs/f2fs	0000101f	000041ed	000003e8	000003e8	00000002	6a8eba6d	00000000	00000030	00000000	00000000	00000000
usr/lib/modules/7.1.5-sp11-render-parity-v4+/kernel/fs/f2fs/f2fs.ko.zst	00001020	000081a4	000003e8	000003e8	00000001	6a7f650c	00000000	00000030	00000000	00000000	00000000
usr/lib/modules/7.1.5-sp11-render-parity-v4+/kernel/fs/isofs	00001021	000041ed	000003e8	000003e8	00000002	6a8eba6d	00000000	00000030	00000000	00000000	00000000
usr/lib/modules/7.1.5-sp11-render-parity-v4+/kernel/fs/isofs/isofs.ko.zst	00001022	000081a4	000003e8	000003e8	00000001	6a7f650b	00000000	00000030	00000000	00000000	00000000
usr/lib/modules/7.1.5-sp11-render-parity-v4+/kernel/fs/jfs	00001023	000041ed	000003e8	000003e8	00000002	6a8eba6d	00000000	00000030	00000000	00000000	00000000
usr/lib/modules/7.1.5-sp11-render-parity-v4+/kernel/fs/jfs/jfs.ko.zst	00001024	000081a4	000003e8	000003e8	00000001	6a7f650c	00000000	00000030	00000000	00000000	00000000
usr/lib/modules/7.1.5-sp11-render-parity-v4+/kernel/fs/lockd	00001025	000041ed	000003e8	000003e8	00000002	6a8eba6d	00000000	00000030	00000000	00000000	00000000
usr/lib/modules/7.1.5-sp11-render-parity-v4+/kernel/fs/lockd/lockd.ko.zst	00001026	000081a4	000003e8	000003e8	00000001	6a7f650b	00000000	00000030	00000000	00000000	00000000
usr/lib/modules/7.1.5-sp11-render-parity-v4+/kernel/fs/netfs	00001027	000041ed	000003e8	000003e8	00000002	6a8eba6d	00000000	00000030	00000000	00000000	00000000
usr/lib/modules/7.1.5-sp11-render-parity-v4+/kernel/fs/netfs/netfs.ko.zst	00001028	000081a4	000003e8	000003e8	00000001	6a7f650a	00000000	00000030	00000000	00000000	00000000
usr/lib/modules/7.1.5-sp11-render-parity-v4+/kernel/fs/nfs	00001029	000041ed	000003e8	000003e8	00000002	6a8eba6d	00000000	00000030	00000000	00000000	00000000
usr/lib/modules/7.1.5-sp11-render-parity-v4+/kernel/fs/nfs/nfs.ko.zst	0000102d	000081a4	000003e8	000003e8	00000001	6a7f650b	00000000	00000030	00000000	00000000	00000000
usr/lib/modules/7.1.5-sp11-render-parity-v4+/kernel/fs/nfs/nfsv2.ko.zst	0000102e	000081a4	000003e8	000003e8	00000001	6a7f650b	00000000	00000030	00000000	00000000	00000000
usr/lib/modules/7.1.5-sp11-render-parity-v4+/kernel/fs/nfs/nfsv3.ko.zst	0000102f	000081a4	000003e8	000003e8	00000001	6a7f650b	00000000	00000030	00000000	00000000	00000000
usr/lib/modules/7.1.5-sp11-render-parity-v4+/kernel/fs/nfs/nfsv4.ko.zst	00001030	000081a4	000003e8	000003e8	00000001	6a7f650b	00000000	00000030	00000000	00000000	00000000
usr/lib/modules/7.1.5-sp11-render-parity-v4+/kernel/fs/nfs_common	0000102a	000041ed	000003e8	000003e8	00000002	6a8eba6d	00000000	00000030	00000000	00000000	00000000
usr/lib/modules/7.1.5-sp11-render-parity-v4+/kernel/fs/nfs_common/grace.ko.zst	0000102b	000081a4	000003e8	000003e8	00000001	6a7f6509	00000000	00000030	00000000	00000000	00000000
usr/lib/modules/7.1.5-sp11-render-parity-v4+/kernel/fs/nfs_common/nfs_acl.ko.zst	0000102c	000081a4	000003e8	000003e8	00000001	6a7f6509	00000000	00000030	00000000	00000000	00000000
usr/lib/modules/7.1.5-sp11-render-parity-v4+/kernel/fs/nls	00001031	000041ed	000003e8	000003e8	00000002	6a8eba6d	00000000	00000030	00000000	00000000	00000000
usr/lib/modules/7.1.5-sp11-render-parity-v4+/kernel/fs/nls/nls_iso8859-1.ko.zst	00001032	000081a4	000003e8	000003e8	00000001	6a7f6509	00000000	00000030	00000000	00000000	00000000
usr/lib/modules/7.1.5-sp11-render-parity-v4+/kernel/fs/nls/nls_ucs2_utils.ko.zst	00001033	000081a4	000003e8	000003e8	00000001	6a7f650a	00000000	00000030	00000000	00000000	00000000
usr/lib/modules/7.1.5-sp11-render-parity-v4+/kernel/fs/nls/nls_utf8.ko.zst	00001034	000081a4	000003e8	000003e8	00000001	6a7f650a	00000000	00000030	00000000	00000000	00000000
usr/lib/modules/7.1.5-sp11-render-parity-v4+/kernel/fs/overlayfs	00001035	000041ed	000003e8	000003e8	00000002	6a8eba6d	00000000	00000030	00000000	00000000	00000000
usr/lib/modules/7.1.5-sp11-render-parity-v4+/kernel/fs/overlayfs/overlay.ko.zst	00001036	000081a4	000003e8	000003e8	00000001	6a7f650c	00000000	00000030	00000000	00000000	00000000
usr/lib/modules/7.1.5-sp11-render-parity-v4+/kernel/fs/smb	00001037	000041ed	000003e8	000003e8	00000004	6a8eba6d	00000000	00000030	00000000	00000000	00000000
usr/lib/modules/7.1.5-sp11-render-parity-v4+/kernel/fs/smb/client	00001038	000041ed	000003e8	000003e8	00000002	6a8eba6d	00000000	00000030	00000000	00000000	00000000
usr/lib/modules/7.1.5-sp11-render-parity-v4+/kernel/fs/smb/client/cifs.ko.zst	00001039	000081a4	000003e8	000003e8	00000001	6a7f650b	00000000	00000030	00000000	00000000	00000000
usr/lib/modules/7.1.5-sp11-render-parity-v4+/kernel/fs/smb/common	0000103a	000041ed	000003e8	000003e8	00000002	6a8eba6d	00000000	00000030	00000000	00000000	00000000
usr/lib/modules/7.1.5-sp11-render-parity-v4+/kernel/fs/smb/common/cifs_md4.ko.zst	0000103b	000081a4	000003e8	000003e8	00000001	6a7f650b	00000000	00000030	00000000	00000000	00000000
usr/lib/modules/7.1.5-sp11-render-parity-v4+/kernel/fs/udf	0000103c	000041ed	000003e8	000003e8	00000002	6a8eba6d	00000000	00000030	00000000	00000000	00000000
usr/lib/modules/7.1.5-sp11-render-parity-v4+/kernel/fs/udf/udf.ko.zst	0000103d	000081a4	000003e8	000003e8	00000001	6a7f650c	00000000	00000030	00000000	00000000	00000000
usr/lib/modules/7.1.5-sp11-render-parity-v4+/kernel/fs/xfs	0000103e	000041ed	000003e8	000003e8	00000002	6a8eba6d	00000000	00000030	00000000	00000000	00000000
usr/lib/modules/7.1.5-sp11-render-parity-v4+/kernel/fs/xfs/xfs.ko.zst	0000103f	000081a4	000003e8	000003e8	00000001	6a7f650c	00000000	00000030	00000000	00000000	00000000
usr/lib/modules/7.1.5-sp11-render-parity-v4+/kernel/lib	00001040	000041ed	000003e8	000003e8	00000009	6a8eba6d	00000000	00000030	00000000	00000000	00000000
usr/lib/modules/7.1.5-sp11-render-parity-v4+/kernel/lib/842	00001041	000041ed	000003e8	000003e8	00000002	6a8eba6d	00000000	00000030	00000000	00000000	00000000
usr/lib/modules/7.1.5-sp11-render-parity-v4+/kernel/lib/842/842_decompress.ko.zst	00001042	000081a4	000003e8	000003e8	00000001	6a7f650e	00000000	00000030	00000000	00000000	00000000
usr/lib/modules/7.1.5-sp11-render-parity-v4+/kernel/lib/bch.ko.zst	00001043	000081a4	000003e8	000003e8	00000001	6a7f650f	00000000	00000030	00000000	00000000	00000000
usr/lib/modules/7.1.5-sp11-render-parity-v4+/kernel/lib/crc	00001044	000041ed	000003e8	000003e8	00000002	6a8eba6d	00000000	00000030	00000000	00000000	00000000
usr/lib/modules/7.1.5-sp11-render-parity-v4+/kernel/lib/crc/crc-itu-t.ko.zst	00001047	000081a4	000003e8	000003e8	00000001	6a7f650e	00000000	00000030	00000000	00000000	00000000
usr/lib/modules/7.1.5-sp11-render-parity-v4+/kernel/lib/crc/crc4.ko.zst	00001045	000081a4	000003e8	000003e8	00000001	6a7f650e	00000000	00000030	00000000	00000000	00000000
usr/lib/modules/7.1.5-sp11-render-parity-v4+/kernel/lib/crc/crc7.ko.zst	00001046	000081a4	000003e8	000003e8	00000001	6a7f650e	00000000	00000030	00000000	00000000	00000000
usr/lib/modules/7.1.5-sp11-render-parity-v4+/kernel/lib/crypto	00001048	000041ed	000003e8	000003e8	00000002	6a8eba6d	00000000	00000030	00000000	00000000	00000000
usr/lib/modules/7.1.5-sp11-render-parity-v4+/kernel/lib/crypto/libarc4.ko.zst	00001049	000081a4	000003e8	000003e8	00000001	6a7f650e	00000000	00000030	00000000	00000000	00000000
usr/lib/modules/7.1.5-sp11-render-parity-v4+/kernel/lib/crypto/libblake2b.ko.zst	0000104a	000081a4	000003e8	000003e8	00000001	6a7f650e	00000000	00000030	00000000	00000000	00000000
usr/lib/modules/7.1.5-sp11-render-parity-v4+/kernel/lib/crypto/libdes.ko.zst	0000104b	000081a4	000003e8	000003e8	00000001	6a7f650e	00000000	00000030	00000000	00000000	00000000
usr/lib/modules/7.1.5-sp11-render-parity-v4+/kernel/lib/lz4	0000104c	000041ed	000003e8	000003e8	00000002	6a8eba6d	00000000	00000030	00000000	00000000	00000000
usr/lib/modules/7.1.5-sp11-render-parity-v4+/kernel/lib/lz4/lz4_compress.ko.zst	0000104d	000081a4	000003e8	000003e8	00000001	6a7f650e	00000000	00000030	00000000	00000000	00000000
usr/lib/modules/7.1.5-sp11-render-parity-v4+/kernel/lib/lz4/lz4hc_compress.ko.zst	0000104e	000081a4	000003e8	000003e8	00000001	6a7f650e	00000000	00000030	00000000	00000000	00000000
usr/lib/modules/7.1.5-sp11-render-parity-v4+/kernel/lib/math	0000104f	000041ed	000003e8	000003e8	00000002	6a8eba6d	00000000	00000030	00000000	00000000	00000000
usr/lib/modules/7.1.5-sp11-render-parity-v4+/kernel/lib/math/polynomial.ko.zst	00001050	000081a4	000003e8	000003e8	00000001	6a7f650e	00000000	00000030	00000000	00000000	00000000
usr/lib/modules/7.1.5-sp11-render-parity-v4+/kernel/lib/objagg.ko.zst	00001051	000081a4	000003e8	000003e8	00000001	6a7f650f	00000000	00000030	00000000	00000000	00000000
usr/lib/modules/7.1.5-sp11-render-parity-v4+/kernel/lib/parman.ko.zst	00001052	000081a4	000003e8	000003e8	00000001	6a7f650f	00000000	00000030	00000000	00000000	00000000
usr/lib/modules/7.1.5-sp11-render-parity-v4+/kernel/lib/raid	00001053	000041ed	000003e8	000003e8	00000003	6a8eba6d	00000000	00000030	00000000	00000000	00000000
usr/lib/modules/7.1.5-sp11-render-parity-v4+/kernel/lib/raid/xor	00001056	000041ed	000003e8	000003e8	00000002	6a8eba6d	00000000	00000030	00000000	00000000	00000000
usr/lib/modules/7.1.5-sp11-render-parity-v4+/kernel/lib/raid/xor/xor.ko.zst	00001057	000081a4	000003e8	000003e8	00000001	6a7f650e	00000000	00000030	00000000	00000000	00000000
usr/lib/modules/7.1.5-sp11-render-parity-v4+/kernel/lib/raid6	00001054	000041ed	000003e8	000003e8	00000002	6a8eba6d	00000000	00000030	00000000	00000000	00000000
usr/lib/modules/7.1.5-sp11-render-parity-v4+/kernel/lib/raid6/raid6_pq.ko.zst	00001055	000081a4	000003e8	000003e8	00000001	6a7f650f	00000000	00000030	00000000	00000000	00000000
usr/lib/modules/7.1.5-sp11-render-parity-v4+/kernel/net	00001058	000041ed	000003e8	000003e8	00000013	6a8eba6d	00000000	00000030	00000000	00000000	00000000
usr/lib/modules/7.1.5-sp11-render-parity-v4+/kernel/net/802	00001059	000041ed	000003e8	000003e8	00000002	6a8eba6d	00000000	00000030	00000000	00000000	00000000
usr/lib/modules/7.1.5-sp11-render-parity-v4+/kernel/net/802/garp.ko.zst	0000105c	000081a4	000003e8	000003e8	00000001	6a7f65d3	00000000	00000030	00000000	00000000	00000000
usr/lib/modules/7.1.5-sp11-render-parity-v4+/kernel/net/802/mrp.ko.zst	0000105d	000081a4	000003e8	000003e8	00000001	6a7f65d3	00000000	00000030	00000000	00000000	00000000
usr/lib/modules/7.1.5-sp11-render-parity-v4+/kernel/net/802/stp.ko.zst	0000105e	000081a4	000003e8	000003e8	00000001	6a7f65d3	00000000	00000030	00000000	00000000	00000000
usr/lib/modules/7.1.5-sp11-render-parity-v4+/kernel/net/8021q	0000105a	000041ed	000003e8	000003e8	00000002	6a8eba6d	00000000	00000030	00000000	00000000	00000000
usr/lib/modules/7.1.5-sp11-render-parity-v4+/kernel/net/8021q/8021q.ko.zst	0000105b	000081a4	000003e8	000003e8	00000001	6a7f65dc	00000000	00000030	00000000	00000000	00000000
usr/lib/modules/7.1.5-sp11-render-parity-v4+/kernel/net/bluetooth	0000105f	000041ed	000003e8	000003e8	00000002	6a8eba6d	00000000	00000030	00000000	00000000	00000000
usr/lib/modules/7.1.5-sp11-render-parity-v4+/kernel/net/bluetooth/bluetooth.ko.zst	00001060	000081a4	000003e8	000003e8	00000001	6a7f65dd	00000000	00000030	00000000	00000000	00000000
usr/lib/modules/7.1.5-sp11-render-parity-v4+/kernel/net/bridge	00001061	000041ed	000003e8	000003e8	00000002	6a8eba6d	00000000	00000030	00000000	00000000	00000000
usr/lib/modules/7.1.5-sp11-render-parity-v4+/kernel/net/bridge/bridge.ko.zst	00001062	000081a4	000003e8	000003e8	00000001	6a7f65dc	00000000	00000030	00000000	00000000	00000000
usr/lib/modules/7.1.5-sp11-render-parity-v4+/kernel/net/ceph	00001063	000041ed	000003e8	000003e8	00000002	6a8eba6d	00000000	00000030	00000000	00000000	00000000
usr/lib/modules/7.1.5-sp11-render-parity-v4+/kernel/net/ceph/libceph.ko.zst	00001064	000081a4	000003e8	000003e8	00000001	6a7f65de	00000000	00000030	00000000	00000000	00000000
usr/lib/modules/7.1.5-sp11-render-parity-v4+/kernel/net/dsa	00001065	000041ed	000003e8	000003e8	00000002	6a8eba6d	00000000	00000030	00000000	00000000	00000000
usr/lib/modules/7.1.5-sp11-render-parity-v4+/kernel/net/dsa/dsa_core.ko.zst	00001066	000081a4	000003e8	000003e8	00000001	6a7f65db	00000000	00000030	00000000	00000000	00000000
usr/lib/modules/7.1.5-sp11-render-parity-v4+/kernel/net/hsr	00001067	000041ed	000003e8	000003e8	00000002	6a8eba6d	00000000	00000030	00000000	00000000	00000000
usr/lib/modules/7.1.5-sp11-render-parity-v4+/kernel/net/hsr/hsr.ko.zst	00001068	000081a4	000003e8	000003e8	00000001	6a7f65df	00000000	00000030	00000000	00000000	00000000
usr/lib/modules/7.1.5-sp11-render-parity-v4+/kernel/net/ipv4	00001069	000041ed	000003e8	000003e8	00000002	6a8eba6d	00000000	00000030	00000000	00000000	00000000
usr/lib/modules/7.1.5-sp11-render-parity-v4+/kernel/net/ipv4/udp_tunnel.ko.zst	0000106a	000081a4	000003e8	000003e8	00000001	6a7f65d9	00000000	00000030	00000000	00000000	00000000
usr/lib/modules/7.1.5-sp11-render-parity-v4+/kernel/net/ipv6	0000106b	000041ed	000003e8	000003e8	00000002	6a8eba6d	00000000	00000030	00000000	00000000	00000000
usr/lib/modules/7.1.5-sp11-render-parity-v4+/kernel/net/ipv6/ip6_tunnel.ko.zst	0000106c	000081a4	000003e8	000003e8	00000001	6a7f65db	00000000	00000030	00000000	00000000	00000000
usr/lib/modules/7.1.5-sp11-render-parity-v4+/kernel/net/ipv6/ip6_udp_tunnel.ko.zst	0000106d	000081a4	000003e8	000003e8	00000001	6a7f65db	00000000	00000030	00000000	00000000	00000000
usr/lib/modules/7.1.5-sp11-render-parity-v4+/kernel/net/ipv6/tunnel6.ko.zst	0000106e	000081a4	000003e8	000003e8	00000001	6a7f65db	00000000	00000030	00000000	00000000	00000000
usr/lib/modules/7.1.5-sp11-render-parity-v4+/kernel/net/llc	0000106f	000041ed	000003e8	000003e8	00000002	6a8eba6d	00000000	00000030	00000000	00000000	00000000
usr/lib/modules/7.1.5-sp11-render-parity-v4+/kernel/net/llc/llc.ko.zst	00001070	000081a4	000003e8	000003e8	00000001	6a7f65dc	00000000	00000030	00000000	00000000	00000000
usr/lib/modules/7.1.5-sp11-render-parity-v4+/kernel/net/mac80211	00001071	000041ed	000003e8	000003e8	00000002	6a8eba6d	00000000	00000030	00000000	00000000	00000000
usr/lib/modules/7.1.5-sp11-render-parity-v4+/kernel/net/mac80211/mac80211.ko.zst	00001072	000081a4	000003e8	000003e8	00000001	6a7f65de	00000000	00000030	00000000	00000000	00000000
usr/lib/modules/7.1.5-sp11-render-parity-v4+/kernel/net/psample	00001073	000041ed	000003e8	000003e8	00000002	6a8eba6d	00000000	00000030	00000000	00000000	00000000
usr/lib/modules/7.1.5-sp11-render-parity-v4+/kernel/net/psample/psample.ko.zst	00001074	000081a4	000003e8	000003e8	00000001	6a7f65de	00000000	00000030	00000000	00000000	00000000
usr/lib/modules/7.1.5-sp11-render-parity-v4+/kernel/net/qrtr	00001075	000041ed	000003e8	000003e8	00000002	6a8eba6d	00000000	00000030	00000000	00000000	00000000
usr/lib/modules/7.1.5-sp11-render-parity-v4+/kernel/net/qrtr/qrtr-mhi.ko.zst	00001077	000081a4	000003e8	000003e8	00000001	6a7f65df	00000000	00000030	00000000	00000000	00000000
usr/lib/modules/7.1.5-sp11-render-parity-v4+/kernel/net/qrtr/qrtr-smd.ko.zst	00001078	000081a4	000003e8	000003e8	00000001	6a7f65df	00000000	00000030	00000000	00000000	00000000
usr/lib/modules/7.1.5-sp11-render-parity-v4+/kernel/net/qrtr/qrtr-tun.ko.zst	00001079	000081a4	000003e8	000003e8	00000001	6a7f65df	00000000	00000030	00000000	00000000	00000000
usr/lib/modules/7.1.5-sp11-render-parity-v4+/kernel/net/qrtr/qrtr.ko.zst	00001076	000081a4	000003e8	000003e8	00000001	6a7f65df	00000000	00000030	00000000	00000000	00000000
usr/lib/modules/7.1.5-sp11-render-parity-v4+/kernel/net/sunrpc	0000107a	000041ed	000003e8	000003e8	00000002	6a8eba6d	00000000	00000030	00000000	00000000	00000000
usr/lib/modules/7.1.5-sp11-render-parity-v4+/kernel/net/sunrpc/sunrpc.ko.zst	0000107b	000081a4	000003e8	000003e8	00000001	6a7f65dd	00000000	00000030	00000000	00000000	00000000
usr/lib/modules/7.1.5-sp11-render-parity-v4+/kernel/net/tls	0000107c	000041ed	000003e8	000003e8	00000002	6a8eba6d	00000000	00000030	00000000	00000000	00000000
usr/lib/modules/7.1.5-sp11-render-parity-v4+/kernel/net/tls/tls.ko.zst	0000107d	000081a4	000003e8	000003e8	00000001	6a7f65dc	00000000	00000030	00000000	00000000	00000000
usr/lib/modules/7.1.5-sp11-render-parity-v4+/kernel/net/wireless	0000107e	000041ed	000003e8	000003e8	00000002	6a8eba6d	00000000	00000030	00000000	00000000	00000000
usr/lib/modules/7.1.5-sp11-render-parity-v4+/kernel/net/wireless/cfg80211.ko.zst	0000107f	000081a4	000003e8	000003e8	00000001	6a7f65dc	00000000	00000030	00000000	00000000	00000000
usr/lib/modules/7.1.5-sp11-render-parity-v4+/kernel/net/xfrm	00001080	000041ed	000003e8	000003e8	00000002	6a8eba6d	00000000	00000030	00000000	00000000	00000000
usr/lib/modules/7.1.5-sp11-render-parity-v4+/kernel/net/xfrm/xfrm_algo.ko.zst	00001081	000081a4	000003e8	000003e8	00000001	6a7f65da	00000000	00000030	00000000	00000000	00000000
usr/lib/modules/7.1.5-sp11-render-parity-v4+/kernel/sound	00001082	000041ed	000003e8	000003e8	00000004	6a8eba6d	00000000	00000030	00000000	00000000	00000000
usr/lib/modules/7.1.5-sp11-render-parity-v4+/kernel/sound/ac97_bus.ko.zst	00001083	000081a4	000003e8	000003e8	00000001	6a7f65d3	00000000	00000030	00000000	00000000	00000000
usr/lib/modules/7.1.5-sp11-render-parity-v4+/kernel/sound/core	00001084	000041ed	000003e8	000003e8	00000002	6a8eba6d	00000000	00000030	00000000	00000000	00000000
usr/lib/modules/7.1.5-sp11-render-parity-v4+/kernel/sound/core/snd-compress.ko.zst	00001085	000081a4	000003e8	000003e8	00000001	6a7f65be	00000000	00000030	00000000	00000000	00000000
usr/lib/modules/7.1.5-sp11-render-parity-v4+/kernel/sound/core/snd-pcm-dmaengine.ko.zst	00001087	000081a4	000003e8	000003e8	00000001	6a7f65be	00000000	00000030	00000000	00000000	00000000
usr/lib/modules/7.1.5-sp11-render-parity-v4+/kernel/sound/core/snd-pcm.ko.zst	00001088	000081a4	000003e8	000003e8	00000001	6a7f65be	00000000	00000030	00000000	00000000	00000000
usr/lib/modules/7.1.5-sp11-render-parity-v4+/kernel/sound/core/snd-rawmidi.ko.zst	00001089	000081a4	000003e8	000003e8	00000001	6a7f65be	00000000	00000030	00000000	00000000	00000000
usr/lib/modules/7.1.5-sp11-render-parity-v4+/kernel/sound/core/snd-seq-device.ko.zst	0000108a	000081a4	000003e8	000003e8	00000001	6a7f65be	00000000	00000030	00000000	00000000	00000000
usr/lib/modules/7.1.5-sp11-render-parity-v4+/kernel/sound/core/snd-timer.ko.zst	0000108b	000081a4	000003e8	000003e8	00000001	6a7f65be	00000000	00000030	00000000	00000000	00000000
usr/lib/modules/7.1.5-sp11-render-parity-v4+/kernel/sound/core/snd.ko.zst	00001086	000081a4	000003e8	000003e8	00000001	6a7f65be	00000000	00000030	00000000	00000000	00000000
usr/lib/modules/7.1.5-sp11-render-parity-v4+/kernel/sound/soc	0000108c	000041ed	000003e8	000003e8	00000004	6a8eba6d	00000000	00000030	00000000	00000000	00000000
usr/lib/modules/7.1.5-sp11-render-parity-v4+/kernel/sound/soc/codecs	0000108d	000041ed	000003e8	000003e8	00000002	6a8eba6d	00000000	00000030	00000000	00000000	00000000
usr/lib/modules/7.1.5-sp11-render-parity-v4+/kernel/sound/soc/codecs/snd-soc-lpass-macro-common.ko.zst	0000108e	000081a4	000003e8	000003e8	00000001	6a8ea215	00000000	00000030	00000000	00000000	00000000
usr/lib/modules/7.1.5-sp11-render-parity-v4+/kernel/sound/soc/codecs/snd-soc-lpass-rx-macro.ko.zst	0000108f	000081a4	000003e8	000003e8	00000001	6a7f65cd	00000000	00000030	00000000	00000000	00000000
usr/lib/modules/7.1.5-sp11-render-parity-v4+/kernel/sound/soc/codecs/snd-soc-lpass-tx-macro.ko.zst	00001090	000081a4	000003e8	000003e8	00000001	6a8ea216	00000000	00000030	00000000	00000000	00000000
usr/lib/modules/7.1.5-sp11-render-parity-v4+/kernel/sound/soc/codecs/snd-soc-lpass-va-macro.ko.zst	0000119a	000081a4	000003e8	000003e8	00000001	6a8eba47	00000000	00000030	00000000	00000000	00000000
usr/lib/modules/7.1.5-sp11-render-parity-v4+/kernel/sound/soc/codecs/snd-soc-lpass-wsa-macro.ko.zst	00001092	000081a4	000003e8	000003e8	00000001	6a8b7d76	00000000	00000030	00000000	00000000	00000000
usr/lib/modules/7.1.5-sp11-render-parity-v4+/kernel/sound/soc/codecs/snd-soc-wcd-classh.ko.zst	00001095	000081a4	000003e8	000003e8	00000001	6a7f65cb	00000000	00000030	00000000	00000000	00000000
usr/lib/modules/7.1.5-sp11-render-parity-v4+/kernel/sound/soc/codecs/snd-soc-wcd-common.ko.zst	00001096	000081a4	000003e8	000003e8	00000001	6a7f65cb	00000000	00000030	00000000	00000000	00000000
usr/lib/modules/7.1.5-sp11-render-parity-v4+/kernel/sound/soc/codecs/snd-soc-wcd-mbhc.ko.zst	00001097	000081a4	000003e8	000003e8	00000001	6a7f65cb	00000000	00000030	00000000	00000000	00000000
usr/lib/modules/7.1.5-sp11-render-parity-v4+/kernel/sound/soc/codecs/snd-soc-wcd938x-sdw.ko.zst	00001094	000081a4	000003e8	000003e8	00000001	6a7f65cb	00000000	00000030	00000000	00000000	00000000
usr/lib/modules/7.1.5-sp11-render-parity-v4+/kernel/sound/soc/codecs/snd-soc-wcd938x.ko.zst	00001093	000081a4	000003e8	000003e8	00000001	6a7f65cb	00000000	00000030	00000000	00000000	00000000
usr/lib/modules/7.1.5-sp11-render-parity-v4+/kernel/sound/soc/codecs/snd-soc-wsa884x.ko.zst	00001098	000081a4	000003e8	000003e8	00000001	6a8783e3	00000000	00000030	00000000	00000000	00000000
usr/lib/modules/7.1.5-sp11-render-parity-v4+/kernel/sound/soc/qcom	00001099	000041ed	000003e8	000003e8	00000003	6a8eba6d	00000000	00000030	00000000	00000000	00000000
usr/lib/modules/7.1.5-sp11-render-parity-v4+/kernel/sound/soc/qcom/qdsp6	0000109a	000041ed	000003e8	000003e8	00000002	6a8eba6d	00000000	00000030	00000000	00000000	00000000
usr/lib/modules/7.1.5-sp11-render-parity-v4+/kernel/sound/soc/qcom/qdsp6/q6apm-dai.ko.zst	0000109b	000081a4	000003e8	000003e8	00000001	6a7f65d0	00000000	00000030	00000000	00000000	00000000
usr/lib/modules/7.1.5-sp11-render-parity-v4+/kernel/sound/soc/qcom/qdsp6/q6apm-lpass-dais.ko.zst	0000109c	000081a4	000003e8	000003e8	00000001	6a7f65d0	00000000	00000030	00000000	00000000	00000000
usr/lib/modules/7.1.5-sp11-render-parity-v4+/kernel/sound/soc/qcom/qdsp6/snd-q6apm.ko.zst	0000109d	000081a4	000003e8	000003e8	00000001	6a842997	00000000	00000030	00000000	00000000	00000000
usr/lib/modules/7.1.5-sp11-render-parity-v4+/kernel/sound/soc/qcom/qdsp6/snd-q6dsp-common.ko.zst	0000109e	000081a4	000003e8	000003e8	00000001	6a7f65cf	00000000	00000030	00000000	00000000	00000000
usr/lib/modules/7.1.5-sp11-render-parity-v4+/kernel/sound/soc/qcom/snd-soc-qcom-common.ko.zst	0000109f	000081a4	000003e8	000003e8	00000001	6a7f65cf	00000000	00000030	00000000	00000000	00000000
usr/lib/modules/7.1.5-sp11-render-parity-v4+/kernel/sound/soc/qcom/snd-soc-qcom-sdw.ko.zst	000010a0	000081a4	000003e8	000003e8	00000001	6a7f65cf	00000000	00000030	00000000	00000000	00000000
usr/lib/modules/7.1.5-sp11-render-parity-v4+/kernel/sound/soc/qcom/snd-soc-x1e80100.ko.zst	000010a1	000081a4	000003e8	000003e8	00000001	6a824d36	00000000	00000030	00000000	00000000	00000000
usr/lib/modules/7.1.5-sp11-render-parity-v4+/kernel/sound/soc/snd-soc-core.ko.zst	000010a2	000081a4	000003e8	000003e8	00000001	6a7f65c2	00000000	00000030	00000000	00000000	00000000
usr/lib/modules/7.1.5-sp11-render-parity-v4+/kernel/sound/soundcore.ko.zst	000010a3	000081a4	000003e8	000003e8	00000001	6a7f65be	00000000	00000030	00000000	00000000	00000000
usr/lib/modules/7.1.5-sp11-render-parity-v4+/modules.alias	000010a4	000081a4	000003e8	000003e8	00000001	6a824d48	00000000	00000030	00000000	00000000	00000000
usr/lib/modules/7.1.5-sp11-render-parity-v4+/modules.alias.bin	000010a5	000081a4	000003e8	000003e8	00000001	6a824d48	00000000	00000030	00000000	00000000	00000000
usr/lib/modules/7.1.5-sp11-render-parity-v4+/modules.builtin	000010a6	000081a4	000003e8	000003e8	00000001	6a7f6508	00000000	00000030	00000000	00000000	00000000
usr/lib/modules/7.1.5-sp11-render-parity-v4+/modules.builtin.alias.bin	000010a7	000081a4	000003e8	000003e8	00000001	6a824d48	00000000	00000030	00000000	00000000	00000000
usr/lib/modules/7.1.5-sp11-render-parity-v4+/modules.builtin.bin	000010a8	000081a4	000003e8	000003e8	00000001	6a824d48	00000000	00000030	00000000	00000000	00000000
usr/lib/modules/7.1.5-sp11-render-parity-v4+/modules.builtin.modinfo	000010a9	000081a4	000003e8	000003e8	00000001	6a7f6508	00000000	00000030	00000000	00000000	00000000
usr/lib/modules/7.1.5-sp11-render-parity-v4+/modules.dep	000010aa	000081a4	000003e8	000003e8	00000001	6a824d48	00000000	00000030	00000000	00000000	00000000
usr/lib/modules/7.1.5-sp11-render-parity-v4+/modules.dep.bin	000010ab	000081a4	000003e8	000003e8	00000001	6a824d48	00000000	00000030	00000000	00000000	00000000
usr/lib/modules/7.1.5-sp11-render-parity-v4+/modules.devname	000010ac	000081a4	000003e8	000003e8	00000001	6a824d48	00000000	00000030	00000000	00000000	00000000
usr/lib/modules/7.1.5-sp11-render-parity-v4+/modules.order	000010ad	000081a4	000003e8	000003e8	00000001	6a7f6508	00000000	00000030	00000000	00000000	00000000
usr/lib/modules/7.1.5-sp11-render-parity-v4+/modules.softdep	000010ae	000081a4	000003e8	000003e8	00000001	6a824d48	00000000	00000030	00000000	00000000	00000000
usr/lib/modules/7.1.5-sp11-render-parity-v4+/modules.symbols	000010af	000081a4	000003e8	000003e8	00000001	6a824d48	00000000	00000030	00000000	00000000	00000000
usr/lib/modules/7.1.5-sp11-render-parity-v4+/modules.symbols.bin	000010b0	000081a4	000003e8	000003e8	00000001	6a824d48	00000000	00000030	00000000	00000000	00000000
usr/lib/modules/7.1.5-sp11-render-parity-v4+/modules.weakdep	000010b1	000081a4	000003e8	000003e8	00000001	6a824d48	00000000	00000030	00000000	00000000	00000000
usr/lib/modules/7.1.5-sp11-render-parity-v4+/updates	000010b2	000041ed	000003e8	000003e8	00000003	6a8eba6d	00000000	00000030	00000000	00000000	00000000
usr/lib/modules/7.1.5-sp11-render-parity-v4+/updates/sp11-phase91	000010b3	000041ed	000003e8	000003e8	00000002	6a8eba6d	00000000	00000030	00000000	00000000	00000000
usr/lib/modules/7.1.5-sp11-render-parity-v4+/updates/sp11-phase91/gpi.ko.zst	000010b4	000081a4	000003e8	000003e8	00000001	6a7f65fd	00000000	00000030	00000000	00000000	00000000
usr/lib/modules/7.1.5-sp11-render-parity-v4+/updates/sp11-phase91/mshw0485_touch.ko.zst	000010b5	000081a4	000003e8	000003e8	00000001	6a7f65fd	00000000	00000030	00000000	00000000	00000000
usr/lib/modules/7.1.5-sp11-render-parity-v4+/updates/sp11-phase91/spi-geni-qcom.ko.zst	000010b6	000081a4	000003e8	000003e8	00000001	6a7f65fd	00000000	00000030	00000000	00000000	00000000
usr/lib/systemd	000010b7	000041ed	000003e8	000003e8	00000003	6a8eba6d	00000000	00000030	00000000	00000000	00000000
usr/lib/systemd/network	000010b8	000041ed	000003e8	000003e8	00000002	6a8eba6d	00000000	00000030	00000000	00000000	00000000
usr/lib/systemd/network/73-usb-net-by-mac.link	000010b9	000081a4	000003e8	000003e8	00000001	6a60f662	00000000	00000030	00000000	00000000	00000000
usr/lib/systemd/network/80-6rd-tunnel.link	000010ba	000081a4	000003e8	000003e8	00000001	69b42eac	00000000	00000030	00000000	00000000	00000000
usr/lib/systemd/network/80-container-vb.link	000010bb	000081a4	000003e8	000003e8	00000001	69b42eac	00000000	00000030	00000000	00000000	00000000
usr/lib/systemd/network/80-container-ve.link	000010bc	000081a4	000003e8	000003e8	00000001	69b42eac	00000000	00000030	00000000	00000000	00000000
usr/lib/systemd/network/80-container-vz.link	000010bd	000081a4	000003e8	000003e8	00000001	69b42eac	00000000	00000030	00000000	00000000	00000000
usr/lib/systemd/network/80-vm-vt.link	000010be	000081a4	000003e8	000003e8	00000001	69b42eac	00000000	00000030	00000000	00000000	00000000
usr/lib/systemd/network/99-default.link	000010bf	000081a4	000003e8	000003e8	00000001	69b42eac	00000000	00000030	00000000	00000000	00000000
usr/lib/systemd/systemd-udevd	000010c0	0000a1ff	000003e8	000003e8	00000001	6a824d46	00000000	00000030	00000000	00000000	00000000
usr/lib/udev	000010c1	000041ed	000003e8	000003e8	00000003	6a8eba6d	00000000	00000030	00000000	00000000	00000000
usr/lib/udev/ata_id	000010c2	000081ed	000003e8	000003e8	00000001	6a67c312	00000000	00000030	00000000	00000000	00000000
usr/lib/udev/cdrom_id	000010c3	000081ed	000003e8	000003e8	00000001	6a67c312	00000000	00000030	00000000	00000000	00000000
usr/lib/udev/hwdb.bin	000010c4	00008124	000003e8	000003e8	00000001	6a7d5455	00000000	00000030	00000000	00000000	00000000
usr/lib/udev/rules.d	000010c5	000041ed	000003e8	000003e8	00000002	6a8eba6d	00000000	00000030	00000000	00000000	00000000
usr/lib/udev/rules.d/50-firmware.rules	000010c6	000081a4	000003e8	000003e8	00000001	6a5e52d8	00000000	00000030	00000000	00000000	00000000
usr/lib/udev/rules.d/50-udev-default.rules	000010c7	000081a4	000003e8	000003e8	00000001	6a67c312	00000000	00000030	00000000	00000000	00000000
usr/lib/udev/rules.d/55-dm.rules	000010c8	000081a4	000003e8	000003e8	00000001	69810dc5	00000000	00000030	00000000	00000000	00000000
usr/lib/udev/rules.d/60-block.rules	000010c9	000081a4	000003e8	000003e8	00000001	69b42eac	00000000	00000030	00000000	00000000	00000000
usr/lib/udev/rules.d/60-cdrom_id.rules	000010ca	000081a4	000003e8	000003e8	00000001	69b42eac	00000000	00000030	00000000	00000000	00000000
usr/lib/udev/rules.d/60-persistent-storage-dm.rules	000010cb	000081a4	000003e8	000003e8	00000001	69810dc5	00000000	00000030	00000000	00000000	00000000
usr/lib/udev/rules.d/60-persistent-storage.rules	000010cc	000081a4	000003e8	000003e8	00000001	6a67c312	00000000	00000030	00000000	00000000	00000000
usr/lib/udev/rules.d/61-persistent-storage-android.rules	000010cd	000081a4	000003e8	000003e8	00000001	6a67c312	00000000	00000030	00000000	00000000	00000000
usr/lib/udev/rules.d/70-snap.desktop-security-center.rules	000010ce	000081a4	000003e8	000003e8	00000001	69c49779	00000000	00000030	00000000	00000000	00000000
usr/lib/udev/rules.d/70-snap.firefox.rules	000010cf	000081a4	000003e8	000003e8	00000001	6a61c133	00000000	00000030	00000000	00000000	00000000
usr/lib/udev/rules.d/70-snap.juk.rules	000010d0	000081a4	000003e8	000003e8	00000001	6a7f40cc	00000000	00000030	00000000	00000000	00000000
usr/lib/udev/rules.d/70-snap.prompting-client.rules	000010d1	000081a4	000003e8	000003e8	00000001	69c49788	00000000	00000030	00000000	00000000	00000000
usr/lib/udev/rules.d/70-snap.snap-store.rules	000010d4	000081a4	000003e8	000003e8	00000001	69c4978b	00000000	00000030	00000000	00000000	00000000
usr/lib/udev/rules.d/70-snap.snapd-desktop-integration.rules	000010d2	000081a4	000003e8	000003e8	00000001	69c4978e	00000000	00000030	00000000	00000000	00000000
usr/lib/udev/rules.d/70-snap.snapd.rules	000010d3	000081a4	000003e8	000003e8	00000001	69c49777	00000000	00000030	00000000	00000000	00000000
usr/lib/udev/rules.d/71-seat.rules	000010d5	000081a4	000003e8	000003e8	00000001	6a67c312	00000000	00000030	00000000	00000000	00000000
usr/lib/udev/rules.d/73-special-net-names.rules	000010d6	000081a4	000003e8	000003e8	00000001	6a5e52d8	00000000	00000030	00000000	00000000	00000000
usr/lib/udev/rules.d/75-net-description.rules	000010d7	000081a4	000003e8	000003e8	00000001	69b42eac	00000000	00000030	00000000	00000000	00000000
usr/lib/udev/rules.d/80-drivers.rules	000010d8	000081a4	000003e8	000003e8	00000001	69b42eac	00000000	00000030	00000000	00000000	00000000
usr/lib/udev/rules.d/80-net-setup-link.rules	000010d9	000081a4	000003e8	000003e8	00000001	69b42eac	00000000	00000030	00000000	00000000	00000000
usr/lib/udev/rules.d/95-dm-notify.rules	000010da	000081a4	000003e8	000003e8	00000001	69810dc5	00000000	00000030	00000000	00000000	00000000
usr/lib/udev/scsi_id	000010db	000081ed	000003e8	000003e8	00000001	6a67c312	00000000	00000030	00000000	00000000	00000000
usr/libexec	000001fc	000041ed	000003e8	000003e8	00000004	6a8eba6c	00000000	00000030	00000000	00000000	00000000
usr/libexec/dhcpcd-hooks	000001fd	000041ed	000003e8	000003e8	00000002	6a8eba6c	00000000	00000030	00000000	00000000	00000000
usr/libexec/dhcpcd-hooks/10-mtu	000001fe	000081ed	000003e8	000003e8	00000001	69ce4630	00000000	00000030	00000000	00000000	00000000
usr/libexec/dhcpcd-hooks/30-hostname	000001ff	000081ed	000003e8	000003e8	00000001	695d7fd8	00000000	00000030	00000000	00000000	00000000
usr/libexec/dhcpcd-hooks/70-net-conf	00000200	000081ed	000003e8	000003e8	00000001	69ce4630	00000000	00000030	00000000	00000000	00000000
usr/libexec/dhcpcd-run-hooks	00000201	000081ed	000003e8	000003e8	00000001	695d7fd8	00000000	00000030	00000000	00000000	00000000
usr/libexec/plymouth	00000202	000041ed	000003e8	000003e8	00000002	6a8eba6c	00000000	00000030	00000000	00000000	00000000
usr/libexec/plymouth/plymouthd-fd-escrow	00000203	000081ed	000003e8	000003e8	00000001	69b2cd38	00000000	00000030	00000000	00000000	00000000
usr/local	000010dc	000041ed	000003e8	000003e8	00000003	6a8eba6d	00000000	00000030	00000000	00000000	00000000
usr/local/share	000010dd	000041ed	000003e8	000003e8	00000003	6a8eba6d	00000000	00000030	00000000	00000000	00000000
usr/local/share/fonts	000010de	000041ed	000003e8	000003e8	00000002	6a824d45	00000000	00000030	00000000	00000000	00000000
usr/sbin	000010df	000041ed	000003e8	000003e8	00000002	6a8eba6d	00000000	00000030	00000000	00000000	00000000
usr/sbin/blkid	000010e0	000081ed	000003e8	000003e8	00000001	69b3f063	00000000	00000030	00000000	00000000	00000000
usr/sbin/brltty-setup	000010e1	000081ed	000003e8	000003e8	00000001	67404a74	00000000	00000030	00000000	00000000	00000000
usr/sbin/dhcpcd	000010e2	000081ed	000003e8	000003e8	00000001	695d7fd8	00000000	00000030	00000000	00000000	00000000
usr/sbin/dmsetup	000010e3	000081ed	000003e8	000003e8	00000001	69810dc5	00000000	00000030	00000000	00000000	00000000
usr/sbin/dumpe2fs	000010e4	000081ed	000003e8	000003e8	00000001	698f163c	00000000	00000030	00000000	00000000	00000000
usr/sbin/e2fsck	000010e5	000081ed	000003e8	000003e8	00000001	698f163c	00000000	00000030	00000000	00000000	00000000
usr/sbin/fsck	000010e6	000081ed	000003e8	000003e8	00000001	69b3f063	00000000	00000030	00000000	00000000	00000000
usr/sbin/fsck.ext4	000010e7	0000a1ff	000003e8	000003e8	00000001	6a824d43	00000000	00000030	00000000	00000000	00000000
usr/sbin/logsave	000010e8	000081ed	000003e8	000003e8	00000001	698f163c	00000000	00000030	00000000	00000000	00000000
usr/sbin/losetup	000010e9	000081ed	000003e8	000003e8	00000001	69b3f063	00000000	00000030	00000000	00000000	00000000
usr/sbin/mke2fs	000010ea	000081ed	000003e8	000003e8	00000001	698f163c	00000000	00000030	00000000	00000000	00000000
usr/sbin/mkfs.ext4	000010eb	0000a1ff	000003e8	000003e8	00000001	6a824d42	00000000	00000030	00000000	00000000	00000000
usr/sbin/modprobe	000010ec	0000a1ff	000003e8	000003e8	00000001	69810919	00000000	00000030	00000000	00000000	00000000
usr/sbin/mount.cifs	000010ed	000089ed	000003e8	000003e8	00000001	6a512f18	00000000	00000030	00000000	00000000	00000000
usr/sbin/mount.fuse3	000010ee	000081ed	000003e8	000003e8	00000001	69be45db	00000000	00000030	00000000	00000000	00000000
usr/sbin/mount.ntfs	000010ef	0000a1ff	000003e8	000003e8	00000001	6a824d47	00000000	00000030	00000000	00000000	00000000
usr/sbin/mount.ntfs-3g	000010f0	0000a1ff	000003e8	000003e8	00000001	6a824d47	00000000	00000030	00000000	00000000	00000000
usr/sbin/plymouthd	000010f1	000081ed	000003e8	000003e8	00000001	69b2cd38	00000000	00000030	00000000	00000000	00000000
usr/sbin/rmmod	000010f2	0000a1ff	000003e8	000003e8	00000001	69810919	00000000	00000030	00000000	00000000	00000000
usr/sbin/sfdisk	000010f3	000081ed	000003e8	000003e8	00000001	69b3f063	00000000	00000030	00000000	00000000	00000000
usr/sbin/swapon	000010f4	000081ed	000003e8	000003e8	00000001	69b3f063	00000000	00000030	00000000	00000000	00000000
usr/sbin/wait-for-root	000010f5	000081ed	000003e8	000003e8	00000001	69ce463f	00000000	00000030	00000000	00000000	00000000
usr/share	000010f6	000041ed	000003e8	000003e8	00000005	6a8eba6d	00000000	00000030	00000000	00000000	00000000
usr/share/fonts	000010f7	000041ed	000003e8	000003e8	00000003	6a8eba6d	00000000	00000030	00000000	00000000	00000000
usr/share/fonts/truetype	000010f8	000041ed	000003e8	000003e8	00000003	6a8eba6d	00000000	00000030	00000000	00000000	00000000
usr/share/fonts/truetype/ubuntu	000010f9	000041ed	000003e8	000003e8	00000002	6a8eba6d	00000000	00000030	00000000	00000000	00000000
usr/share/fonts/truetype/ubuntu/UbuntuMono-Italic[wght].ttf	000010fa	000081a4	000003e8	000003e8	00000001	65fc944f	00000000	00000030	00000000	00000000	00000000
usr/share/fonts/truetype/ubuntu/UbuntuMono[wght].ttf	000010fb	000081a4	000003e8	000003e8	00000001	65fc944f	00000000	00000030	00000000	00000000	00000000
usr/share/fonts/truetype/ubuntu/Ubuntu[wdth,wght].ttf	000010fc	000081a4	000003e8	000003e8	00000001	65fc944f	00000000	00000030	00000000	00000000	00000000
usr/share/pixmaps	000010fd	000041ed	000003e8	000003e8	00000002	6a8eba6d	00000000	00000030	00000000	00000000	00000000
usr/share/pixmaps/ubuntu-logo-text-dark.png	000010fe	000081a4	000003e8	000003e8	00000001	69eb44f7	00000000	00000030	00000000	00000000	00000000
usr/share/plymouth	000010ff	000041ed	000003e8	000003e8	00000003	6a8eba6d	00000000	00000030	00000000	00000000	00000000
usr/share/plymouth/plymouthd.defaults	00001100	000081a4	000003e8	000003e8	00000001	69b2cd38	00000000	00000030	00000000	00000000	00000000
usr/share/plymouth/themes	00001101	000041ed	000003e8	000003e8	00000007	6a8eba6d	00000000	00000030	00000000	00000000	00000000
usr/share/plymouth/themes/bgrt	00001102	000041ed	000003e8	000003e8	00000002	6a8eba6d	00000000	00000030	00000000	00000000	00000000
usr/share/plymouth/themes/bgrt/bgrt.plymouth	00001103	000081a4	000003e8	000003e8	00000001	69b2cd38	00000000	00000030	00000000	00000000	00000000
usr/share/plymouth/themes/default.plymouth	00001104	0000a1ff	000003e8	000003e8	00000001	6a824d43	00000000	00000030	00000000	00000000	00000000
usr/share/plymouth/themes/details	00001105	000041ed	000003e8	000003e8	00000002	6a8eba6d	00000000	00000030	00000000	00000000	00000000
usr/share/plymouth/themes/details/details.plymouth	00001106	000081a4	000003e8	000003e8	00000001	68b414d8	00000000	00000030	00000000	00000000	00000000
usr/share/plymouth/themes/spinner	00001107	000041ed	000003e8	000003e8	00000002	6a8eba6d	00000000	00000030	00000000	00000000	00000000
usr/share/plymouth/themes/spinner/animation-0001.png	00001108	000081a4	000003e8	000003e8	00000001	69b2cd38	00000000	00000030	00000000	00000000	00000000
usr/share/plymouth/themes/spinner/animation-0002.png	00001109	000081a4	000003e8	000003e8	00000001	69b2cd38	00000000	00000030	00000000	00000000	00000000
usr/share/plymouth/themes/spinner/animation-0003.png	0000110a	000081a4	000003e8	000003e8	00000001	69b2cd38	00000000	00000030	00000000	00000000	00000000
usr/share/plymouth/themes/spinner/animation-0004.png	0000110b	000081a4	000003e8	000003e8	00000001	69b2cd38	00000000	00000030	00000000	00000000	00000000
usr/share/plymouth/themes/spinner/animation-0005.png	0000110c	000081a4	000003e8	000003e8	00000001	69b2cd38	00000000	00000030	00000000	00000000	00000000
usr/share/plymouth/themes/spinner/animation-0006.png	0000110d	000081a4	000003e8	000003e8	00000001	69b2cd38	00000000	00000030	00000000	00000000	00000000
usr/share/plymouth/themes/spinner/animation-0007.png	0000110e	000081a4	000003e8	000003e8	00000001	69b2cd38	00000000	00000030	00000000	00000000	00000000
usr/share/plymouth/themes/spinner/animation-0008.png	0000110f	000081a4	000003e8	000003e8	00000001	69b2cd38	00000000	00000030	00000000	00000000	00000000
usr/share/plymouth/themes/spinner/animation-0009.png	00001110	000081a4	000003e8	000003e8	00000001	69b2cd38	00000000	00000030	00000000	00000000	00000000
usr/share/plymouth/themes/spinner/animation-0010.png	00001111	000081a4	000003e8	000003e8	00000001	69b2cd38	00000000	00000030	00000000	00000000	00000000
usr/share/plymouth/themes/spinner/animation-0011.png	00001112	000081a4	000003e8	000003e8	00000001	69b2cd38	00000000	00000030	00000000	00000000	00000000
usr/share/plymouth/themes/spinner/animation-0012.png	00001113	000081a4	000003e8	000003e8	00000001	69b2cd38	00000000	00000030	00000000	00000000	00000000
usr/share/plymouth/themes/spinner/animation-0013.png	00001114	000081a4	000003e8	000003e8	00000001	69b2cd38	00000000	00000030	00000000	00000000	00000000
usr/share/plymouth/themes/spinner/animation-0014.png	00001115	000081a4	000003e8	000003e8	00000001	69b2cd38	00000000	00000030	00000000	00000000	00000000
usr/share/plymouth/themes/spinner/animation-0015.png	00001116	000081a4	000003e8	000003e8	00000001	69b2cd38	00000000	00000030	00000000	00000000	00000000
usr/share/plymouth/themes/spinner/animation-0016.png	00001117	000081a4	000003e8	000003e8	00000001	69b2cd38	00000000	00000030	00000000	00000000	00000000
usr/share/plymouth/themes/spinner/animation-0017.png	00001118	000081a4	000003e8	000003e8	00000001	69b2cd38	00000000	00000030	00000000	00000000	00000000
usr/share/plymouth/themes/spinner/animation-0018.png	00001119	000081a4	000003e8	000003e8	00000001	69b2cd38	00000000	00000030	00000000	00000000	00000000
usr/share/plymouth/themes/spinner/animation-0019.png	0000111a	000081a4	000003e8	000003e8	00000001	69b2cd38	00000000	00000030	00000000	00000000	00000000
usr/share/plymouth/themes/spinner/animation-0020.png	0000111b	000081a4	000003e8	000003e8	00000001	69b2cd38	00000000	00000030	00000000	00000000	00000000
usr/share/plymouth/themes/spinner/animation-0021.png	0000111c	000081a4	000003e8	000003e8	00000001	69b2cd38	00000000	00000030	00000000	00000000	00000000
usr/share/plymouth/themes/spinner/animation-0022.png	0000111d	000081a4	000003e8	000003e8	00000001	69b2cd38	00000000	00000030	00000000	00000000	00000000
usr/share/plymouth/themes/spinner/animation-0023.png	0000111e	000081a4	000003e8	000003e8	00000001	69b2cd38	00000000	00000030	00000000	00000000	00000000
usr/share/plymouth/themes/spinner/animation-0024.png	0000111f	000081a4	000003e8	000003e8	00000001	69b2cd38	00000000	00000030	00000000	00000000	00000000
usr/share/plymouth/themes/spinner/animation-0025.png	00001120	000081a4	000003e8	000003e8	00000001	69b2cd38	00000000	00000030	00000000	00000000	00000000
usr/share/plymouth/themes/spinner/animation-0026.png	00001121	000081a4	000003e8	000003e8	00000001	69b2cd38	00000000	00000030	00000000	00000000	00000000
usr/share/plymouth/themes/spinner/animation-0027.png	00001122	000081a4	000003e8	000003e8	00000001	69b2cd38	00000000	00000030	00000000	00000000	00000000
usr/share/plymouth/themes/spinner/animation-0028.png	00001123	000081a4	000003e8	000003e8	00000001	69b2cd38	00000000	00000030	00000000	00000000	00000000
usr/share/plymouth/themes/spinner/animation-0029.png	00001124	000081a4	000003e8	000003e8	00000001	69b2cd38	00000000	00000030	00000000	00000000	00000000
usr/share/plymouth/themes/spinner/animation-0030.png	00001125	000081a4	000003e8	000003e8	00000001	69b2cd38	00000000	00000030	00000000	00000000	00000000
usr/share/plymouth/themes/spinner/animation-0031.png	00001126	000081a4	000003e8	000003e8	00000001	69b2cd38	00000000	00000030	00000000	00000000	00000000
usr/share/plymouth/themes/spinner/animation-0032.png	00001127	000081a4	000003e8	000003e8	00000001	69b2cd38	00000000	00000030	00000000	00000000	00000000
usr/share/plymouth/themes/spinner/animation-0033.png	00001128	000081a4	000003e8	000003e8	00000001	69b2cd38	00000000	00000030	00000000	00000000	00000000
usr/share/plymouth/themes/spinner/animation-0034.png	00001129	000081a4	000003e8	000003e8	00000001	69b2cd38	00000000	00000030	00000000	00000000	00000000
usr/share/plymouth/themes/spinner/animation-0035.png	0000112a	000081a4	000003e8	000003e8	00000001	69b2cd38	00000000	00000030	00000000	00000000	00000000
usr/share/plymouth/themes/spinner/animation-0036.png	0000112b	000081a4	000003e8	000003e8	00000001	69b2cd38	00000000	00000030	00000000	00000000	00000000
usr/share/plymouth/themes/spinner/animation-0037.png	0000112c	000081a4	000003e8	000003e8	00000001	69b2cd38	00000000	00000030	00000000	00000000	00000000
usr/share/plymouth/themes/spinner/animation-0038.png	0000112d	000081a4	000003e8	000003e8	00000001	69b2cd38	00000000	00000030	00000000	00000000	00000000
usr/share/plymouth/themes/spinner/animation-0039.png	0000112e	000081a4	000003e8	000003e8	00000001	69b2cd38	00000000	00000030	00000000	00000000	00000000
usr/share/plymouth/themes/spinner/animation-0040.png	0000112f	000081a4	000003e8	000003e8	00000001	69b2cd38	00000000	00000030	00000000	00000000	00000000
usr/share/plymouth/themes/spinner/animation-0041.png	00001130	000081a4	000003e8	000003e8	00000001	69b2cd38	00000000	00000030	00000000	00000000	00000000
usr/share/plymouth/themes/spinner/animation-0042.png	00001131	000081a4	000003e8	000003e8	00000001	69b2cd38	00000000	00000030	00000000	00000000	00000000
usr/share/plymouth/themes/spinner/animation-0043.png	00001132	000081a4	000003e8	000003e8	00000001	69b2cd38	00000000	00000030	00000000	00000000	00000000
usr/share/plymouth/themes/spinner/animation-0044.png	00001133	000081a4	000003e8	000003e8	00000001	69b2cd38	00000000	00000030	00000000	00000000	00000000
usr/share/plymouth/themes/spinner/animation-0045.png	00001134	000081a4	000003e8	000003e8	00000001	69b2cd38	00000000	00000030	00000000	00000000	00000000
usr/share/plymouth/themes/spinner/animation-0046.png	00001135	000081a4	000003e8	000003e8	00000001	69b2cd38	00000000	00000030	00000000	00000000	00000000
usr/share/plymouth/themes/spinner/animation-0047.png	00001136	000081a4	000003e8	000003e8	00000001	69b2cd38	00000000	00000030	00000000	00000000	00000000
usr/share/plymouth/themes/spinner/animation-0048.png	00001137	000081a4	000003e8	000003e8	00000001	69b2cd38	00000000	00000030	00000000	00000000	00000000
usr/share/plymouth/themes/spinner/animation-0049.png	00001138	000081a4	000003e8	000003e8	00000001	69b2cd38	00000000	00000030	00000000	00000000	00000000
usr/share/plymouth/themes/spinner/animation-0050.png	00001139	000081a4	000003e8	000003e8	00000001	69b2cd38	00000000	00000030	00000000	00000000	00000000
usr/share/plymouth/themes/spinner/animation-0051.png	0000113a	000081a4	000003e8	000003e8	00000001	69b2cd38	00000000	00000030	00000000	00000000	00000000
usr/share/plymouth/themes/spinner/animation-0052.png	0000113b	000081a4	000003e8	000003e8	00000001	69b2cd38	00000000	00000030	00000000	00000000	00000000
usr/share/plymouth/themes/spinner/animation-0053.png	0000113c	000081a4	000003e8	000003e8	00000001	69b2cd38	00000000	00000030	00000000	00000000	00000000
usr/share/plymouth/themes/spinner/animation-0054.png	0000113d	000081a4	000003e8	000003e8	00000001	69b2cd38	00000000	00000030	00000000	00000000	00000000
usr/share/plymouth/themes/spinner/animation-0055.png	0000113e	000081a4	000003e8	000003e8	00000001	69b2cd38	00000000	00000030	00000000	00000000	00000000
usr/share/plymouth/themes/spinner/animation-0056.png	0000113f	000081a4	000003e8	000003e8	00000001	69b2cd38	00000000	00000030	00000000	00000000	00000000
usr/share/plymouth/themes/spinner/animation-0057.png	00001140	000081a4	000003e8	000003e8	00000001	69b2cd38	00000000	00000030	00000000	00000000	00000000
usr/share/plymouth/themes/spinner/animation-0058.png	00001141	000081a4	000003e8	000003e8	00000001	69b2cd38	00000000	00000030	00000000	00000000	00000000
usr/share/plymouth/themes/spinner/animation-0059.png	00001142	000081a4	000003e8	000003e8	00000001	69b2cd38	00000000	00000030	00000000	00000000	00000000
usr/share/plymouth/themes/spinner/animation-0060.png	00001143	000081a4	000003e8	000003e8	00000001	69b2cd38	00000000	00000030	00000000	00000000	00000000
usr/share/plymouth/themes/spinner/bgrt-fallback.png	00001144	000081a4	000003e8	000003e8	00000001	69b2cd38	00000000	00000030	00000000	00000000	00000000
usr/share/plymouth/themes/spinner/bullet.png	00001145	000081a4	000003e8	000003e8	00000001	69b2cd38	00000000	00000030	00000000	00000000	00000000
usr/share/plymouth/themes/spinner/capslock.png	00001146	000081a4	000003e8	000003e8	00000001	69b2cd38	00000000	00000030	00000000	00000000	00000000
usr/share/plymouth/themes/spinner/entry.png	00001147	000081a4	000003e8	000003e8	00000001	69b2cd38	00000000	00000030	00000000	00000000	00000000
usr/share/plymouth/themes/spinner/keyboard.png	00001148	000081a4	000003e8	000003e8	00000001	69b2cd38	00000000	00000030	00000000	00000000	00000000
usr/share/plymouth/themes/spinner/keymap-render.png	00001149	000081a4	000003e8	000003e8	00000001	69b2cd38	00000000	00000030	00000000	00000000	00000000
usr/share/plymouth/themes/spinner/lock.png	0000114a	000081a4	000003e8	000003e8	00000001	69b2cd38	00000000	00000030	00000000	00000000	00000000
usr/share/plymouth/themes/spinner/spinner.plymouth	0000114b	000081a4	000003e8	000003e8	00000001	69b2cd38	00000000	00000030	00000000	00000000	00000000
usr/share/plymouth/themes/spinner/throbber-0001.png	0000114c	000081a4	000003e8	000003e8	00000001	69b2cd38	00000000	00000030	00000000	00000000	00000000
usr/share/plymouth/themes/spinner/throbber-0002.png	0000114d	000081a4	000003e8	000003e8	00000001	69b2cd38	00000000	00000030	00000000	00000000	00000000
usr/share/plymouth/themes/spinner/throbber-0003.png	0000114e	000081a4	000003e8	000003e8	00000001	69b2cd38	00000000	00000030	00000000	00000000	00000000
usr/share/plymouth/themes/spinner/throbber-0004.png	0000114f	000081a4	000003e8	000003e8	00000001	69b2cd38	00000000	00000030	00000000	00000000	00000000
usr/share/plymouth/themes/spinner/throbber-0005.png	00001150	000081a4	000003e8	000003e8	00000001	69b2cd38	00000000	00000030	00000000	00000000	00000000
usr/share/plymouth/themes/spinner/throbber-0006.png	00001151	000081a4	000003e8	000003e8	00000001	69b2cd38	00000000	00000030	00000000	00000000	00000000
usr/share/plymouth/themes/spinner/throbber-0007.png	00001152	000081a4	000003e8	000003e8	00000001	69b2cd38	00000000	00000030	00000000	00000000	00000000
usr/share/plymouth/themes/spinner/throbber-0008.png	00001153	000081a4	000003e8	000003e8	00000001	69b2cd38	00000000	00000030	00000000	00000000	00000000
usr/share/plymouth/themes/spinner/throbber-0009.png	00001154	000081a4	000003e8	000003e8	00000001	69b2cd38	00000000	00000030	00000000	00000000	00000000
usr/share/plymouth/themes/spinner/throbber-0010.png	00001155	000081a4	000003e8	000003e8	00000001	69b2cd38	00000000	00000030	00000000	00000000	00000000
usr/share/plymouth/themes/spinner/throbber-0011.png	00001156	000081a4	000003e8	000003e8	00000001	69b2cd38	00000000	00000030	00000000	00000000	00000000
usr/share/plymouth/themes/spinner/throbber-0012.png	00001157	000081a4	000003e8	000003e8	00000001	69b2cd38	00000000	00000030	00000000	00000000	00000000
usr/share/plymouth/themes/spinner/throbber-0013.png	00001158	000081a4	000003e8	000003e8	00000001	69b2cd38	00000000	00000030	00000000	00000000	00000000
usr/share/plymouth/themes/spinner/throbber-0014.png	00001159	000081a4	000003e8	000003e8	00000001	69b2cd38	00000000	00000030	00000000	00000000	00000000
usr/share/plymouth/themes/spinner/throbber-0015.png	0000115a	000081a4	000003e8	000003e8	00000001	69b2cd38	00000000	00000030	00000000	00000000	00000000
usr/share/plymouth/themes/spinner/throbber-0016.png	0000115b	000081a4	000003e8	000003e8	00000001	69b2cd38	00000000	00000030	00000000	00000000	00000000
usr/share/plymouth/themes/spinner/throbber-0017.png	0000115c	000081a4	000003e8	000003e8	00000001	69b2cd38	00000000	00000030	00000000	00000000	00000000
usr/share/plymouth/themes/spinner/throbber-0018.png	0000115d	000081a4	000003e8	000003e8	00000001	69b2cd38	00000000	00000030	00000000	00000000	00000000
usr/share/plymouth/themes/spinner/throbber-0019.png	0000115e	000081a4	000003e8	000003e8	00000001	69b2cd38	00000000	00000030	00000000	00000000	00000000
usr/share/plymouth/themes/spinner/throbber-0020.png	0000115f	000081a4	000003e8	000003e8	00000001	69b2cd38	00000000	00000030	00000000	00000000	00000000
usr/share/plymouth/themes/spinner/throbber-0021.png	00001160	000081a4	000003e8	000003e8	00000001	69b2cd38	00000000	00000030	00000000	00000000	00000000
usr/share/plymouth/themes/spinner/throbber-0022.png	00001161	000081a4	000003e8	000003e8	00000001	69b2cd38	00000000	00000030	00000000	00000000	00000000
usr/share/plymouth/themes/spinner/throbber-0023.png	00001162	000081a4	000003e8	000003e8	00000001	69b2cd38	00000000	00000030	00000000	00000000	00000000
usr/share/plymouth/themes/spinner/throbber-0024.png	00001163	000081a4	000003e8	000003e8	00000001	69b2cd38	00000000	00000030	00000000	00000000	00000000
usr/share/plymouth/themes/spinner/throbber-0025.png	00001164	000081a4	000003e8	000003e8	00000001	69b2cd38	00000000	00000030	00000000	00000000	00000000
usr/share/plymouth/themes/spinner/throbber-0026.png	00001165	000081a4	000003e8	000003e8	00000001	69b2cd38	00000000	00000030	00000000	00000000	00000000
usr/share/plymouth/themes/spinner/throbber-0027.png	00001166	000081a4	000003e8	000003e8	00000001	69b2cd38	00000000	00000030	00000000	00000000	00000000
usr/share/plymouth/themes/spinner/throbber-0028.png	00001167	000081a4	000003e8	000003e8	00000001	69b2cd38	00000000	00000030	00000000	00000000	00000000
usr/share/plymouth/themes/spinner/throbber-0029.png	00001168	000081a4	000003e8	000003e8	00000001	69b2cd38	00000000	00000030	00000000	00000000	00000000
usr/share/plymouth/themes/spinner/throbber-0030.png	00001169	000081a4	000003e8	000003e8	00000001	69b2cd38	00000000	00000030	00000000	00000000	00000000
usr/share/plymouth/themes/spinner/throbber-0031.png	0000116a	000081a4	000003e8	000003e8	00000001	69b2cd38	00000000	00000030	00000000	00000000	00000000
usr/share/plymouth/themes/spinner/throbber-0032.png	0000116b	000081a4	000003e8	000003e8	00000001	69b2cd38	00000000	00000030	00000000	00000000	00000000
usr/share/plymouth/themes/spinner/throbber-0033.png	0000116c	000081a4	000003e8	000003e8	00000001	69b2cd38	00000000	00000030	00000000	00000000	00000000
usr/share/plymouth/themes/spinner/throbber-0034.png	0000116d	000081a4	000003e8	000003e8	00000001	69b2cd38	00000000	00000030	00000000	00000000	00000000
usr/share/plymouth/themes/spinner/throbber-0035.png	0000116e	000081a4	000003e8	000003e8	00000001	69b2cd38	00000000	00000030	00000000	00000000	00000000
usr/share/plymouth/themes/spinner/throbber-0036.png	0000116f	000081a4	000003e8	000003e8	00000001	69b2cd38	00000000	00000030	00000000	00000000	00000000
usr/share/plymouth/themes/spinner/throbber-0037.png	00001170	000081a4	000003e8	000003e8	00000001	69b2cd38	00000000	00000030	00000000	00000000	00000000
usr/share/plymouth/themes/spinner/throbber-0038.png	00001171	000081a4	000003e8	000003e8	00000001	69b2cd38	00000000	00000030	00000000	00000000	00000000
usr/share/plymouth/themes/spinner/throbber-0039.png	00001172	000081a4	000003e8	000003e8	00000001	69b2cd38	00000000	00000030	00000000	00000000	00000000
usr/share/plymouth/themes/spinner/throbber-0040.png	00001173	000081a4	000003e8	000003e8	00000001	69b2cd38	00000000	00000030	00000000	00000000	00000000
usr/share/plymouth/themes/spinner/throbber-0041.png	00001174	000081a4	000003e8	000003e8	00000001	69b2cd38	00000000	00000030	00000000	00000000	00000000
usr/share/plymouth/themes/spinner/throbber-0042.png	00001175	000081a4	000003e8	000003e8	00000001	69b2cd38	00000000	00000030	00000000	00000000	00000000
usr/share/plymouth/themes/spinner/throbber-0043.png	00001176	000081a4	000003e8	000003e8	00000001	69b2cd38	00000000	00000030	00000000	00000000	00000000
usr/share/plymouth/themes/spinner/throbber-0044.png	00001177	000081a4	000003e8	000003e8	00000001	69b2cd38	00000000	00000030	00000000	00000000	00000000
usr/share/plymouth/themes/spinner/throbber-0045.png	00001178	000081a4	000003e8	000003e8	00000001	69b2cd38	00000000	00000030	00000000	00000000	00000000
usr/share/plymouth/themes/spinner/throbber-0046.png	00001179	000081a4	000003e8	000003e8	00000001	69b2cd38	00000000	00000030	00000000	00000000	00000000
usr/share/plymouth/themes/spinner/throbber-0047.png	0000117a	000081a4	000003e8	000003e8	00000001	69b2cd38	00000000	00000030	00000000	00000000	00000000
usr/share/plymouth/themes/spinner/throbber-0048.png	0000117b	000081a4	000003e8	000003e8	00000001	69b2cd38	00000000	00000030	00000000	00000000	00000000
usr/share/plymouth/themes/spinner/throbber-0049.png	0000117c	000081a4	000003e8	000003e8	00000001	69b2cd38	00000000	00000030	00000000	00000000	00000000
usr/share/plymouth/themes/spinner/throbber-0050.png	0000117d	000081a4	000003e8	000003e8	00000001	69b2cd38	00000000	00000030	00000000	00000000	00000000
usr/share/plymouth/themes/spinner/throbber-0051.png	0000117e	000081a4	000003e8	000003e8	00000001	69b2cd38	00000000	00000030	00000000	00000000	00000000
usr/share/plymouth/themes/spinner/throbber-0052.png	0000117f	000081a4	000003e8	000003e8	00000001	69b2cd38	00000000	00000030	00000000	00000000	00000000
usr/share/plymouth/themes/spinner/throbber-0053.png	00001180	000081a4	000003e8	000003e8	00000001	69b2cd38	00000000	00000030	00000000	00000000	00000000
usr/share/plymouth/themes/spinner/throbber-0054.png	00001181	000081a4	000003e8	000003e8	00000001	69b2cd38	00000000	00000030	00000000	00000000	00000000
usr/share/plymouth/themes/spinner/throbber-0055.png	00001182	000081a4	000003e8	000003e8	00000001	69b2cd38	00000000	00000030	00000000	00000000	00000000
usr/share/plymouth/themes/spinner/throbber-0056.png	00001183	000081a4	000003e8	000003e8	00000001	69b2cd38	00000000	00000030	00000000	00000000	00000000
usr/share/plymouth/themes/spinner/throbber-0057.png	00001184	000081a4	000003e8	000003e8	00000001	69b2cd38	00000000	00000030	00000000	00000000	00000000
usr/share/plymouth/themes/spinner/throbber-0058.png	00001185	000081a4	000003e8	000003e8	00000001	69b2cd38	00000000	00000030	00000000	00000000	00000000
usr/share/plymouth/themes/spinner/throbber-0059.png	00001186	000081a4	000003e8	000003e8	00000001	69b2cd38	00000000	00000030	00000000	00000000	00000000
usr/share/plymouth/themes/spinner/throbber-0060.png	00001187	000081a4	000003e8	000003e8	00000001	69b2cd38	00000000	00000030	00000000	00000000	00000000
usr/share/plymouth/themes/spinner/throbber.svg	00001188	000081a4	000003e8	000003e8	00000001	69b2cd38	00000000	00000030	00000000	00000000	00000000
usr/share/plymouth/themes/spinner/watermark.png	00001189	0000a1ff	000003e8	000003e8	00000001	69b2cd38	00000000	00000030	00000000	00000000	00000000
usr/share/plymouth/themes/text	0000118a	000041ed	000003e8	000003e8	00000002	6a8eba6d	00000000	00000030	00000000	00000000	00000000
usr/share/plymouth/themes/text.plymouth	0000118b	0000a1ff	000003e8	000003e8	00000001	6a824d43	00000000	00000030	00000000	00000000	00000000
usr/share/plymouth/themes/text/text.plymouth	0000118c	000081a4	000003e8	000003e8	00000001	68b414d8	00000000	00000030	00000000	00000000	00000000
usr/share/plymouth/themes/ubuntu-text	0000118d	000041ed	000003e8	000003e8	00000002	6a8eba6d	00000000	00000030	00000000	00000000	00000000
usr/share/plymouth/themes/ubuntu-text/ubuntu-text.plymouth	0000118e	000081a4	000003e8	000003e8	00000001	6a53722a	00000000	00000030	00000000	00000000	00000000
usr/share/plymouth/themes/ubuntu-text/ubuntu-text.plymouth.in	0000118f	000081a4	000003e8	000003e8	00000001	69b2cd38	00000000	00000030	00000000	00000000	00000000
var	00001190	000041ed	000003e8	000003e8	00000004	6a8eba6d	00000000	00000030	00000000	00000000	00000000
var/cache	00001191	000041ed	000003e8	000003e8	00000003	6a8eba6d	00000000	00000030	00000000	00000000	00000000
var/cache/fontconfig	00001192	000041ed	000003e8	000003e8	00000002	6a8eba6d	00000000	00000030	00000000	00000000	00000000
var/cache/fontconfig/2300eef321c393bfd76478a5c0e95b23-le64.cache-9	00001193	000081a4	000003e8	000003e8	00000001	6a824d45	00000000	00000030	00000000	00000000	00000000
var/cache/fontconfig/3830d5c3ddfd5cd38a049b759396e72e-le64.cache-9	00001194	000081a4	000003e8	000003e8	00000001	6a824d45	00000000	00000030	00000000	00000000	00000000
var/cache/fontconfig/4c599c202bc5c08e2d34565a40eac3b2-le64.cache-9	00001195	000081a4	000003e8	000003e8	00000001	6a824d45	00000000	00000030	00000000	00000000	00000000
var/cache/fontconfig/7ef2298fde41cc6eeb7af42e48b7d293-le64.cache-9	00001196	000081a4	000003e8	000003e8	00000001	6a824d45	00000000	00000030	00000000	00000000	00000000
var/cache/fontconfig/CACHEDIR.TAG	00001197	000081a4	000003e8	000003e8	00000001	6a824d45	00000000	00000030	00000000	00000000	00000000
var/lib	00001198	000041ed	000003e8	000003e8	00000003	6a8eba6d	00000000	00000030	00000000	00000000	00000000
var/lib/dhcpcd	00001199	000041ed	000003e8	000003e8	00000002	6a824d43	00000000	00000030	00000000	00000000	00000000
TRAILER!!!	00000000	00000000	00000000	00000000	00000001	00000000	00000000	00000000	00000000	00000000	00000000
