# tracer: nop
#
# entries-in-buffer/entries-written: 510/510   #P:12
#
#                                _-----=> irqs-off/BH-disabled
#                               / _----=> need-resched
#                              | / _---=> hardirq/softirq
#                              || / _--=> preempt-depth
#                              ||| / _-=> migrate-disable
#                              |||| /     delay
#           TASK-PID     CPU#  |||||  TIMESTAMP  FUNCTION
#              | |         |   |||||     |         |
     wireplumber-1820    [006] d....    12.545328: sp11_wsa_cupd: (snd_soc_component_update_bits+0x0/0x110 [snd_soc_core]) component=0xffff00080110ea80 reg=1024 mask=16 val=0
     wireplumber-1820    [006] d....    12.545330: <stack trace>
 => snd_soc_component_update_bits
 => snd_soc_put_volsw
 => snd_ctl_elem_write
 => snd_ctl_ioctl
 => __arm64_sys_ioctl
 => invoke_syscall.constprop.0
 => el0_svc_common.constprop.0
 => do_el0_svc
 => el0_svc
 => el0t_64_sync_handler
 => el0t_64_sync
     wireplumber-1820    [006] d....    12.545336: sp11_wsa_cupd: (snd_soc_component_update_bits+0x0/0x110 [snd_soc_core]) component=0xffff00080110ea80 reg=1152 mask=16 val=0
     wireplumber-1820    [006] d....    12.545336: <stack trace>
 => snd_soc_component_update_bits
 => snd_soc_put_volsw
 => snd_ctl_elem_write
 => snd_ctl_ioctl
 => __arm64_sys_ioctl
 => invoke_syscall.constprop.0
 => el0_svc_common.constprop.0
 => do_el0_svc
 => el0_svc
 => el0t_64_sync_handler
 => el0t_64_sync
     wireplumber-1820    [006] d....    12.545341: sp11_wsa_cupd: (snd_soc_component_update_bits+0x0/0x110 [snd_soc_core]) component=0xffff00080110ea80 reg=1044 mask=255 val=253
     wireplumber-1820    [006] d....    12.545341: <stack trace>
 => snd_soc_component_update_bits
 => snd_soc_put_volsw
 => snd_ctl_elem_write
 => snd_ctl_ioctl
 => __arm64_sys_ioctl
 => invoke_syscall.constprop.0
 => el0_svc_common.constprop.0
 => do_el0_svc
 => el0_svc
 => el0t_64_sync_handler
 => el0t_64_sync
     wireplumber-1820    [006] d....    12.545346: sp11_wsa_cupd: (snd_soc_component_update_bits+0x0/0x110 [snd_soc_core]) component=0xffff00080110ea80 reg=1172 mask=255 val=253
     wireplumber-1820    [006] d....    12.545346: <stack trace>
 => snd_soc_component_update_bits
 => snd_soc_put_volsw
 => snd_ctl_elem_write
 => snd_ctl_ioctl
 => __arm64_sys_ioctl
 => invoke_syscall.constprop.0
 => el0_svc_common.constprop.0
 => do_el0_svc
 => el0_svc
 => el0t_64_sync_handler
 => el0t_64_sync
     wireplumber-1820    [000] d....    12.590777: sp11_wsa_hw_params: (wsa884x_hw_params+0x0/0x4c8 [snd_soc_wsa884x]) substream=18446462633495558656 params=18446603338467128104 dai=18446462633267546240
     wireplumber-1820    [000] d....    12.590781: <stack trace>
 => wsa884x_hw_params
 => __soc_pcm_hw_params
 => dpcm_be_dai_hw_params
 => dpcm_fe_dai_hw_params
 => snd_pcm_hw_params
 => snd_pcm_common_ioctl
 => snd_pcm_ioctl
 => __arm64_sys_ioctl
 => invoke_syscall.constprop.0
 => el0_svc_common.constprop.0
 => do_el0_svc
 => el0_svc
 => el0t_64_sync_handler
 => el0t_64_sync
     wireplumber-1820    [000] d....    12.590797: sp11_wsa_hw_params: (wsa884x_hw_params+0x0/0x4c8 [snd_soc_wsa884x]) substream=18446462633495558656 params=18446603338467128104 dai=18446462633314769024
     wireplumber-1820    [000] d....    12.590798: <stack trace>
 => wsa884x_hw_params
 => __soc_pcm_hw_params
 => dpcm_be_dai_hw_params
 => dpcm_fe_dai_hw_params
 => snd_pcm_hw_params
 => snd_pcm_common_ioctl
 => snd_pcm_ioctl
 => __arm64_sys_ioctl
 => invoke_syscall.constprop.0
 => el0_svc_common.constprop.0
 => do_el0_svc
 => el0_svc
 => el0t_64_sync_handler
 => el0t_64_sync
     wireplumber-1820    [000] d....    12.590807: sp11_swr_hw_params: (qcom_swrm_hw_params+0x0/0x3b0 [soundwire_qcom]) substream=18446462633495558656 params=18446603338467128104 dai=18446462633554300544
     wireplumber-1820    [000] d....    12.590808: <stack trace>
 => qcom_swrm_hw_params
 => __soc_pcm_hw_params
 => dpcm_be_dai_hw_params
 => dpcm_fe_dai_hw_params
 => snd_pcm_hw_params
 => snd_pcm_common_ioctl
 => snd_pcm_ioctl
 => __arm64_sys_ioctl
 => invoke_syscall.constprop.0
 => el0_svc_common.constprop.0
 => do_el0_svc
 => el0_svc
 => el0t_64_sync_handler
 => el0t_64_sync
     wireplumber-1820    [000] d....    12.590819: sp11_wsa_cupd: (snd_soc_component_update_bits+0x0/0x110 [snd_soc_core]) component=0xffff00080110ea80 reg=1024 mask=15 val=4
     wireplumber-1820    [000] d....    12.590820: <stack trace>
 => snd_soc_component_update_bits
 => snd_soc_dai_hw_params
 => __soc_pcm_hw_params
 => dpcm_be_dai_hw_params
 => dpcm_fe_dai_hw_params
 => snd_pcm_hw_params
 => snd_pcm_common_ioctl
 => snd_pcm_ioctl
 => __arm64_sys_ioctl
 => invoke_syscall.constprop.0
 => el0_svc_common.constprop.0
 => do_el0_svc
 => el0_svc
 => el0t_64_sync_handler
 => el0t_64_sync
     wireplumber-1820    [000] d....    12.590821: sp11_wsa_cupd: (snd_soc_component_update_bits+0x0/0x110 [snd_soc_core]) component=0xffff00080110ea80 reg=1152 mask=15 val=4
     wireplumber-1820    [000] d....    12.590821: <stack trace>
 => snd_soc_component_update_bits
 => snd_soc_dai_hw_params
 => __soc_pcm_hw_params
 => dpcm_be_dai_hw_params
 => dpcm_fe_dai_hw_params
 => snd_pcm_hw_params
 => snd_pcm_common_ioctl
 => snd_pcm_ioctl
 => __arm64_sys_ioctl
 => invoke_syscall.constprop.0
 => el0_svc_common.constprop.0
 => do_el0_svc
 => el0_svc
 => el0t_64_sync_handler
 => el0t_64_sync
     wireplumber-1820    [000] d....    12.590827: sp11_wsa_hw_params: (wsa884x_hw_params+0x0/0x4c8 [snd_soc_wsa884x]) substream=18446462633495546880 params=18446603338467128104 dai=18446462633267558016
     wireplumber-1820    [000] d....    12.590828: <stack trace>
 => wsa884x_hw_params
 => __soc_pcm_hw_params
 => dpcm_be_dai_hw_params
 => dpcm_fe_dai_hw_params
 => snd_pcm_hw_params
 => snd_pcm_common_ioctl
 => snd_pcm_ioctl
 => __arm64_sys_ioctl
 => invoke_syscall.constprop.0
 => el0_svc_common.constprop.0
 => do_el0_svc
 => el0_svc
 => el0t_64_sync_handler
 => el0t_64_sync
     wireplumber-1820    [000] d....    12.590833: sp11_wsa_hw_params: (wsa884x_hw_params+0x0/0x4c8 [snd_soc_wsa884x]) substream=18446462633495546880 params=18446603338467128104 dai=18446462633719054976
     wireplumber-1820    [000] d....    12.590833: <stack trace>
 => wsa884x_hw_params
 => __soc_pcm_hw_params
 => dpcm_be_dai_hw_params
 => dpcm_fe_dai_hw_params
 => snd_pcm_hw_params
 => snd_pcm_common_ioctl
 => snd_pcm_ioctl
 => __arm64_sys_ioctl
 => invoke_syscall.constprop.0
 => el0_svc_common.constprop.0
 => do_el0_svc
 => el0_svc
 => el0t_64_sync_handler
 => el0t_64_sync
     wireplumber-1820    [000] d....    12.590838: sp11_swr_hw_params: (qcom_swrm_hw_params+0x0/0x3b0 [soundwire_qcom]) substream=18446462633495546880 params=18446603338467128104 dai=18446462633267556992
     wireplumber-1820    [000] d....    12.590838: <stack trace>
 => qcom_swrm_hw_params
 => __soc_pcm_hw_params
 => dpcm_be_dai_hw_params
 => dpcm_fe_dai_hw_params
 => snd_pcm_hw_params
 => snd_pcm_common_ioctl
 => snd_pcm_ioctl
 => __arm64_sys_ioctl
 => invoke_syscall.constprop.0
 => el0_svc_common.constprop.0
 => do_el0_svc
 => el0_svc
 => el0t_64_sync_handler
 => el0t_64_sync
     wireplumber-1820    [000] d....    12.590841: sp11_wsa_hw_params: (wsa884x_hw_params+0x0/0x4c8 [snd_soc_wsa884x]) substream=18446462633495553536 params=18446603338467128104 dai=18446462633267547264
     wireplumber-1820    [000] d....    12.590841: <stack trace>
 => wsa884x_hw_params
 => __soc_pcm_hw_params
 => dpcm_be_dai_hw_params
 => dpcm_fe_dai_hw_params
 => snd_pcm_hw_params
 => snd_pcm_common_ioctl
 => snd_pcm_ioctl
 => __arm64_sys_ioctl
 => invoke_syscall.constprop.0
 => el0_svc_common.constprop.0
 => do_el0_svc
 => el0_svc
 => el0t_64_sync_handler
 => el0t_64_sync
     wireplumber-1820    [000] d....    12.590846: sp11_wsa_hw_params: (wsa884x_hw_params+0x0/0x4c8 [snd_soc_wsa884x]) substream=18446462633495553536 params=18446603338467128104 dai=18446462633594761856
     wireplumber-1820    [000] d....    12.590847: <stack trace>
 => wsa884x_hw_params
 => __soc_pcm_hw_params
 => dpcm_be_dai_hw_params
 => dpcm_fe_dai_hw_params
 => snd_pcm_hw_params
 => snd_pcm_common_ioctl
 => snd_pcm_ioctl
 => __arm64_sys_ioctl
 => invoke_syscall.constprop.0
 => el0_svc_common.constprop.0
 => do_el0_svc
 => el0_svc
 => el0t_64_sync_handler
 => el0t_64_sync
     wireplumber-1820    [000] d....    12.590851: sp11_swr_hw_params: (qcom_swrm_hw_params+0x0/0x3b0 [soundwire_qcom]) substream=18446462633495553536 params=18446603338467128104 dai=18446462633267553408
     wireplumber-1820    [000] d....    12.590852: <stack trace>
 => qcom_swrm_hw_params
 => __soc_pcm_hw_params
 => dpcm_be_dai_hw_params
 => dpcm_fe_dai_hw_params
 => snd_pcm_hw_params
 => snd_pcm_common_ioctl
 => snd_pcm_ioctl
 => __arm64_sys_ioctl
 => invoke_syscall.constprop.0
 => el0_svc_common.constprop.0
 => do_el0_svc
 => el0_svc
 => el0t_64_sync_handler
 => el0t_64_sync
     wireplumber-1820    [000] d....    12.590874: sp11_sdw_prepare: (sdw_prepare_stream+0x0/0x340 [soundwire_bus]) stream=18446462633264238272
     wireplumber-1820    [000] d....    12.590874: <stack trace>
 => sdw_prepare_stream
 => x1e80100_snd_prepare
 => snd_soc_link_prepare
 => __soc_pcm_prepare
 => dpcm_be_dai_prepare
 => dpcm_fe_dai_prepare
 => snd_pcm_do_prepare
 => snd_pcm_action_single
 => snd_pcm_action_nonatomic
 => snd_pcm_prepare
 => snd_pcm_common_ioctl
 => snd_pcm_ioctl
 => __arm64_sys_ioctl
 => invoke_syscall.constprop.0
 => el0_svc_common.constprop.0
 => do_el0_svc
 => el0_svc
 => el0t_64_sync_handler
 => el0t_64_sync
     wireplumber-1820    [001] d....    12.595279: sp11_sdw_enable: (sdw_enable_stream+0x0/0x1e8 [soundwire_bus]) stream=18446462633264238272
     wireplumber-1820    [001] d....    12.595281: <stack trace>
 => sdw_enable_stream
 => x1e80100_snd_prepare
 => snd_soc_link_prepare
 => __soc_pcm_prepare
 => dpcm_be_dai_prepare
 => dpcm_fe_dai_prepare
 => snd_pcm_do_prepare
 => snd_pcm_action_single
 => snd_pcm_action_nonatomic
 => snd_pcm_prepare
 => snd_pcm_common_ioctl
 => snd_pcm_ioctl
 => __arm64_sys_ioctl
 => invoke_syscall.constprop.0
 => el0_svc_common.constprop.0
 => do_el0_svc
 => el0_svc
 => el0t_64_sync_handler
 => el0t_64_sync
     wireplumber-1820    [006] d....    12.598604: sp11_wsa_cupd: (snd_soc_component_update_bits+0x0/0x110 [snd_soc_core]) component=0xffff00080110ea80 reg=1024 mask=32 val=32
     wireplumber-1820    [006] d....    12.598605: <stack trace>
 => snd_soc_component_update_bits
 => dapm_seq_run
 => dapm_power_widgets
 => snd_soc_dapm_stream_event
 => __soc_pcm_prepare
 => dpcm_be_dai_prepare
 => dpcm_fe_dai_prepare
 => snd_pcm_do_prepare
 => snd_pcm_action_single
 => snd_pcm_action_nonatomic
 => snd_pcm_prepare
 => snd_pcm_common_ioctl
 => snd_pcm_ioctl
 => __arm64_sys_ioctl
 => invoke_syscall.constprop.0
 => el0_svc_common.constprop.0
 => do_el0_svc
 => el0_svc
 => el0t_64_sync_handler
 => el0t_64_sync
     wireplumber-1820    [006] d....    12.598612: sp11_wsa_cupd: (snd_soc_component_update_bits+0x0/0x110 [snd_soc_core]) component=0xffff00080110ea80 reg=1152 mask=32 val=32
     wireplumber-1820    [006] d....    12.598612: <stack trace>
 => snd_soc_component_update_bits
 => dapm_seq_run
 => dapm_power_widgets
 => snd_soc_dapm_stream_event
 => __soc_pcm_prepare
 => dpcm_be_dai_prepare
 => dpcm_fe_dai_prepare
 => snd_pcm_do_prepare
 => snd_pcm_action_single
 => snd_pcm_action_nonatomic
 => snd_pcm_prepare
 => snd_pcm_common_ioctl
 => snd_pcm_ioctl
 => __arm64_sys_ioctl
 => invoke_syscall.constprop.0
 => el0_svc_common.constprop.0
 => do_el0_svc
 => el0_svc
 => el0t_64_sync_handler
 => el0t_64_sync
     wireplumber-1820    [006] d....    12.598615: sp11_wsa_cupd: (snd_soc_component_update_bits+0x0/0x110 [snd_soc_core]) component=0xffff00080110ea80 reg=1032 mask=1 val=1
     wireplumber-1820    [006] d....    12.598616: <stack trace>
 => snd_soc_component_update_bits
 => dapm_seq_check_event
 => dapm_seq_run_coalesced
 => dapm_seq_run
 => dapm_power_widgets
 => snd_soc_dapm_stream_event
 => __soc_pcm_prepare
 => dpcm_be_dai_prepare
 => dpcm_fe_dai_prepare
 => snd_pcm_do_prepare
 => snd_pcm_action_single
 => snd_pcm_action_nonatomic
 => snd_pcm_prepare
 => snd_pcm_common_ioctl
 => snd_pcm_ioctl
 => __arm64_sys_ioctl
 => invoke_syscall.constprop.0
 => el0_svc_common.constprop.0
 => do_el0_svc
 => el0_svc
 => el0t_64_sync_handler
 => el0t_64_sync
     wireplumber-1820    [006] d....    12.598617: sp11_wsa_cupd: (snd_soc_component_update_bits+0x0/0x110 [snd_soc_core]) component=0xffff00080110ea80 reg=1280 mask=16 val=16
     wireplumber-1820    [006] d....    12.598617: <stack trace>
 => snd_soc_component_update_bits
 => dapm_seq_check_event
 => dapm_seq_run_coalesced
 => dapm_seq_run
 => dapm_power_widgets
 => snd_soc_dapm_stream_event
 => __soc_pcm_prepare
 => dpcm_be_dai_prepare
 => dpcm_fe_dai_prepare
 => snd_pcm_do_prepare
 => snd_pcm_action_single
 => snd_pcm_action_nonatomic
 => snd_pcm_prepare
 => snd_pcm_common_ioctl
 => snd_pcm_ioctl
 => __arm64_sys_ioctl
 => invoke_syscall.constprop.0
 => el0_svc_common.constprop.0
 => do_el0_svc
 => el0_svc
 => el0t_64_sync_handler
 => el0t_64_sync
     wireplumber-1820    [006] d....    12.598619: sp11_wsa_cupd: (snd_soc_component_update_bits+0x0/0x110 [snd_soc_core]) component=0xffff00080110ea80 reg=1160 mask=1 val=1
     wireplumber-1820    [006] d....    12.598620: <stack trace>
 => snd_soc_component_update_bits
 => dapm_seq_check_event
 => dapm_seq_run_coalesced
 => dapm_seq_run
 => dapm_power_widgets
 => snd_soc_dapm_stream_event
 => __soc_pcm_prepare
 => dpcm_be_dai_prepare
 => dpcm_fe_dai_prepare
 => snd_pcm_do_prepare
 => snd_pcm_action_single
 => snd_pcm_action_nonatomic
 => snd_pcm_prepare
 => snd_pcm_common_ioctl
 => snd_pcm_ioctl
 => __arm64_sys_ioctl
 => invoke_syscall.constprop.0
 => el0_svc_common.constprop.0
 => do_el0_svc
 => el0_svc
 => el0t_64_sync_handler
 => el0t_64_sync
     wireplumber-1820    [006] d....    12.598621: sp11_wsa_cupd: (snd_soc_component_update_bits+0x0/0x110 [snd_soc_core]) component=0xffff00080110ea80 reg=1344 mask=16 val=16
     wireplumber-1820    [006] d....    12.598621: <stack trace>
 => snd_soc_component_update_bits
 => dapm_seq_check_event
 => dapm_seq_run_coalesced
 => dapm_seq_run
 => dapm_power_widgets
 => snd_soc_dapm_stream_event
 => __soc_pcm_prepare
 => dpcm_be_dai_prepare
 => dpcm_fe_dai_prepare
 => snd_pcm_do_prepare
 => snd_pcm_action_single
 => snd_pcm_action_nonatomic
 => snd_pcm_prepare
 => snd_pcm_common_ioctl
 => snd_pcm_ioctl
 => __arm64_sys_ioctl
 => invoke_syscall.constprop.0
 => el0_svc_common.constprop.0
 => do_el0_svc
 => el0_svc
 => el0t_64_sync_handler
 => el0t_64_sync
     wireplumber-1820    [006] d....    12.598624: sp11_macro_interp: (wsa_macro_enable_interpolator+0x0/0x750 [snd_soc_lpass_wsa_macro]) widget=18446462633168393728 event=1
     wireplumber-1820    [006] d....    12.598625: <stack trace>
 => wsa_macro_enable_interpolator
 => dapm_seq_run_coalesced
 => dapm_seq_run
 => dapm_power_widgets
 => snd_soc_dapm_stream_event
 => __soc_pcm_prepare
 => dpcm_be_dai_prepare
 => dpcm_fe_dai_prepare
 => snd_pcm_do_prepare
 => snd_pcm_action_single
 => snd_pcm_action_nonatomic
 => snd_pcm_prepare
 => snd_pcm_common_ioctl
 => snd_pcm_ioctl
 => __arm64_sys_ioctl
 => invoke_syscall.constprop.0
 => el0_svc_common.constprop.0
 => do_el0_svc
 => el0_svc
 => el0t_64_sync_handler
 => el0t_64_sync
     wireplumber-1820    [006] d....    12.598625: sp11_wsa_cupd: (snd_soc_component_update_bits+0x0/0x110 [snd_soc_core]) component=0xffff00080110ea80 reg=1040 mask=3 val=3
     wireplumber-1820    [006] d....    12.598626: <stack trace>
 => snd_soc_component_update_bits
 => dapm_seq_check_event
 => dapm_seq_run_coalesced
 => dapm_seq_run
 => dapm_power_widgets
 => snd_soc_dapm_stream_event
 => __soc_pcm_prepare
 => dpcm_be_dai_prepare
 => dpcm_fe_dai_prepare
 => snd_pcm_do_prepare
 => snd_pcm_action_single
 => snd_pcm_action_nonatomic
 => snd_pcm_prepare
 => snd_pcm_common_ioctl
 => snd_pcm_ioctl
 => __arm64_sys_ioctl
 => invoke_syscall.constprop.0
 => el0_svc_common.constprop.0
 => do_el0_svc
 => el0_svc
 => el0t_64_sync_handler
 => el0t_64_sync
     wireplumber-1820    [006] d....    12.598627: sp11_wsa_cupd: (snd_soc_component_update_bits+0x0/0x110 [snd_soc_core]) component=0xffff00080110ea80 reg=1024 mask=16 val=16
     wireplumber-1820    [006] d....    12.598627: <stack trace>
 => snd_soc_component_update_bits
 => dapm_seq_check_event
 => dapm_seq_run_coalesced
 => dapm_seq_run
 => dapm_power_widgets
 => snd_soc_dapm_stream_event
 => __soc_pcm_prepare
 => dpcm_be_dai_prepare
 => dpcm_fe_dai_prepare
 => snd_pcm_do_prepare
 => snd_pcm_action_single
 => snd_pcm_action_nonatomic
 => snd_pcm_prepare
 => snd_pcm_common_ioctl
 => snd_pcm_ioctl
 => __arm64_sys_ioctl
 => invoke_syscall.constprop.0
 => el0_svc_common.constprop.0
 => do_el0_svc
 => el0_svc
 => el0t_64_sync_handler
 => el0t_64_sync
     wireplumber-1820    [006] d....    12.598629: sp11_wsa_cupd: (snd_soc_component_update_bits+0x0/0x110 [snd_soc_core]) component=0xffff00080110ea80 reg=1072 mask=60 val=16
     wireplumber-1820    [006] d....    12.598629: <stack trace>
 => snd_soc_component_update_bits
 => dapm_seq_check_event
 => dapm_seq_run_coalesced
 => dapm_seq_run
 => dapm_power_widgets
 => snd_soc_dapm_stream_event
 => __soc_pcm_prepare
 => dpcm_be_dai_prepare
 => dpcm_fe_dai_prepare
 => snd_pcm_do_prepare
 => snd_pcm_action_single
 => snd_pcm_action_nonatomic
 => snd_pcm_prepare
 => snd_pcm_common_ioctl
 => snd_pcm_ioctl
 => __arm64_sys_ioctl
 => invoke_syscall.constprop.0
 => el0_svc_common.constprop.0
 => do_el0_svc
 => el0_svc
 => el0t_64_sync_handler
 => el0t_64_sync
     wireplumber-1820    [006] d....    12.598630: sp11_wsa_cupd: (snd_soc_component_update_bits+0x0/0x110 [snd_soc_core]) component=0xffff00080110ea80 reg=1072 mask=3 val=1
     wireplumber-1820    [006] d....    12.598631: <stack trace>
 => snd_soc_component_update_bits
 => dapm_seq_check_event
 => dapm_seq_run_coalesced
 => dapm_seq_run
 => dapm_power_widgets
 => snd_soc_dapm_stream_event
 => __soc_pcm_prepare
 => dpcm_be_dai_prepare
 => dpcm_fe_dai_prepare
 => snd_pcm_do_prepare
 => snd_pcm_action_single
 => snd_pcm_action_nonatomic
 => snd_pcm_prepare
 => snd_pcm_common_ioctl
 => snd_pcm_ioctl
 => __arm64_sys_ioctl
 => invoke_syscall.constprop.0
 => el0_svc_common.constprop.0
 => do_el0_svc
 => el0_svc
 => el0t_64_sync_handler
 => el0t_64_sync
     wireplumber-1820    [006] d....    12.598632: sp11_wsa_cupd: (snd_soc_component_update_bits+0x0/0x110 [snd_soc_core]) component=0xffff00080110ea80 reg=1028 mask=4 val=4
     wireplumber-1820    [006] d....    12.598632: <stack trace>
 => snd_soc_component_update_bits
 => dapm_seq_check_event
 => dapm_seq_run_coalesced
 => dapm_seq_run
 => dapm_power_widgets
 => snd_soc_dapm_stream_event
 => __soc_pcm_prepare
 => dpcm_be_dai_prepare
 => dpcm_fe_dai_prepare
 => snd_pcm_do_prepare
 => snd_pcm_action_single
 => snd_pcm_action_nonatomic
 => snd_pcm_prepare
 => snd_pcm_common_ioctl
 => snd_pcm_ioctl
 => __arm64_sys_ioctl
 => invoke_syscall.constprop.0
 => el0_svc_common.constprop.0
 => do_el0_svc
 => el0_svc
 => el0t_64_sync_handler
 => el0t_64_sync
     wireplumber-1820    [006] d....    12.598634: sp11_wsa_cupd: (snd_soc_component_update_bits+0x0/0x110 [snd_soc_core]) component=0xffff00080110ea80 reg=1100 mask=1 val=1
     wireplumber-1820    [006] d....    12.598634: <stack trace>
 => snd_soc_component_update_bits
 => dapm_seq_check_event
 => dapm_seq_run_coalesced
 => dapm_seq_run
 => dapm_power_widgets
 => snd_soc_dapm_stream_event
 => __soc_pcm_prepare
 => dpcm_be_dai_prepare
 => dpcm_fe_dai_prepare
 => snd_pcm_do_prepare
 => snd_pcm_action_single
 => snd_pcm_action_nonatomic
 => snd_pcm_prepare
 => snd_pcm_common_ioctl
 => snd_pcm_ioctl
 => __arm64_sys_ioctl
 => invoke_syscall.constprop.0
 => el0_svc_common.constprop.0
 => do_el0_svc
 => el0_svc
 => el0t_64_sync_handler
 => el0t_64_sync
     wireplumber-1820    [006] d....    12.598636: sp11_macro_interp: (wsa_macro_enable_interpolator+0x0/0x750 [snd_soc_lpass_wsa_macro]) widget=18446462633168398336 event=1
     wireplumber-1820    [006] d....    12.598636: <stack trace>
 => wsa_macro_enable_interpolator
 => dapm_seq_run_coalesced
 => dapm_seq_run
 => dapm_power_widgets
 => snd_soc_dapm_stream_event
 => __soc_pcm_prepare
 => dpcm_be_dai_prepare
 => dpcm_fe_dai_prepare
 => snd_pcm_do_prepare
 => snd_pcm_action_single
 => snd_pcm_action_nonatomic
 => snd_pcm_prepare
 => snd_pcm_common_ioctl
 => snd_pcm_ioctl
 => __arm64_sys_ioctl
 => invoke_syscall.constprop.0
 => el0_svc_common.constprop.0
 => do_el0_svc
 => el0_svc
 => el0t_64_sync_handler
 => el0t_64_sync
     wireplumber-1820    [006] d....    12.598636: sp11_wsa_cupd: (snd_soc_component_update_bits+0x0/0x110 [snd_soc_core]) component=0xffff00080110ea80 reg=1168 mask=3 val=3
     wireplumber-1820    [006] d....    12.598637: <stack trace>
 => snd_soc_component_update_bits
 => dapm_seq_check_event
 => dapm_seq_run_coalesced
 => dapm_seq_run
 => dapm_power_widgets
 => snd_soc_dapm_stream_event
 => __soc_pcm_prepare
 => dpcm_be_dai_prepare
 => dpcm_fe_dai_prepare
 => snd_pcm_do_prepare
 => snd_pcm_action_single
 => snd_pcm_action_nonatomic
 => snd_pcm_prepare
 => snd_pcm_common_ioctl
 => snd_pcm_ioctl
 => __arm64_sys_ioctl
 => invoke_syscall.constprop.0
 => el0_svc_common.constprop.0
 => do_el0_svc
 => el0_svc
 => el0t_64_sync_handler
 => el0t_64_sync
     wireplumber-1820    [006] d....    12.598639: sp11_wsa_cupd: (snd_soc_component_update_bits+0x0/0x110 [snd_soc_core]) component=0xffff00080110ea80 reg=1152 mask=16 val=16
     wireplumber-1820    [006] d....    12.598639: <stack trace>
 => snd_soc_component_update_bits
 => dapm_seq_check_event
 => dapm_seq_run_coalesced
 => dapm_seq_run
 => dapm_power_widgets
 => snd_soc_dapm_stream_event
 => __soc_pcm_prepare
 => dpcm_be_dai_prepare
 => dpcm_fe_dai_prepare
 => snd_pcm_do_prepare
 => snd_pcm_action_single
 => snd_pcm_action_nonatomic
 => snd_pcm_prepare
 => snd_pcm_common_ioctl
 => snd_pcm_ioctl
 => __arm64_sys_ioctl
 => invoke_syscall.constprop.0
 => el0_svc_common.constprop.0
 => do_el0_svc
 => el0_svc
 => el0t_64_sync_handler
 => el0t_64_sync
     wireplumber-1820    [006] d....    12.598641: sp11_wsa_cupd: (snd_soc_component_update_bits+0x0/0x110 [snd_soc_core]) component=0xffff00080110ea80 reg=1200 mask=60 val=16
     wireplumber-1820    [006] d....    12.598641: <stack trace>
 => snd_soc_component_update_bits
 => dapm_seq_check_event
 => dapm_seq_run_coalesced
 => dapm_seq_run
 => dapm_power_widgets
 => snd_soc_dapm_stream_event
 => __soc_pcm_prepare
 => dpcm_be_dai_prepare
 => dpcm_fe_dai_prepare
 => snd_pcm_do_prepare
 => snd_pcm_action_single
 => snd_pcm_action_nonatomic
 => snd_pcm_prepare
 => snd_pcm_common_ioctl
 => snd_pcm_ioctl
 => __arm64_sys_ioctl
 => invoke_syscall.constprop.0
 => el0_svc_common.constprop.0
 => do_el0_svc
 => el0_svc
 => el0t_64_sync_handler
 => el0t_64_sync
     wireplumber-1820    [006] d....    12.598642: sp11_wsa_cupd: (snd_soc_component_update_bits+0x0/0x110 [snd_soc_core]) component=0xffff00080110ea80 reg=1200 mask=3 val=1
     wireplumber-1820    [006] d....    12.598643: <stack trace>
 => snd_soc_component_update_bits
 => dapm_seq_check_event
 => dapm_seq_run_coalesced
 => dapm_seq_run
 => dapm_power_widgets
 => snd_soc_dapm_stream_event
 => __soc_pcm_prepare
 => dpcm_be_dai_prepare
 => dpcm_fe_dai_prepare
 => snd_pcm_do_prepare
 => snd_pcm_action_single
 => snd_pcm_action_nonatomic
 => snd_pcm_prepare
 => snd_pcm_common_ioctl
 => snd_pcm_ioctl
 => __arm64_sys_ioctl
 => invoke_syscall.constprop.0
 => el0_svc_common.constprop.0
 => do_el0_svc
 => el0_svc
 => el0t_64_sync_handler
 => el0t_64_sync
     wireplumber-1820    [006] d....    12.598644: sp11_wsa_cupd: (snd_soc_component_update_bits+0x0/0x110 [snd_soc_core]) component=0xffff00080110ea80 reg=1156 mask=4 val=4
     wireplumber-1820    [006] d....    12.598644: <stack trace>
 => snd_soc_component_update_bits
 => dapm_seq_check_event
 => dapm_seq_run_coalesced
 => dapm_seq_run
 => dapm_power_widgets
 => snd_soc_dapm_stream_event
 => __soc_pcm_prepare
 => dpcm_be_dai_prepare
 => dpcm_fe_dai_prepare
 => snd_pcm_do_prepare
 => snd_pcm_action_single
 => snd_pcm_action_nonatomic
 => snd_pcm_prepare
 => snd_pcm_common_ioctl
 => snd_pcm_ioctl
 => __arm64_sys_ioctl
 => invoke_syscall.constprop.0
 => el0_svc_common.constprop.0
 => do_el0_svc
 => el0_svc
 => el0t_64_sync_handler
 => el0t_64_sync
     wireplumber-1820    [006] d....    12.598646: sp11_wsa_cupd: (snd_soc_component_update_bits+0x0/0x110 [snd_soc_core]) component=0xffff00080110ea80 reg=1228 mask=1 val=1
     wireplumber-1820    [006] d....    12.598646: <stack trace>
 => snd_soc_component_update_bits
 => dapm_seq_check_event
 => dapm_seq_run_coalesced
 => dapm_seq_run
 => dapm_power_widgets
 => snd_soc_dapm_stream_event
 => __soc_pcm_prepare
 => dpcm_be_dai_prepare
 => dpcm_fe_dai_prepare
 => snd_pcm_do_prepare
 => snd_pcm_action_single
 => snd_pcm_action_nonatomic
 => snd_pcm_prepare
 => snd_pcm_common_ioctl
 => snd_pcm_ioctl
 => __arm64_sys_ioctl
 => invoke_syscall.constprop.0
 => el0_svc_common.constprop.0
 => do_el0_svc
 => el0_svc
 => el0t_64_sync_handler
 => el0t_64_sync
     wireplumber-1820    [006] d....    12.598648: sp11_wsa_cupd: (snd_soc_component_update_bits+0x0/0x110 [snd_soc_core]) component=0xffff00080110ea80 reg=1024 mask=16 val=0
     wireplumber-1820    [006] d....    12.598648: <stack trace>
 => snd_soc_component_update_bits
 => dapm_seq_check_event
 => dapm_seq_run_coalesced
 => dapm_seq_run
 => dapm_power_widgets
 => snd_soc_dapm_stream_event
 => __soc_pcm_prepare
 => dpcm_be_dai_prepare
 => dpcm_fe_dai_prepare
 => snd_pcm_do_prepare
 => snd_pcm_action_single
 => snd_pcm_action_nonatomic
 => snd_pcm_prepare
 => snd_pcm_common_ioctl
 => snd_pcm_ioctl
 => __arm64_sys_ioctl
 => invoke_syscall.constprop.0
 => el0_svc_common.constprop.0
 => do_el0_svc
 => el0_svc
 => el0t_64_sync_handler
 => el0t_64_sync
     wireplumber-1820    [006] d....    12.598649: sp11_wsa_cupd: (snd_soc_component_update_bits+0x0/0x110 [snd_soc_core]) component=0xffff00080110ea80 reg=1152 mask=16 val=0
     wireplumber-1820    [006] d....    12.598650: <stack trace>
 => snd_soc_component_update_bits
 => dapm_seq_check_event
 => dapm_seq_run_coalesced
 => dapm_seq_run
 => dapm_power_widgets
 => snd_soc_dapm_stream_event
 => __soc_pcm_prepare
 => dpcm_be_dai_prepare
 => dpcm_fe_dai_prepare
 => snd_pcm_do_prepare
 => snd_pcm_action_single
 => snd_pcm_action_nonatomic
 => snd_pcm_prepare
 => snd_pcm_common_ioctl
 => snd_pcm_ioctl
 => __arm64_sys_ioctl
 => invoke_syscall.constprop.0
 => el0_svc_common.constprop.0
 => do_el0_svc
 => el0_svc
 => el0t_64_sync_handler
 => el0t_64_sync
     wireplumber-1820    [006] d....    12.598651: sp11_macro_interp: (wsa_macro_enable_interpolator+0x0/0x750 [snd_soc_lpass_wsa_macro]) widget=18446462633168393728 event=2
     wireplumber-1820    [006] d....    12.598651: <stack trace>
 => wsa_macro_enable_interpolator
 => dapm_seq_run_coalesced
 => dapm_seq_run
 => dapm_power_widgets
 => snd_soc_dapm_stream_event
 => __soc_pcm_prepare
 => dpcm_be_dai_prepare
 => dpcm_fe_dai_prepare
 => snd_pcm_do_prepare
 => snd_pcm_action_single
 => snd_pcm_action_nonatomic
 => snd_pcm_prepare
 => snd_pcm_common_ioctl
 => snd_pcm_ioctl
 => __arm64_sys_ioctl
 => invoke_syscall.constprop.0
 => el0_svc_common.constprop.0
 => do_el0_svc
 => el0_svc
 => el0t_64_sync_handler
 => el0t_64_sync
     wireplumber-1820    [006] d....    12.598652: sp11_wsa_cupd: (snd_soc_component_update_bits+0x0/0x110 [snd_soc_core]) component=0xffff00080110ea80 reg=1408 mask=1 val=1
     wireplumber-1820    [006] d....    12.598652: <stack trace>
 => snd_soc_component_update_bits
 => dapm_seq_check_event
 => dapm_seq_run_coalesced
 => dapm_seq_run
 => dapm_power_widgets
 => snd_soc_dapm_stream_event
 => __soc_pcm_prepare
 => dpcm_be_dai_prepare
 => dpcm_fe_dai_prepare
 => snd_pcm_do_prepare
 => snd_pcm_action_single
 => snd_pcm_action_nonatomic
 => snd_pcm_prepare
 => snd_pcm_common_ioctl
 => snd_pcm_ioctl
 => __arm64_sys_ioctl
 => invoke_syscall.constprop.0
 => el0_svc_common.constprop.0
 => do_el0_svc
 => el0_svc
 => el0t_64_sync_handler
 => el0t_64_sync
     wireplumber-1820    [006] d....    12.598654: sp11_wsa_cupd: (snd_soc_component_update_bits+0x0/0x110 [snd_soc_core]) component=0xffff00080110ea80 reg=1408 mask=2 val=2
     wireplumber-1820    [006] d....    12.598654: <stack trace>
 => snd_soc_component_update_bits
 => dapm_seq_check_event
 => dapm_seq_run_coalesced
 => dapm_seq_run
 => dapm_power_widgets
 => snd_soc_dapm_stream_event
 => __soc_pcm_prepare
 => dpcm_be_dai_prepare
 => dpcm_fe_dai_prepare
 => snd_pcm_do_prepare
 => snd_pcm_action_single
 => snd_pcm_action_nonatomic
 => snd_pcm_prepare
 => snd_pcm_common_ioctl
 => snd_pcm_ioctl
 => __arm64_sys_ioctl
 => invoke_syscall.constprop.0
 => el0_svc_common.constprop.0
 => do_el0_svc
 => el0_svc
 => el0t_64_sync_handler
 => el0t_64_sync
     wireplumber-1820    [006] d....    12.598655: sp11_wsa_cupd: (snd_soc_component_update_bits+0x0/0x110 [snd_soc_core]) component=0xffff00080110ea80 reg=1408 mask=2 val=0
     wireplumber-1820    [006] d....    12.598656: <stack trace>
 => snd_soc_component_update_bits
 => dapm_seq_check_event
 => dapm_seq_run_coalesced
 => dapm_seq_run
 => dapm_power_widgets
 => snd_soc_dapm_stream_event
 => __soc_pcm_prepare
 => dpcm_be_dai_prepare
 => dpcm_fe_dai_prepare
 => snd_pcm_do_prepare
 => snd_pcm_action_single
 => snd_pcm_action_nonatomic
 => snd_pcm_prepare
 => snd_pcm_common_ioctl
 => snd_pcm_ioctl
 => __arm64_sys_ioctl
 => invoke_syscall.constprop.0
 => el0_svc_common.constprop.0
 => do_el0_svc
 => el0_svc
 => el0t_64_sync_handler
 => el0t_64_sync
     wireplumber-1820    [006] d....    12.598657: sp11_wsa_cupd: (snd_soc_component_update_bits+0x0/0x110 [snd_soc_core]) component=0xffff00080110ea80 reg=1028 mask=2 val=2
     wireplumber-1820    [006] d....    12.598657: <stack trace>
 => snd_soc_component_update_bits
 => dapm_seq_check_event
 => dapm_seq_run_coalesced
 => dapm_seq_run
 => dapm_power_widgets
 => snd_soc_dapm_stream_event
 => __soc_pcm_prepare
 => dpcm_be_dai_prepare
 => dpcm_fe_dai_prepare
 => snd_pcm_do_prepare
 => snd_pcm_action_single
 => snd_pcm_action_nonatomic
 => snd_pcm_prepare
 => snd_pcm_common_ioctl
 => snd_pcm_ioctl
 => __arm64_sys_ioctl
 => invoke_syscall.constprop.0
 => el0_svc_common.constprop.0
 => do_el0_svc
 => el0_svc
 => el0t_64_sync_handler
 => el0t_64_sync
     wireplumber-1820    [006] d....    12.598659: sp11_macro_interp: (wsa_macro_enable_interpolator+0x0/0x750 [snd_soc_lpass_wsa_macro]) widget=18446462633168398336 event=2
     wireplumber-1820    [006] d....    12.598659: <stack trace>
 => wsa_macro_enable_interpolator
 => dapm_seq_run_coalesced
 => dapm_seq_run
 => dapm_power_widgets
 => snd_soc_dapm_stream_event
 => __soc_pcm_prepare
 => dpcm_be_dai_prepare
 => dpcm_fe_dai_prepare
 => snd_pcm_do_prepare
 => snd_pcm_action_single
 => snd_pcm_action_nonatomic
 => snd_pcm_prepare
 => snd_pcm_common_ioctl
 => snd_pcm_ioctl
 => __arm64_sys_ioctl
 => invoke_syscall.constprop.0
 => el0_svc_common.constprop.0
 => do_el0_svc
 => el0_svc
 => el0t_64_sync_handler
 => el0t_64_sync
     wireplumber-1820    [006] d....    12.598659: sp11_wsa_cupd: (snd_soc_component_update_bits+0x0/0x110 [snd_soc_core]) component=0xffff00080110ea80 reg=1504 mask=1 val=1
     wireplumber-1820    [006] d....    12.598660: <stack trace>
 => snd_soc_component_update_bits
 => dapm_seq_check_event
 => dapm_seq_run_coalesced
 => dapm_seq_run
 => dapm_power_widgets
 => snd_soc_dapm_stream_event
 => __soc_pcm_prepare
 => dpcm_be_dai_prepare
 => dpcm_fe_dai_prepare
 => snd_pcm_do_prepare
 => snd_pcm_action_single
 => snd_pcm_action_nonatomic
 => snd_pcm_prepare
 => snd_pcm_common_ioctl
 => snd_pcm_ioctl
 => __arm64_sys_ioctl
 => invoke_syscall.constprop.0
 => el0_svc_common.constprop.0
 => do_el0_svc
 => el0_svc
 => el0t_64_sync_handler
 => el0t_64_sync
     wireplumber-1820    [006] d....    12.598661: sp11_wsa_cupd: (snd_soc_component_update_bits+0x0/0x110 [snd_soc_core]) component=0xffff00080110ea80 reg=1504 mask=2 val=2
     wireplumber-1820    [006] d....    12.598661: <stack trace>
 => snd_soc_component_update_bits
 => dapm_seq_check_event
 => dapm_seq_run_coalesced
 => dapm_seq_run
 => dapm_power_widgets
 => snd_soc_dapm_stream_event
 => __soc_pcm_prepare
 => dpcm_be_dai_prepare
 => dpcm_fe_dai_prepare
 => snd_pcm_do_prepare
 => snd_pcm_action_single
 => snd_pcm_action_nonatomic
 => snd_pcm_prepare
 => snd_pcm_common_ioctl
 => snd_pcm_ioctl
 => __arm64_sys_ioctl
 => invoke_syscall.constprop.0
 => el0_svc_common.constprop.0
 => do_el0_svc
 => el0_svc
 => el0t_64_sync_handler
 => el0t_64_sync
     wireplumber-1820    [006] d....    12.598663: sp11_wsa_cupd: (snd_soc_component_update_bits+0x0/0x110 [snd_soc_core]) component=0xffff00080110ea80 reg=1504 mask=2 val=0
     wireplumber-1820    [006] d....    12.598663: <stack trace>
 => snd_soc_component_update_bits
 => dapm_seq_check_event
 => dapm_seq_run_coalesced
 => dapm_seq_run
 => dapm_power_widgets
 => snd_soc_dapm_stream_event
 => __soc_pcm_prepare
 => dpcm_be_dai_prepare
 => dpcm_fe_dai_prepare
 => snd_pcm_do_prepare
 => snd_pcm_action_single
 => snd_pcm_action_nonatomic
 => snd_pcm_prepare
 => snd_pcm_common_ioctl
 => snd_pcm_ioctl
 => __arm64_sys_ioctl
 => invoke_syscall.constprop.0
 => el0_svc_common.constprop.0
 => do_el0_svc
 => el0_svc
 => el0t_64_sync_handler
 => el0t_64_sync
     wireplumber-1820    [006] d....    12.598665: sp11_wsa_cupd: (snd_soc_component_update_bits+0x0/0x110 [snd_soc_core]) component=0xffff00080110ea80 reg=1156 mask=2 val=2
     wireplumber-1820    [006] d....    12.598666: <stack trace>
 => snd_soc_component_update_bits
 => dapm_seq_check_event
 => dapm_seq_run_coalesced
 => dapm_seq_run
 => dapm_power_widgets
 => snd_soc_dapm_stream_event
 => __soc_pcm_prepare
 => dpcm_be_dai_prepare
 => dpcm_fe_dai_prepare
 => snd_pcm_do_prepare
 => snd_pcm_action_single
 => snd_pcm_action_nonatomic
 => snd_pcm_prepare
 => snd_pcm_common_ioctl
 => snd_pcm_ioctl
 => __arm64_sys_ioctl
 => invoke_syscall.constprop.0
 => el0_svc_common.constprop.0
 => do_el0_svc
 => el0_svc
 => el0t_64_sync_handler
 => el0t_64_sync
     wireplumber-1820    [006] d....    12.598668: sp11_wsa_spkr_event: (wsa884x_spkr_event+0x0/0x290 [snd_soc_wsa884x]) widget=18446462633168388608 event=2
     wireplumber-1820    [006] d....    12.598668: <stack trace>
 => wsa884x_spkr_event
 => dapm_seq_run_coalesced
 => dapm_seq_run
 => dapm_power_widgets
 => snd_soc_dapm_stream_event
 => __soc_pcm_prepare
 => dpcm_be_dai_prepare
 => dpcm_fe_dai_prepare
 => snd_pcm_do_prepare
 => snd_pcm_action_single
 => snd_pcm_action_nonatomic
 => snd_pcm_prepare
 => snd_pcm_common_ioctl
 => snd_pcm_ioctl
 => __arm64_sys_ioctl
 => invoke_syscall.constprop.0
 => el0_svc_common.constprop.0
 => do_el0_svc
 => el0_svc
 => el0t_64_sync_handler
 => el0t_64_sync
     wireplumber-1820    [006] d....    12.598687: sp11_wsa_spkr_event: (wsa884x_spkr_event+0x0/0x290 [snd_soc_wsa884x]) widget=18446462633168395776 event=2
     wireplumber-1820    [006] d....    12.598687: <stack trace>
 => wsa884x_spkr_event
 => dapm_seq_run_coalesced
 => dapm_seq_run
 => dapm_power_widgets
 => snd_soc_dapm_stream_event
 => __soc_pcm_prepare
 => dpcm_be_dai_prepare
 => dpcm_fe_dai_prepare
 => snd_pcm_do_prepare
 => snd_pcm_action_single
 => snd_pcm_action_nonatomic
 => snd_pcm_prepare
 => snd_pcm_common_ioctl
 => snd_pcm_ioctl
 => __arm64_sys_ioctl
 => invoke_syscall.constprop.0
 => el0_svc_common.constprop.0
 => do_el0_svc
 => el0_svc
 => el0t_64_sync_handler
 => el0t_64_sync
     wireplumber-1820    [006] d....    12.598718: sp11_sdw_prepare: (sdw_prepare_stream+0x0/0x340 [soundwire_bus]) stream=18446462633264235264
     wireplumber-1820    [006] d....    12.598719: <stack trace>
 => sdw_prepare_stream
 => x1e80100_snd_prepare
 => snd_soc_link_prepare
 => __soc_pcm_prepare
 => dpcm_be_dai_prepare
 => dpcm_fe_dai_prepare
 => snd_pcm_do_prepare
 => snd_pcm_action_single
 => snd_pcm_action_nonatomic
 => snd_pcm_prepare
 => snd_pcm_common_ioctl
 => snd_pcm_ioctl
 => __arm64_sys_ioctl
 => invoke_syscall.constprop.0
 => el0_svc_common.constprop.0
 => do_el0_svc
 => el0_svc
 => el0t_64_sync_handler
 => el0t_64_sync
     wireplumber-1820    [010] d....    12.603928: sp11_sdw_enable: (sdw_enable_stream+0x0/0x1e8 [soundwire_bus]) stream=18446462633264235264
     wireplumber-1820    [010] d....    12.603932: <stack trace>
 => sdw_enable_stream
 => x1e80100_snd_prepare
 => snd_soc_link_prepare
 => __soc_pcm_prepare
 => dpcm_be_dai_prepare
 => dpcm_fe_dai_prepare
 => snd_pcm_do_prepare
 => snd_pcm_action_single
 => snd_pcm_action_nonatomic
 => snd_pcm_prepare
 => snd_pcm_common_ioctl
 => snd_pcm_ioctl
 => __arm64_sys_ioctl
 => invoke_syscall.constprop.0
 => el0_svc_common.constprop.0
 => do_el0_svc
 => el0_svc
 => el0t_64_sync_handler
 => el0t_64_sync
     wireplumber-1820    [010] d....    12.608151: sp11_sdw_prepare: (sdw_prepare_stream+0x0/0x340 [soundwire_bus]) stream=18446462633264237376
     wireplumber-1820    [010] d....    12.608152: <stack trace>
 => sdw_prepare_stream
 => x1e80100_snd_prepare
 => snd_soc_link_prepare
 => __soc_pcm_prepare
 => dpcm_be_dai_prepare
 => dpcm_fe_dai_prepare
 => snd_pcm_do_prepare
 => snd_pcm_action_single
 => snd_pcm_action_nonatomic
 => snd_pcm_prepare
 => snd_pcm_common_ioctl
 => snd_pcm_ioctl
 => __arm64_sys_ioctl
 => invoke_syscall.constprop.0
 => el0_svc_common.constprop.0
 => do_el0_svc
 => el0_svc
 => el0t_64_sync_handler
 => el0t_64_sync
     wireplumber-1820    [011] d....    12.612662: sp11_sdw_enable: (sdw_enable_stream+0x0/0x1e8 [soundwire_bus]) stream=18446462633264237376
     wireplumber-1820    [011] d....    12.612666: <stack trace>
 => sdw_enable_stream
 => x1e80100_snd_prepare
 => snd_soc_link_prepare
 => __soc_pcm_prepare
 => dpcm_be_dai_prepare
 => dpcm_fe_dai_prepare
 => snd_pcm_do_prepare
 => snd_pcm_action_single
 => snd_pcm_action_nonatomic
 => snd_pcm_prepare
 => snd_pcm_common_ioctl
 => snd_pcm_ioctl
 => __arm64_sys_ioctl
 => invoke_syscall.constprop.0
 => el0_svc_common.constprop.0
 => do_el0_svc
 => el0_svc
 => el0t_64_sync_handler
 => el0t_64_sync
     wireplumber-1820    [008] d....    12.635113: sp11_wsa_spkr_event: (wsa884x_spkr_event+0x0/0x290 [snd_soc_wsa884x]) widget=18446462633168388608 event=4
     wireplumber-1820    [008] d....    12.635115: <stack trace>
 => wsa884x_spkr_event
 => dapm_seq_run_coalesced
 => dapm_seq_run
 => dapm_power_widgets
 => snd_soc_dapm_stream_event
 => snd_soc_dapm_stream_stop
 => soc_pcm_hw_clean.isra.0
 => dpcm_be_dai_hw_free
 => dpcm_fe_dai_hw_free
 => snd_pcm_common_ioctl
 => snd_pcm_ioctl
 => __arm64_sys_ioctl
 => invoke_syscall.constprop.0
 => el0_svc_common.constprop.0
 => do_el0_svc
 => el0_svc
 => el0t_64_sync_handler
 => el0t_64_sync
     wireplumber-1820    [008] d....    12.635132: sp11_wsa_spkr_event: (wsa884x_spkr_event+0x0/0x290 [snd_soc_wsa884x]) widget=18446462633168395776 event=4
     wireplumber-1820    [008] d....    12.635132: <stack trace>
 => wsa884x_spkr_event
 => dapm_seq_run_coalesced
 => dapm_seq_run
 => dapm_power_widgets
 => snd_soc_dapm_stream_event
 => snd_soc_dapm_stream_stop
 => soc_pcm_hw_clean.isra.0
 => dpcm_be_dai_hw_free
 => dpcm_fe_dai_hw_free
 => snd_pcm_common_ioctl
 => snd_pcm_ioctl
 => __arm64_sys_ioctl
 => invoke_syscall.constprop.0
 => el0_svc_common.constprop.0
 => do_el0_svc
 => el0_svc
 => el0t_64_sync_handler
 => el0t_64_sync
     wireplumber-1820    [008] d....    12.635139: sp11_wsa_cupd: (snd_soc_component_update_bits+0x0/0x110 [snd_soc_core]) component=0xffff00080110ea80 reg=1280 mask=16 val=0
     wireplumber-1820    [008] d....    12.635139: <stack trace>
 => snd_soc_component_update_bits
 => dapm_seq_check_event
 => dapm_seq_run_coalesced
 => dapm_seq_run
 => dapm_power_widgets
 => snd_soc_dapm_stream_event
 => snd_soc_dapm_stream_stop
 => soc_pcm_hw_clean.isra.0
 => dpcm_be_dai_hw_free
 => dpcm_fe_dai_hw_free
 => snd_pcm_common_ioctl
 => snd_pcm_ioctl
 => __arm64_sys_ioctl
 => invoke_syscall.constprop.0
 => el0_svc_common.constprop.0
 => do_el0_svc
 => el0_svc
 => el0t_64_sync_handler
 => el0t_64_sync
     wireplumber-1820    [008] d....    12.635143: sp11_wsa_cupd: (snd_soc_component_update_bits+0x0/0x110 [snd_soc_core]) component=0xffff00080110ea80 reg=1032 mask=1 val=0
     wireplumber-1820    [008] d....    12.635144: <stack trace>
 => snd_soc_component_update_bits
 => dapm_seq_check_event
 => dapm_seq_run_coalesced
 => dapm_seq_run
 => dapm_power_widgets
 => snd_soc_dapm_stream_event
 => snd_soc_dapm_stream_stop
 => soc_pcm_hw_clean.isra.0
 => dpcm_be_dai_hw_free
 => dpcm_fe_dai_hw_free
 => snd_pcm_common_ioctl
 => snd_pcm_ioctl
 => __arm64_sys_ioctl
 => invoke_syscall.constprop.0
 => el0_svc_common.constprop.0
 => do_el0_svc
 => el0_svc
 => el0t_64_sync_handler
 => el0t_64_sync
     wireplumber-1820    [008] d....    12.635145: sp11_wsa_cupd: (snd_soc_component_update_bits+0x0/0x110 [snd_soc_core]) component=0xffff00080110ea80 reg=1344 mask=16 val=0
     wireplumber-1820    [008] d....    12.635146: <stack trace>
 => snd_soc_component_update_bits
 => dapm_seq_check_event
 => dapm_seq_run_coalesced
 => dapm_seq_run
 => dapm_power_widgets
 => snd_soc_dapm_stream_event
 => snd_soc_dapm_stream_stop
 => soc_pcm_hw_clean.isra.0
 => dpcm_be_dai_hw_free
 => dpcm_fe_dai_hw_free
 => snd_pcm_common_ioctl
 => snd_pcm_ioctl
 => __arm64_sys_ioctl
 => invoke_syscall.constprop.0
 => el0_svc_common.constprop.0
 => do_el0_svc
 => el0_svc
 => el0t_64_sync_handler
 => el0t_64_sync
     wireplumber-1820    [008] d....    12.635147: sp11_wsa_cupd: (snd_soc_component_update_bits+0x0/0x110 [snd_soc_core]) component=0xffff00080110ea80 reg=1160 mask=1 val=0
     wireplumber-1820    [008] d....    12.635147: <stack trace>
 => snd_soc_component_update_bits
 => dapm_seq_check_event
 => dapm_seq_run_coalesced
 => dapm_seq_run
 => dapm_power_widgets
 => snd_soc_dapm_stream_event
 => snd_soc_dapm_stream_stop
 => soc_pcm_hw_clean.isra.0
 => dpcm_be_dai_hw_free
 => dpcm_fe_dai_hw_free
 => snd_pcm_common_ioctl
 => snd_pcm_ioctl
 => __arm64_sys_ioctl
 => invoke_syscall.constprop.0
 => el0_svc_common.constprop.0
 => do_el0_svc
 => el0_svc
 => el0t_64_sync_handler
 => el0t_64_sync
     wireplumber-1820    [008] d....    12.635150: sp11_macro_interp: (wsa_macro_enable_interpolator+0x0/0x750 [snd_soc_lpass_wsa_macro]) widget=18446462633168393728 event=8
     wireplumber-1820    [008] d....    12.635150: <stack trace>
 => wsa_macro_enable_interpolator
 => dapm_seq_run_coalesced
 => dapm_seq_run
 => dapm_power_widgets
 => snd_soc_dapm_stream_event
 => snd_soc_dapm_stream_stop
 => soc_pcm_hw_clean.isra.0
 => dpcm_be_dai_hw_free
 => dpcm_fe_dai_hw_free
 => snd_pcm_common_ioctl
 => snd_pcm_ioctl
 => __arm64_sys_ioctl
 => invoke_syscall.constprop.0
 => el0_svc_common.constprop.0
 => do_el0_svc
 => el0_svc
 => el0t_64_sync_handler
 => el0t_64_sync
     wireplumber-1820    [008] d....    12.635151: sp11_wsa_cupd: (snd_soc_component_update_bits+0x0/0x110 [snd_soc_core]) component=0xffff00080110ea80 reg=1408 mask=4 val=4
     wireplumber-1820    [008] d....    12.635151: <stack trace>
 => snd_soc_component_update_bits
 => dapm_seq_check_event
 => dapm_seq_run_coalesced
 => dapm_seq_run
 => dapm_power_widgets
 => snd_soc_dapm_stream_event
 => snd_soc_dapm_stream_stop
 => soc_pcm_hw_clean.isra.0
 => dpcm_be_dai_hw_free
 => dpcm_fe_dai_hw_free
 => snd_pcm_common_ioctl
 => snd_pcm_ioctl
 => __arm64_sys_ioctl
 => invoke_syscall.constprop.0
 => el0_svc_common.constprop.0
 => do_el0_svc
 => el0_svc
 => el0t_64_sync_handler
 => el0t_64_sync
     wireplumber-1820    [008] d....    12.635153: sp11_wsa_cupd: (snd_soc_component_update_bits+0x0/0x110 [snd_soc_core]) component=0xffff00080110ea80 reg=1028 mask=2 val=0
     wireplumber-1820    [008] d....    12.635153: <stack trace>
 => snd_soc_component_update_bits
 => dapm_seq_check_event
 => dapm_seq_run_coalesced
 => dapm_seq_run
 => dapm_power_widgets
 => snd_soc_dapm_stream_event
 => snd_soc_dapm_stream_stop
 => soc_pcm_hw_clean.isra.0
 => dpcm_be_dai_hw_free
 => dpcm_fe_dai_hw_free
 => snd_pcm_common_ioctl
 => snd_pcm_ioctl
 => __arm64_sys_ioctl
 => invoke_syscall.constprop.0
 => el0_svc_common.constprop.0
 => do_el0_svc
 => el0_svc
 => el0t_64_sync_handler
 => el0t_64_sync
     wireplumber-1820    [008] d....    12.635154: sp11_wsa_cupd: (snd_soc_component_update_bits+0x0/0x110 [snd_soc_core]) component=0xffff00080110ea80 reg=1408 mask=2 val=2
     wireplumber-1820    [008] d....    12.635155: <stack trace>
 => snd_soc_component_update_bits
 => dapm_seq_check_event
 => dapm_seq_run_coalesced
 => dapm_seq_run
 => dapm_power_widgets
 => snd_soc_dapm_stream_event
 => snd_soc_dapm_stream_stop
 => soc_pcm_hw_clean.isra.0
 => dpcm_be_dai_hw_free
 => dpcm_fe_dai_hw_free
 => snd_pcm_common_ioctl
 => snd_pcm_ioctl
 => __arm64_sys_ioctl
 => invoke_syscall.constprop.0
 => el0_svc_common.constprop.0
 => do_el0_svc
 => el0_svc
 => el0t_64_sync_handler
 => el0t_64_sync
     wireplumber-1820    [008] d....    12.635156: sp11_wsa_cupd: (snd_soc_component_update_bits+0x0/0x110 [snd_soc_core]) component=0xffff00080110ea80 reg=1408 mask=2 val=0
     wireplumber-1820    [008] d....    12.635157: <stack trace>
 => snd_soc_component_update_bits
 => dapm_seq_check_event
 => dapm_seq_run_coalesced
 => dapm_seq_run
 => dapm_power_widgets
 => snd_soc_dapm_stream_event
 => snd_soc_dapm_stream_stop
 => soc_pcm_hw_clean.isra.0
 => dpcm_be_dai_hw_free
 => dpcm_fe_dai_hw_free
 => snd_pcm_common_ioctl
 => snd_pcm_ioctl
 => __arm64_sys_ioctl
 => invoke_syscall.constprop.0
 => el0_svc_common.constprop.0
 => do_el0_svc
 => el0_svc
 => el0t_64_sync_handler
 => el0t_64_sync
     wireplumber-1820    [008] d....    12.635158: sp11_wsa_cupd: (snd_soc_component_update_bits+0x0/0x110 [snd_soc_core]) component=0xffff00080110ea80 reg=1408 mask=1 val=0
     wireplumber-1820    [008] d....    12.635158: <stack trace>
 => snd_soc_component_update_bits
 => dapm_seq_check_event
 => dapm_seq_run_coalesced
 => dapm_seq_run
 => dapm_power_widgets
 => snd_soc_dapm_stream_event
 => snd_soc_dapm_stream_stop
 => soc_pcm_hw_clean.isra.0
 => dpcm_be_dai_hw_free
 => dpcm_fe_dai_hw_free
 => snd_pcm_common_ioctl
 => snd_pcm_ioctl
 => __arm64_sys_ioctl
 => invoke_syscall.constprop.0
 => el0_svc_common.constprop.0
 => do_el0_svc
 => el0_svc
 => el0t_64_sync_handler
 => el0t_64_sync
     wireplumber-1820    [008] d....    12.635160: sp11_wsa_cupd: (snd_soc_component_update_bits+0x0/0x110 [snd_soc_core]) component=0xffff00080110ea80 reg=1408 mask=4 val=0
     wireplumber-1820    [008] d....    12.635160: <stack trace>
 => snd_soc_component_update_bits
 => dapm_seq_check_event
 => dapm_seq_run_coalesced
 => dapm_seq_run
 => dapm_power_widgets
 => snd_soc_dapm_stream_event
 => snd_soc_dapm_stream_stop
 => soc_pcm_hw_clean.isra.0
 => dpcm_be_dai_hw_free
 => dpcm_fe_dai_hw_free
 => snd_pcm_common_ioctl
 => snd_pcm_ioctl
 => __arm64_sys_ioctl
 => invoke_syscall.constprop.0
 => el0_svc_common.constprop.0
 => do_el0_svc
 => el0_svc
 => el0t_64_sync_handler
 => el0t_64_sync
     wireplumber-1820    [008] d....    12.635162: sp11_wsa_cupd: (snd_soc_component_update_bits+0x0/0x110 [snd_soc_core]) component=0xffff00080110ea80 reg=1100 mask=1 val=0
     wireplumber-1820    [008] d....    12.635162: <stack trace>
 => snd_soc_component_update_bits
 => dapm_seq_check_event
 => dapm_seq_run_coalesced
 => dapm_seq_run
 => dapm_power_widgets
 => snd_soc_dapm_stream_event
 => snd_soc_dapm_stream_stop
 => soc_pcm_hw_clean.isra.0
 => dpcm_be_dai_hw_free
 => dpcm_fe_dai_hw_free
 => snd_pcm_common_ioctl
 => snd_pcm_ioctl
 => __arm64_sys_ioctl
 => invoke_syscall.constprop.0
 => el0_svc_common.constprop.0
 => do_el0_svc
 => el0_svc
 => el0t_64_sync_handler
 => el0t_64_sync
     wireplumber-1820    [008] d....    12.635163: sp11_wsa_cupd: (snd_soc_component_update_bits+0x0/0x110 [snd_soc_core]) component=0xffff00080110ea80 reg=1028 mask=4 val=0
     wireplumber-1820    [008] d....    12.635164: <stack trace>
 => snd_soc_component_update_bits
 => dapm_seq_check_event
 => dapm_seq_run_coalesced
 => dapm_seq_run
 => dapm_power_widgets
 => snd_soc_dapm_stream_event
 => snd_soc_dapm_stream_stop
 => soc_pcm_hw_clean.isra.0
 => dpcm_be_dai_hw_free
 => dpcm_fe_dai_hw_free
 => snd_pcm_common_ioctl
 => snd_pcm_ioctl
 => __arm64_sys_ioctl
 => invoke_syscall.constprop.0
 => el0_svc_common.constprop.0
 => do_el0_svc
 => el0_svc
 => el0t_64_sync_handler
 => el0t_64_sync
     wireplumber-1820    [008] d....    12.635165: sp11_wsa_cupd: (snd_soc_component_update_bits+0x0/0x110 [snd_soc_core]) component=0xffff00080110ea80 reg=1072 mask=3 val=0
     wireplumber-1820    [008] d....    12.635166: <stack trace>
 => snd_soc_component_update_bits
 => dapm_seq_check_event
 => dapm_seq_run_coalesced
 => dapm_seq_run
 => dapm_power_widgets
 => snd_soc_dapm_stream_event
 => snd_soc_dapm_stream_stop
 => soc_pcm_hw_clean.isra.0
 => dpcm_be_dai_hw_free
 => dpcm_fe_dai_hw_free
 => snd_pcm_common_ioctl
 => snd_pcm_ioctl
 => __arm64_sys_ioctl
 => invoke_syscall.constprop.0
 => el0_svc_common.constprop.0
 => do_el0_svc
 => el0_svc
 => el0t_64_sync_handler
 => el0t_64_sync
     wireplumber-1820    [008] d....    12.635167: sp11_wsa_cupd: (snd_soc_component_update_bits+0x0/0x110 [snd_soc_core]) component=0xffff00080110ea80 reg=1072 mask=60 val=0
     wireplumber-1820    [008] d....    12.635167: <stack trace>
 => snd_soc_component_update_bits
 => dapm_seq_check_event
 => dapm_seq_run_coalesced
 => dapm_seq_run
 => dapm_power_widgets
 => snd_soc_dapm_stream_event
 => snd_soc_dapm_stream_stop
 => soc_pcm_hw_clean.isra.0
 => dpcm_be_dai_hw_free
 => dpcm_fe_dai_hw_free
 => snd_pcm_common_ioctl
 => snd_pcm_ioctl
 => __arm64_sys_ioctl
 => invoke_syscall.constprop.0
 => el0_svc_common.constprop.0
 => do_el0_svc
 => el0_svc
 => el0t_64_sync_handler
 => el0t_64_sync
     wireplumber-1820    [008] d....    12.635169: sp11_wsa_cupd: (snd_soc_component_update_bits+0x0/0x110 [snd_soc_core]) component=0xffff00080110ea80 reg=1064 mask=1 val=0
     wireplumber-1820    [008] d....    12.635169: <stack trace>
 => snd_soc_component_update_bits
 => dapm_seq_check_event
 => dapm_seq_run_coalesced
 => dapm_seq_run
 => dapm_power_widgets
 => snd_soc_dapm_stream_event
 => snd_soc_dapm_stream_stop
 => soc_pcm_hw_clean.isra.0
 => dpcm_be_dai_hw_free
 => dpcm_fe_dai_hw_free
 => snd_pcm_common_ioctl
 => snd_pcm_ioctl
 => __arm64_sys_ioctl
 => invoke_syscall.constprop.0
 => el0_svc_common.constprop.0
 => do_el0_svc
 => el0_svc
 => el0t_64_sync_handler
 => el0t_64_sync
     wireplumber-1820    [008] d....    12.635170: sp11_wsa_cupd: (snd_soc_component_update_bits+0x0/0x110 [snd_soc_core]) component=0xffff00080110ea80 reg=1092 mask=1 val=0
     wireplumber-1820    [008] d....    12.635170: <stack trace>
 => snd_soc_component_update_bits
 => dapm_seq_check_event
 => dapm_seq_run_coalesced
 => dapm_seq_run
 => dapm_power_widgets
 => snd_soc_dapm_stream_event
 => snd_soc_dapm_stream_stop
 => soc_pcm_hw_clean.isra.0
 => dpcm_be_dai_hw_free
 => dpcm_fe_dai_hw_free
 => snd_pcm_common_ioctl
 => snd_pcm_ioctl
 => __arm64_sys_ioctl
 => invoke_syscall.constprop.0
 => el0_svc_common.constprop.0
 => do_el0_svc
 => el0_svc
 => el0t_64_sync_handler
 => el0t_64_sync
     wireplumber-1820    [008] d....    12.635171: sp11_wsa_cupd: (snd_soc_component_update_bits+0x0/0x110 [snd_soc_core]) component=0xffff00080110ea80 reg=1192 mask=1 val=0
     wireplumber-1820    [008] d....    12.635172: <stack trace>
 => snd_soc_component_update_bits
 => dapm_seq_check_event
 => dapm_seq_run_coalesced
 => dapm_seq_run
 => dapm_power_widgets
 => snd_soc_dapm_stream_event
 => snd_soc_dapm_stream_stop
 => soc_pcm_hw_clean.isra.0
 => dpcm_be_dai_hw_free
 => dpcm_fe_dai_hw_free
 => snd_pcm_common_ioctl
 => snd_pcm_ioctl
 => __arm64_sys_ioctl
 => invoke_syscall.constprop.0
 => el0_svc_common.constprop.0
 => do_el0_svc
 => el0_svc
 => el0t_64_sync_handler
 => el0t_64_sync
     wireplumber-1820    [008] d....    12.635172: sp11_wsa_cupd: (snd_soc_component_update_bits+0x0/0x110 [snd_soc_core]) component=0xffff00080110ea80 reg=1220 mask=1 val=0
     wireplumber-1820    [008] d....    12.635173: <stack trace>
 => snd_soc_component_update_bits
 => dapm_seq_check_event
 => dapm_seq_run_coalesced
 => dapm_seq_run
 => dapm_power_widgets
 => snd_soc_dapm_stream_event
 => snd_soc_dapm_stream_stop
 => soc_pcm_hw_clean.isra.0
 => dpcm_be_dai_hw_free
 => dpcm_fe_dai_hw_free
 => snd_pcm_common_ioctl
 => snd_pcm_ioctl
 => __arm64_sys_ioctl
 => invoke_syscall.constprop.0
 => el0_svc_common.constprop.0
 => do_el0_svc
 => el0_svc
 => el0t_64_sync_handler
 => el0t_64_sync
     wireplumber-1820    [008] d....    12.635173: sp11_macro_interp: (wsa_macro_enable_interpolator+0x0/0x750 [snd_soc_lpass_wsa_macro]) widget=18446462633168398336 event=8
     wireplumber-1820    [008] d....    12.635173: <stack trace>
 => wsa_macro_enable_interpolator
 => dapm_seq_run_coalesced
 => dapm_seq_run
 => dapm_power_widgets
 => snd_soc_dapm_stream_event
 => snd_soc_dapm_stream_stop
 => soc_pcm_hw_clean.isra.0
 => dpcm_be_dai_hw_free
 => dpcm_fe_dai_hw_free
 => snd_pcm_common_ioctl
 => snd_pcm_ioctl
 => __arm64_sys_ioctl
 => invoke_syscall.constprop.0
 => el0_svc_common.constprop.0
 => do_el0_svc
 => el0_svc
 => el0t_64_sync_handler
 => el0t_64_sync
     wireplumber-1820    [008] d....    12.635174: sp11_wsa_cupd: (snd_soc_component_update_bits+0x0/0x110 [snd_soc_core]) component=0xffff00080110ea80 reg=1504 mask=4 val=4
     wireplumber-1820    [008] d....    12.635175: <stack trace>
 => snd_soc_component_update_bits
 => dapm_seq_check_event
 => dapm_seq_run_coalesced
 => dapm_seq_run
 => dapm_power_widgets
 => snd_soc_dapm_stream_event
 => snd_soc_dapm_stream_stop
 => soc_pcm_hw_clean.isra.0
 => dpcm_be_dai_hw_free
 => dpcm_fe_dai_hw_free
 => snd_pcm_common_ioctl
 => snd_pcm_ioctl
 => __arm64_sys_ioctl
 => invoke_syscall.constprop.0
 => el0_svc_common.constprop.0
 => do_el0_svc
 => el0_svc
 => el0t_64_sync_handler
 => el0t_64_sync
     wireplumber-1820    [008] d....    12.635176: sp11_wsa_cupd: (snd_soc_component_update_bits+0x0/0x110 [snd_soc_core]) component=0xffff00080110ea80 reg=1156 mask=2 val=0
     wireplumber-1820    [008] d....    12.635176: <stack trace>
 => snd_soc_component_update_bits
 => dapm_seq_check_event
 => dapm_seq_run_coalesced
 => dapm_seq_run
 => dapm_power_widgets
 => snd_soc_dapm_stream_event
 => snd_soc_dapm_stream_stop
 => soc_pcm_hw_clean.isra.0
 => dpcm_be_dai_hw_free
 => dpcm_fe_dai_hw_free
 => snd_pcm_common_ioctl
 => snd_pcm_ioctl
 => __arm64_sys_ioctl
 => invoke_syscall.constprop.0
 => el0_svc_common.constprop.0
 => do_el0_svc
 => el0_svc
 => el0t_64_sync_handler
 => el0t_64_sync
     wireplumber-1820    [008] d....    12.635178: sp11_wsa_cupd: (snd_soc_component_update_bits+0x0/0x110 [snd_soc_core]) component=0xffff00080110ea80 reg=1504 mask=2 val=2
     wireplumber-1820    [008] d....    12.635178: <stack trace>
 => snd_soc_component_update_bits
 => dapm_seq_check_event
 => dapm_seq_run_coalesced
 => dapm_seq_run
 => dapm_power_widgets
 => snd_soc_dapm_stream_event
 => snd_soc_dapm_stream_stop
 => soc_pcm_hw_clean.isra.0
 => dpcm_be_dai_hw_free
 => dpcm_fe_dai_hw_free
 => snd_pcm_common_ioctl
 => snd_pcm_ioctl
 => __arm64_sys_ioctl
 => invoke_syscall.constprop.0
 => el0_svc_common.constprop.0
 => do_el0_svc
 => el0_svc
 => el0t_64_sync_handler
 => el0t_64_sync
     wireplumber-1820    [008] d....    12.635180: sp11_wsa_cupd: (snd_soc_component_update_bits+0x0/0x110 [snd_soc_core]) component=0xffff00080110ea80 reg=1504 mask=2 val=0
     wireplumber-1820    [008] d....    12.635180: <stack trace>
 => snd_soc_component_update_bits
 => dapm_seq_check_event
 => dapm_seq_run_coalesced
 => dapm_seq_run
 => dapm_power_widgets
 => snd_soc_dapm_stream_event
 => snd_soc_dapm_stream_stop
 => soc_pcm_hw_clean.isra.0
 => dpcm_be_dai_hw_free
 => dpcm_fe_dai_hw_free
 => snd_pcm_common_ioctl
 => snd_pcm_ioctl
 => __arm64_sys_ioctl
 => invoke_syscall.constprop.0
 => el0_svc_common.constprop.0
 => do_el0_svc
 => el0_svc
 => el0t_64_sync_handler
 => el0t_64_sync
     wireplumber-1820    [008] d....    12.635181: sp11_wsa_cupd: (snd_soc_component_update_bits+0x0/0x110 [snd_soc_core]) component=0xffff00080110ea80 reg=1504 mask=1 val=0
     wireplumber-1820    [008] d....    12.635182: <stack trace>
 => snd_soc_component_update_bits
 => dapm_seq_check_event
 => dapm_seq_run_coalesced
 => dapm_seq_run
 => dapm_power_widgets
 => snd_soc_dapm_stream_event
 => snd_soc_dapm_stream_stop
 => soc_pcm_hw_clean.isra.0
 => dpcm_be_dai_hw_free
 => dpcm_fe_dai_hw_free
 => snd_pcm_common_ioctl
 => snd_pcm_ioctl
 => __arm64_sys_ioctl
 => invoke_syscall.constprop.0
 => el0_svc_common.constprop.0
 => do_el0_svc
 => el0_svc
 => el0t_64_sync_handler
 => el0t_64_sync
     wireplumber-1820    [008] d....    12.635183: sp11_wsa_cupd: (snd_soc_component_update_bits+0x0/0x110 [snd_soc_core]) component=0xffff00080110ea80 reg=1504 mask=4 val=0
     wireplumber-1820    [008] d....    12.635184: <stack trace>
 => snd_soc_component_update_bits
 => dapm_seq_check_event
 => dapm_seq_run_coalesced
 => dapm_seq_run
 => dapm_power_widgets
 => snd_soc_dapm_stream_event
 => snd_soc_dapm_stream_stop
 => soc_pcm_hw_clean.isra.0
 => dpcm_be_dai_hw_free
 => dpcm_fe_dai_hw_free
 => snd_pcm_common_ioctl
 => snd_pcm_ioctl
 => __arm64_sys_ioctl
 => invoke_syscall.constprop.0
 => el0_svc_common.constprop.0
 => do_el0_svc
 => el0_svc
 => el0t_64_sync_handler
 => el0t_64_sync
     wireplumber-1820    [008] d....    12.635185: sp11_wsa_cupd: (snd_soc_component_update_bits+0x0/0x110 [snd_soc_core]) component=0xffff00080110ea80 reg=1228 mask=1 val=0
     wireplumber-1820    [008] d....    12.635185: <stack trace>
 => snd_soc_component_update_bits
 => dapm_seq_check_event
 => dapm_seq_run_coalesced
 => dapm_seq_run
 => dapm_power_widgets
 => snd_soc_dapm_stream_event
 => snd_soc_dapm_stream_stop
 => soc_pcm_hw_clean.isra.0
 => dpcm_be_dai_hw_free
 => dpcm_fe_dai_hw_free
 => snd_pcm_common_ioctl
 => snd_pcm_ioctl
 => __arm64_sys_ioctl
 => invoke_syscall.constprop.0
 => el0_svc_common.constprop.0
 => do_el0_svc
 => el0_svc
 => el0t_64_sync_handler
 => el0t_64_sync
     wireplumber-1820    [008] d....    12.635187: sp11_wsa_cupd: (snd_soc_component_update_bits+0x0/0x110 [snd_soc_core]) component=0xffff00080110ea80 reg=1156 mask=4 val=0
     wireplumber-1820    [008] d....    12.635187: <stack trace>
 => snd_soc_component_update_bits
 => dapm_seq_check_event
 => dapm_seq_run_coalesced
 => dapm_seq_run
 => dapm_power_widgets
 => snd_soc_dapm_stream_event
 => snd_soc_dapm_stream_stop
 => soc_pcm_hw_clean.isra.0
 => dpcm_be_dai_hw_free
 => dpcm_fe_dai_hw_free
 => snd_pcm_common_ioctl
 => snd_pcm_ioctl
 => __arm64_sys_ioctl
 => invoke_syscall.constprop.0
 => el0_svc_common.constprop.0
 => do_el0_svc
 => el0_svc
 => el0t_64_sync_handler
 => el0t_64_sync
     wireplumber-1820    [008] d....    12.635189: sp11_wsa_cupd: (snd_soc_component_update_bits+0x0/0x110 [snd_soc_core]) component=0xffff00080110ea80 reg=1200 mask=3 val=0
     wireplumber-1820    [008] d....    12.635189: <stack trace>
 => snd_soc_component_update_bits
 => dapm_seq_check_event
 => dapm_seq_run_coalesced
 => dapm_seq_run
 => dapm_power_widgets
 => snd_soc_dapm_stream_event
 => snd_soc_dapm_stream_stop
 => soc_pcm_hw_clean.isra.0
 => dpcm_be_dai_hw_free
 => dpcm_fe_dai_hw_free
 => snd_pcm_common_ioctl
 => snd_pcm_ioctl
 => __arm64_sys_ioctl
 => invoke_syscall.constprop.0
 => el0_svc_common.constprop.0
 => do_el0_svc
 => el0_svc
 => el0t_64_sync_handler
 => el0t_64_sync
     wireplumber-1820    [008] d....    12.635191: sp11_wsa_cupd: (snd_soc_component_update_bits+0x0/0x110 [snd_soc_core]) component=0xffff00080110ea80 reg=1200 mask=60 val=0
     wireplumber-1820    [008] d....    12.635191: <stack trace>
 => snd_soc_component_update_bits
 => dapm_seq_check_event
 => dapm_seq_run_coalesced
 => dapm_seq_run
 => dapm_power_widgets
 => snd_soc_dapm_stream_event
 => snd_soc_dapm_stream_stop
 => soc_pcm_hw_clean.isra.0
 => dpcm_be_dai_hw_free
 => dpcm_fe_dai_hw_free
 => snd_pcm_common_ioctl
 => snd_pcm_ioctl
 => __arm64_sys_ioctl
 => invoke_syscall.constprop.0
 => el0_svc_common.constprop.0
 => do_el0_svc
 => el0_svc
 => el0t_64_sync_handler
 => el0t_64_sync
     wireplumber-1820    [008] d....    12.635192: sp11_wsa_cupd: (snd_soc_component_update_bits+0x0/0x110 [snd_soc_core]) component=0xffff00080110ea80 reg=1064 mask=1 val=0
     wireplumber-1820    [008] d....    12.635193: <stack trace>
 => snd_soc_component_update_bits
 => dapm_seq_check_event
 => dapm_seq_run_coalesced
 => dapm_seq_run
 => dapm_power_widgets
 => snd_soc_dapm_stream_event
 => snd_soc_dapm_stream_stop
 => soc_pcm_hw_clean.isra.0
 => dpcm_be_dai_hw_free
 => dpcm_fe_dai_hw_free
 => snd_pcm_common_ioctl
 => snd_pcm_ioctl
 => __arm64_sys_ioctl
 => invoke_syscall.constprop.0
 => el0_svc_common.constprop.0
 => do_el0_svc
 => el0_svc
 => el0t_64_sync_handler
 => el0t_64_sync
     wireplumber-1820    [008] d....    12.635193: sp11_wsa_cupd: (snd_soc_component_update_bits+0x0/0x110 [snd_soc_core]) component=0xffff00080110ea80 reg=1092 mask=1 val=0
     wireplumber-1820    [008] d....    12.635193: <stack trace>
 => snd_soc_component_update_bits
 => dapm_seq_check_event
 => dapm_seq_run_coalesced
 => dapm_seq_run
 => dapm_power_widgets
 => snd_soc_dapm_stream_event
 => snd_soc_dapm_stream_stop
 => soc_pcm_hw_clean.isra.0
 => dpcm_be_dai_hw_free
 => dpcm_fe_dai_hw_free
 => snd_pcm_common_ioctl
 => snd_pcm_ioctl
 => __arm64_sys_ioctl
 => invoke_syscall.constprop.0
 => el0_svc_common.constprop.0
 => do_el0_svc
 => el0_svc
 => el0t_64_sync_handler
 => el0t_64_sync
     wireplumber-1820    [008] d....    12.635194: sp11_wsa_cupd: (snd_soc_component_update_bits+0x0/0x110 [snd_soc_core]) component=0xffff00080110ea80 reg=1192 mask=1 val=0
     wireplumber-1820    [008] d....    12.635194: <stack trace>
 => snd_soc_component_update_bits
 => dapm_seq_check_event
 => dapm_seq_run_coalesced
 => dapm_seq_run
 => dapm_power_widgets
 => snd_soc_dapm_stream_event
 => snd_soc_dapm_stream_stop
 => soc_pcm_hw_clean.isra.0
 => dpcm_be_dai_hw_free
 => dpcm_fe_dai_hw_free
 => snd_pcm_common_ioctl
 => snd_pcm_ioctl
 => __arm64_sys_ioctl
 => invoke_syscall.constprop.0
 => el0_svc_common.constprop.0
 => do_el0_svc
 => el0_svc
 => el0t_64_sync_handler
 => el0t_64_sync
     wireplumber-1820    [008] d....    12.635195: sp11_wsa_cupd: (snd_soc_component_update_bits+0x0/0x110 [snd_soc_core]) component=0xffff00080110ea80 reg=1220 mask=1 val=0
     wireplumber-1820    [008] d....    12.635195: <stack trace>
 => snd_soc_component_update_bits
 => dapm_seq_check_event
 => dapm_seq_run_coalesced
 => dapm_seq_run
 => dapm_power_widgets
 => snd_soc_dapm_stream_event
 => snd_soc_dapm_stream_stop
 => soc_pcm_hw_clean.isra.0
 => dpcm_be_dai_hw_free
 => dpcm_fe_dai_hw_free
 => snd_pcm_common_ioctl
 => snd_pcm_ioctl
 => __arm64_sys_ioctl
 => invoke_syscall.constprop.0
 => el0_svc_common.constprop.0
 => do_el0_svc
 => el0_svc
 => el0t_64_sync_handler
 => el0t_64_sync
     wireplumber-1820    [008] d....    12.635197: sp11_wsa_cupd: (snd_soc_component_update_bits+0x0/0x110 [snd_soc_core]) component=0xffff00080110ea80 reg=1024 mask=32 val=0
     wireplumber-1820    [008] d....    12.635197: <stack trace>
 => snd_soc_component_update_bits
 => dapm_seq_run
 => dapm_power_widgets
 => snd_soc_dapm_stream_event
 => snd_soc_dapm_stream_stop
 => soc_pcm_hw_clean.isra.0
 => dpcm_be_dai_hw_free
 => dpcm_fe_dai_hw_free
 => snd_pcm_common_ioctl
 => snd_pcm_ioctl
 => __arm64_sys_ioctl
 => invoke_syscall.constprop.0
 => el0_svc_common.constprop.0
 => do_el0_svc
 => el0_svc
 => el0t_64_sync_handler
 => el0t_64_sync
     wireplumber-1820    [008] d....    12.635199: sp11_wsa_cupd: (snd_soc_component_update_bits+0x0/0x110 [snd_soc_core]) component=0xffff00080110ea80 reg=1152 mask=32 val=0
     wireplumber-1820    [008] d....    12.635199: <stack trace>
 => snd_soc_component_update_bits
 => dapm_seq_run
 => dapm_power_widgets
 => snd_soc_dapm_stream_event
 => snd_soc_dapm_stream_stop
 => soc_pcm_hw_clean.isra.0
 => dpcm_be_dai_hw_free
 => dpcm_fe_dai_hw_free
 => snd_pcm_common_ioctl
 => snd_pcm_ioctl
 => __arm64_sys_ioctl
 => invoke_syscall.constprop.0
 => el0_svc_common.constprop.0
 => do_el0_svc
 => el0_svc
 => el0t_64_sync_handler
 => el0t_64_sync
     wireplumber-1820    [008] d....    12.635213: sp11_sdw_disable: (sdw_disable_stream+0x0/0x258 [soundwire_bus]) stream=18446462633264238272
     wireplumber-1820    [008] d....    12.635213: <stack trace>
 => sdw_disable_stream
 => x1e80100_snd_hw_free
 => snd_soc_link_hw_free
 => soc_pcm_hw_clean.isra.0
 => dpcm_be_dai_hw_free
 => dpcm_fe_dai_hw_free
 => snd_pcm_common_ioctl
 => snd_pcm_ioctl
 => __arm64_sys_ioctl
 => invoke_syscall.constprop.0
 => el0_svc_common.constprop.0
 => do_el0_svc
 => el0_svc
 => el0t_64_sync_handler
 => el0t_64_sync
     wireplumber-1820    [008] d....    12.639678: sp11_sdw_deprepare: (sdw_deprepare_stream+0x0/0x338 [soundwire_bus]) stream=18446462633264238272
     wireplumber-1820    [008] d....    12.639679: <stack trace>
 => sdw_deprepare_stream
 => x1e80100_snd_hw_free
 => snd_soc_link_hw_free
 => soc_pcm_hw_clean.isra.0
 => dpcm_be_dai_hw_free
 => dpcm_fe_dai_hw_free
 => snd_pcm_common_ioctl
 => snd_pcm_ioctl
 => __arm64_sys_ioctl
 => invoke_syscall.constprop.0
 => el0_svc_common.constprop.0
 => do_el0_svc
 => el0_svc
 => el0t_64_sync_handler
 => el0t_64_sync
     wireplumber-1820    [009] d....    12.644519: sp11_sdw_disable: (sdw_disable_stream+0x0/0x258 [soundwire_bus]) stream=18446462633264235264
     wireplumber-1820    [009] d....    12.644520: <stack trace>
 => sdw_disable_stream
 => x1e80100_snd_hw_free
 => snd_soc_link_hw_free
 => soc_pcm_hw_clean.isra.0
 => dpcm_be_dai_hw_free
 => dpcm_fe_dai_hw_free
 => snd_pcm_common_ioctl
 => snd_pcm_ioctl
 => __arm64_sys_ioctl
 => invoke_syscall.constprop.0
 => el0_svc_common.constprop.0
 => do_el0_svc
 => el0_svc
 => el0t_64_sync_handler
 => el0t_64_sync
     wireplumber-1820    [009] d....    12.646620: sp11_sdw_deprepare: (sdw_deprepare_stream+0x0/0x338 [soundwire_bus]) stream=18446462633264235264
     wireplumber-1820    [009] d....    12.646621: <stack trace>
 => sdw_deprepare_stream
 => x1e80100_snd_hw_free
 => snd_soc_link_hw_free
 => soc_pcm_hw_clean.isra.0
 => dpcm_be_dai_hw_free
 => dpcm_fe_dai_hw_free
 => snd_pcm_common_ioctl
 => snd_pcm_ioctl
 => __arm64_sys_ioctl
 => invoke_syscall.constprop.0
 => el0_svc_common.constprop.0
 => do_el0_svc
 => el0_svc
 => el0t_64_sync_handler
 => el0t_64_sync
     wireplumber-1820    [009] d....    12.648720: sp11_sdw_disable: (sdw_disable_stream+0x0/0x258 [soundwire_bus]) stream=18446462633264237376
     wireplumber-1820    [009] d....    12.648720: <stack trace>
 => sdw_disable_stream
 => x1e80100_snd_hw_free
 => snd_soc_link_hw_free
 => soc_pcm_hw_clean.isra.0
 => dpcm_be_dai_hw_free
 => dpcm_fe_dai_hw_free
 => snd_pcm_common_ioctl
 => snd_pcm_ioctl
 => __arm64_sys_ioctl
 => invoke_syscall.constprop.0
 => el0_svc_common.constprop.0
 => do_el0_svc
 => el0_svc
 => el0t_64_sync_handler
 => el0t_64_sync
     wireplumber-1820    [009] d....    12.650052: sp11_sdw_deprepare: (sdw_deprepare_stream+0x0/0x338 [soundwire_bus]) stream=18446462633264237376
     wireplumber-1820    [009] d....    12.650052: <stack trace>
 => sdw_deprepare_stream
 => x1e80100_snd_hw_free
 => snd_soc_link_hw_free
 => soc_pcm_hw_clean.isra.0
 => dpcm_be_dai_hw_free
 => dpcm_fe_dai_hw_free
 => snd_pcm_common_ioctl
 => snd_pcm_ioctl
 => __arm64_sys_ioctl
 => invoke_syscall.constprop.0
 => el0_svc_common.constprop.0
 => do_el0_svc
 => el0_svc
 => el0t_64_sync_handler
 => el0t_64_sync
     wireplumber-1820    [009] d....    12.658071: sp11_wsa_cupd: (snd_soc_component_update_bits+0x0/0x110 [snd_soc_core]) component=0xffff00080110ea80 reg=1024 mask=16 val=0
     wireplumber-1820    [009] d....    12.658072: <stack trace>
 => snd_soc_component_update_bits
 => snd_soc_put_volsw
 => snd_ctl_elem_write
 => snd_ctl_ioctl
 => __arm64_sys_ioctl
 => invoke_syscall.constprop.0
 => el0_svc_common.constprop.0
 => do_el0_svc
 => el0_svc
 => el0t_64_sync_handler
 => el0t_64_sync
     wireplumber-1820    [009] d....    12.658078: sp11_wsa_cupd: (snd_soc_component_update_bits+0x0/0x110 [snd_soc_core]) component=0xffff00080110ea80 reg=1152 mask=16 val=0
     wireplumber-1820    [009] d....    12.658079: <stack trace>
 => snd_soc_component_update_bits
 => snd_soc_put_volsw
 => snd_ctl_elem_write
 => snd_ctl_ioctl
 => __arm64_sys_ioctl
 => invoke_syscall.constprop.0
 => el0_svc_common.constprop.0
 => do_el0_svc
 => el0_svc
 => el0t_64_sync_handler
 => el0t_64_sync
     wireplumber-1820    [009] d....    12.658084: sp11_wsa_cupd: (snd_soc_component_update_bits+0x0/0x110 [snd_soc_core]) component=0xffff00080110ea80 reg=1044 mask=255 val=253
     wireplumber-1820    [009] d....    12.658085: <stack trace>
 => snd_soc_component_update_bits
 => snd_soc_put_volsw
 => snd_ctl_elem_write
 => snd_ctl_ioctl
 => __arm64_sys_ioctl
 => invoke_syscall.constprop.0
 => el0_svc_common.constprop.0
 => do_el0_svc
 => el0_svc
 => el0t_64_sync_handler
 => el0t_64_sync
     wireplumber-1820    [009] d....    12.658090: sp11_wsa_cupd: (snd_soc_component_update_bits+0x0/0x110 [snd_soc_core]) component=0xffff00080110ea80 reg=1172 mask=255 val=253
     wireplumber-1820    [009] d....    12.658090: <stack trace>
 => snd_soc_component_update_bits
 => snd_soc_put_volsw
 => snd_ctl_elem_write
 => snd_ctl_ioctl
 => __arm64_sys_ioctl
 => invoke_syscall.constprop.0
 => el0_svc_common.constprop.0
 => do_el0_svc
 => el0_svc
 => el0t_64_sync_handler
 => el0t_64_sync
     wireplumber-1820    [008] d....    12.662711: sp11_wsa_hw_params: (wsa884x_hw_params+0x0/0x4c8 [snd_soc_wsa884x]) substream=18446462633495558656 params=18446603338467128424 dai=18446462633267546240
     wireplumber-1820    [008] d....    12.662713: <stack trace>
 => wsa884x_hw_params
 => __soc_pcm_hw_params
 => dpcm_be_dai_hw_params
 => dpcm_fe_dai_hw_params
 => snd_pcm_hw_params
 => snd_pcm_common_ioctl
 => snd_pcm_ioctl
 => __arm64_sys_ioctl
 => invoke_syscall.constprop.0
 => el0_svc_common.constprop.0
 => do_el0_svc
 => el0_svc
 => el0t_64_sync_handler
 => el0t_64_sync
     wireplumber-1820    [008] d....    12.662726: sp11_wsa_hw_params: (wsa884x_hw_params+0x0/0x4c8 [snd_soc_wsa884x]) substream=18446462633495558656 params=18446603338467128424 dai=18446462633314769024
     wireplumber-1820    [008] d....    12.662727: <stack trace>
 => wsa884x_hw_params
 => __soc_pcm_hw_params
 => dpcm_be_dai_hw_params
 => dpcm_fe_dai_hw_params
 => snd_pcm_hw_params
 => snd_pcm_common_ioctl
 => snd_pcm_ioctl
 => __arm64_sys_ioctl
 => invoke_syscall.constprop.0
 => el0_svc_common.constprop.0
 => do_el0_svc
 => el0_svc
 => el0t_64_sync_handler
 => el0t_64_sync
     wireplumber-1820    [008] d....    12.662736: sp11_swr_hw_params: (qcom_swrm_hw_params+0x0/0x3b0 [soundwire_qcom]) substream=18446462633495558656 params=18446603338467128424 dai=18446462633554300544
     wireplumber-1820    [008] d....    12.662737: <stack trace>
 => qcom_swrm_hw_params
 => __soc_pcm_hw_params
 => dpcm_be_dai_hw_params
 => dpcm_fe_dai_hw_params
 => snd_pcm_hw_params
 => snd_pcm_common_ioctl
 => snd_pcm_ioctl
 => __arm64_sys_ioctl
 => invoke_syscall.constprop.0
 => el0_svc_common.constprop.0
 => do_el0_svc
 => el0_svc
 => el0t_64_sync_handler
 => el0t_64_sync
     wireplumber-1820    [008] d....    12.662744: sp11_wsa_cupd: (snd_soc_component_update_bits+0x0/0x110 [snd_soc_core]) component=0xffff00080110ea80 reg=1024 mask=15 val=4
     wireplumber-1820    [008] d....    12.662745: <stack trace>
 => snd_soc_component_update_bits
 => snd_soc_dai_hw_params
 => __soc_pcm_hw_params
 => dpcm_be_dai_hw_params
 => dpcm_fe_dai_hw_params
 => snd_pcm_hw_params
 => snd_pcm_common_ioctl
 => snd_pcm_ioctl
 => __arm64_sys_ioctl
 => invoke_syscall.constprop.0
 => el0_svc_common.constprop.0
 => do_el0_svc
 => el0_svc
 => el0t_64_sync_handler
 => el0t_64_sync
     wireplumber-1820    [008] d....    12.662746: sp11_wsa_cupd: (snd_soc_component_update_bits+0x0/0x110 [snd_soc_core]) component=0xffff00080110ea80 reg=1152 mask=15 val=4
     wireplumber-1820    [008] d....    12.662746: <stack trace>
 => snd_soc_component_update_bits
 => snd_soc_dai_hw_params
 => __soc_pcm_hw_params
 => dpcm_be_dai_hw_params
 => dpcm_fe_dai_hw_params
 => snd_pcm_hw_params
 => snd_pcm_common_ioctl
 => snd_pcm_ioctl
 => __arm64_sys_ioctl
 => invoke_syscall.constprop.0
 => el0_svc_common.constprop.0
 => do_el0_svc
 => el0_svc
 => el0t_64_sync_handler
 => el0t_64_sync
     wireplumber-1820    [008] d....    12.662748: sp11_wsa_hw_params: (wsa884x_hw_params+0x0/0x4c8 [snd_soc_wsa884x]) substream=18446462633495546880 params=18446603338467128424 dai=18446462633267558016
     wireplumber-1820    [008] d....    12.662748: <stack trace>
 => wsa884x_hw_params
 => __soc_pcm_hw_params
 => dpcm_be_dai_hw_params
 => dpcm_fe_dai_hw_params
 => snd_pcm_hw_params
 => snd_pcm_common_ioctl
 => snd_pcm_ioctl
 => __arm64_sys_ioctl
 => invoke_syscall.constprop.0
 => el0_svc_common.constprop.0
 => do_el0_svc
 => el0_svc
 => el0t_64_sync_handler
 => el0t_64_sync
     wireplumber-1820    [008] d....    12.662753: sp11_wsa_hw_params: (wsa884x_hw_params+0x0/0x4c8 [snd_soc_wsa884x]) substream=18446462633495546880 params=18446603338467128424 dai=18446462633719054976
     wireplumber-1820    [008] d....    12.662754: <stack trace>
 => wsa884x_hw_params
 => __soc_pcm_hw_params
 => dpcm_be_dai_hw_params
 => dpcm_fe_dai_hw_params
 => snd_pcm_hw_params
 => snd_pcm_common_ioctl
 => snd_pcm_ioctl
 => __arm64_sys_ioctl
 => invoke_syscall.constprop.0
 => el0_svc_common.constprop.0
 => do_el0_svc
 => el0_svc
 => el0t_64_sync_handler
 => el0t_64_sync
     wireplumber-1820    [008] d....    12.662758: sp11_swr_hw_params: (qcom_swrm_hw_params+0x0/0x3b0 [soundwire_qcom]) substream=18446462633495546880 params=18446603338467128424 dai=18446462633267556992
     wireplumber-1820    [008] d....    12.662759: <stack trace>
 => qcom_swrm_hw_params
 => __soc_pcm_hw_params
 => dpcm_be_dai_hw_params
 => dpcm_fe_dai_hw_params
 => snd_pcm_hw_params
 => snd_pcm_common_ioctl
 => snd_pcm_ioctl
 => __arm64_sys_ioctl
 => invoke_syscall.constprop.0
 => el0_svc_common.constprop.0
 => do_el0_svc
 => el0_svc
 => el0t_64_sync_handler
 => el0t_64_sync
     wireplumber-1820    [008] d....    12.662760: sp11_wsa_hw_params: (wsa884x_hw_params+0x0/0x4c8 [snd_soc_wsa884x]) substream=18446462633495553536 params=18446603338467128424 dai=18446462633267547264
     wireplumber-1820    [008] d....    12.662761: <stack trace>
 => wsa884x_hw_params
 => __soc_pcm_hw_params
 => dpcm_be_dai_hw_params
 => dpcm_fe_dai_hw_params
 => snd_pcm_hw_params
 => snd_pcm_common_ioctl
 => snd_pcm_ioctl
 => __arm64_sys_ioctl
 => invoke_syscall.constprop.0
 => el0_svc_common.constprop.0
 => do_el0_svc
 => el0_svc
 => el0t_64_sync_handler
 => el0t_64_sync
     wireplumber-1820    [008] d....    12.662766: sp11_wsa_hw_params: (wsa884x_hw_params+0x0/0x4c8 [snd_soc_wsa884x]) substream=18446462633495553536 params=18446603338467128424 dai=18446462633594761856
     wireplumber-1820    [008] d....    12.662766: <stack trace>
 => wsa884x_hw_params
 => __soc_pcm_hw_params
 => dpcm_be_dai_hw_params
 => dpcm_fe_dai_hw_params
 => snd_pcm_hw_params
 => snd_pcm_common_ioctl
 => snd_pcm_ioctl
 => __arm64_sys_ioctl
 => invoke_syscall.constprop.0
 => el0_svc_common.constprop.0
 => do_el0_svc
 => el0_svc
 => el0t_64_sync_handler
 => el0t_64_sync
     wireplumber-1820    [008] d....    12.662771: sp11_swr_hw_params: (qcom_swrm_hw_params+0x0/0x3b0 [soundwire_qcom]) substream=18446462633495553536 params=18446603338467128424 dai=18446462633267553408
     wireplumber-1820    [008] d....    12.662771: <stack trace>
 => qcom_swrm_hw_params
 => __soc_pcm_hw_params
 => dpcm_be_dai_hw_params
 => dpcm_fe_dai_hw_params
 => snd_pcm_hw_params
 => snd_pcm_common_ioctl
 => snd_pcm_ioctl
 => __arm64_sys_ioctl
 => invoke_syscall.constprop.0
 => el0_svc_common.constprop.0
 => do_el0_svc
 => el0_svc
 => el0t_64_sync_handler
 => el0t_64_sync
     wireplumber-1820    [008] d....    12.662789: sp11_sdw_prepare: (sdw_prepare_stream+0x0/0x340 [soundwire_bus]) stream=18446462633264237376
     wireplumber-1820    [008] d....    12.662790: <stack trace>
 => sdw_prepare_stream
 => x1e80100_snd_prepare
 => snd_soc_link_prepare
 => __soc_pcm_prepare
 => dpcm_be_dai_prepare
 => dpcm_fe_dai_prepare
 => snd_pcm_do_prepare
 => snd_pcm_action_single
 => snd_pcm_action_nonatomic
 => snd_pcm_prepare
 => snd_pcm_common_ioctl
 => snd_pcm_ioctl
 => __arm64_sys_ioctl
 => invoke_syscall.constprop.0
 => el0_svc_common.constprop.0
 => do_el0_svc
 => el0_svc
 => el0t_64_sync_handler
 => el0t_64_sync
     wireplumber-1820    [010] d....    12.667308: sp11_sdw_enable: (sdw_enable_stream+0x0/0x1e8 [soundwire_bus]) stream=18446462633264237376
     wireplumber-1820    [010] d....    12.667309: <stack trace>
 => sdw_enable_stream
 => x1e80100_snd_prepare
 => snd_soc_link_prepare
 => __soc_pcm_prepare
 => dpcm_be_dai_prepare
 => dpcm_fe_dai_prepare
 => snd_pcm_do_prepare
 => snd_pcm_action_single
 => snd_pcm_action_nonatomic
 => snd_pcm_prepare
 => snd_pcm_common_ioctl
 => snd_pcm_ioctl
 => __arm64_sys_ioctl
 => invoke_syscall.constprop.0
 => el0_svc_common.constprop.0
 => do_el0_svc
 => el0_svc
 => el0t_64_sync_handler
 => el0t_64_sync
     wireplumber-1820    [008] d....    12.670295: sp11_wsa_cupd: (snd_soc_component_update_bits+0x0/0x110 [snd_soc_core]) component=0xffff00080110ea80 reg=1024 mask=32 val=32
     wireplumber-1820    [008] d....    12.670296: <stack trace>
 => snd_soc_component_update_bits
 => dapm_seq_run
 => dapm_power_widgets
 => snd_soc_dapm_stream_event
 => __soc_pcm_prepare
 => dpcm_be_dai_prepare
 => dpcm_fe_dai_prepare
 => snd_pcm_do_prepare
 => snd_pcm_action_single
 => snd_pcm_action_nonatomic
 => snd_pcm_prepare
 => snd_pcm_common_ioctl
 => snd_pcm_ioctl
 => __arm64_sys_ioctl
 => invoke_syscall.constprop.0
 => el0_svc_common.constprop.0
 => do_el0_svc
 => el0_svc
 => el0t_64_sync_handler
 => el0t_64_sync
     wireplumber-1820    [008] d....    12.670300: sp11_wsa_cupd: (snd_soc_component_update_bits+0x0/0x110 [snd_soc_core]) component=0xffff00080110ea80 reg=1152 mask=32 val=32
     wireplumber-1820    [008] d....    12.670301: <stack trace>
 => snd_soc_component_update_bits
 => dapm_seq_run
 => dapm_power_widgets
 => snd_soc_dapm_stream_event
 => __soc_pcm_prepare
 => dpcm_be_dai_prepare
 => dpcm_fe_dai_prepare
 => snd_pcm_do_prepare
 => snd_pcm_action_single
 => snd_pcm_action_nonatomic
 => snd_pcm_prepare
 => snd_pcm_common_ioctl
 => snd_pcm_ioctl
 => __arm64_sys_ioctl
 => invoke_syscall.constprop.0
 => el0_svc_common.constprop.0
 => do_el0_svc
 => el0_svc
 => el0t_64_sync_handler
 => el0t_64_sync
     wireplumber-1820    [008] d....    12.670304: sp11_wsa_cupd: (snd_soc_component_update_bits+0x0/0x110 [snd_soc_core]) component=0xffff00080110ea80 reg=1032 mask=1 val=1
     wireplumber-1820    [008] d....    12.670304: <stack trace>
 => snd_soc_component_update_bits
 => dapm_seq_check_event
 => dapm_seq_run_coalesced
 => dapm_seq_run
 => dapm_power_widgets
 => snd_soc_dapm_stream_event
 => __soc_pcm_prepare
 => dpcm_be_dai_prepare
 => dpcm_fe_dai_prepare
 => snd_pcm_do_prepare
 => snd_pcm_action_single
 => snd_pcm_action_nonatomic
 => snd_pcm_prepare
 => snd_pcm_common_ioctl
 => snd_pcm_ioctl
 => __arm64_sys_ioctl
 => invoke_syscall.constprop.0
 => el0_svc_common.constprop.0
 => do_el0_svc
 => el0_svc
 => el0t_64_sync_handler
 => el0t_64_sync
     wireplumber-1820    [008] d....    12.670306: sp11_wsa_cupd: (snd_soc_component_update_bits+0x0/0x110 [snd_soc_core]) component=0xffff00080110ea80 reg=1280 mask=16 val=16
     wireplumber-1820    [008] d....    12.670306: <stack trace>
 => snd_soc_component_update_bits
 => dapm_seq_check_event
 => dapm_seq_run_coalesced
 => dapm_seq_run
 => dapm_power_widgets
 => snd_soc_dapm_stream_event
 => __soc_pcm_prepare
 => dpcm_be_dai_prepare
 => dpcm_fe_dai_prepare
 => snd_pcm_do_prepare
 => snd_pcm_action_single
 => snd_pcm_action_nonatomic
 => snd_pcm_prepare
 => snd_pcm_common_ioctl
 => snd_pcm_ioctl
 => __arm64_sys_ioctl
 => invoke_syscall.constprop.0
 => el0_svc_common.constprop.0
 => do_el0_svc
 => el0_svc
 => el0t_64_sync_handler
 => el0t_64_sync
     wireplumber-1820    [008] d....    12.670308: sp11_wsa_cupd: (snd_soc_component_update_bits+0x0/0x110 [snd_soc_core]) component=0xffff00080110ea80 reg=1160 mask=1 val=1
     wireplumber-1820    [008] d....    12.670308: <stack trace>
 => snd_soc_component_update_bits
 => dapm_seq_check_event
 => dapm_seq_run_coalesced
 => dapm_seq_run
 => dapm_power_widgets
 => snd_soc_dapm_stream_event
 => __soc_pcm_prepare
 => dpcm_be_dai_prepare
 => dpcm_fe_dai_prepare
 => snd_pcm_do_prepare
 => snd_pcm_action_single
 => snd_pcm_action_nonatomic
 => snd_pcm_prepare
 => snd_pcm_common_ioctl
 => snd_pcm_ioctl
 => __arm64_sys_ioctl
 => invoke_syscall.constprop.0
 => el0_svc_common.constprop.0
 => do_el0_svc
 => el0_svc
 => el0t_64_sync_handler
 => el0t_64_sync
     wireplumber-1820    [008] d....    12.670310: sp11_wsa_cupd: (snd_soc_component_update_bits+0x0/0x110 [snd_soc_core]) component=0xffff00080110ea80 reg=1344 mask=16 val=16
     wireplumber-1820    [008] d....    12.670310: <stack trace>
 => snd_soc_component_update_bits
 => dapm_seq_check_event
 => dapm_seq_run_coalesced
 => dapm_seq_run
 => dapm_power_widgets
 => snd_soc_dapm_stream_event
 => __soc_pcm_prepare
 => dpcm_be_dai_prepare
 => dpcm_fe_dai_prepare
 => snd_pcm_do_prepare
 => snd_pcm_action_single
 => snd_pcm_action_nonatomic
 => snd_pcm_prepare
 => snd_pcm_common_ioctl
 => snd_pcm_ioctl
 => __arm64_sys_ioctl
 => invoke_syscall.constprop.0
 => el0_svc_common.constprop.0
 => do_el0_svc
 => el0_svc
 => el0t_64_sync_handler
 => el0t_64_sync
     wireplumber-1820    [008] d....    12.670312: sp11_macro_interp: (wsa_macro_enable_interpolator+0x0/0x750 [snd_soc_lpass_wsa_macro]) widget=18446462633168393728 event=1
     wireplumber-1820    [008] d....    12.670314: <stack trace>
 => wsa_macro_enable_interpolator
 => dapm_seq_run_coalesced
 => dapm_seq_run
 => dapm_power_widgets
 => snd_soc_dapm_stream_event
 => __soc_pcm_prepare
 => dpcm_be_dai_prepare
 => dpcm_fe_dai_prepare
 => snd_pcm_do_prepare
 => snd_pcm_action_single
 => snd_pcm_action_nonatomic
 => snd_pcm_prepare
 => snd_pcm_common_ioctl
 => snd_pcm_ioctl
 => __arm64_sys_ioctl
 => invoke_syscall.constprop.0
 => el0_svc_common.constprop.0
 => do_el0_svc
 => el0_svc
 => el0t_64_sync_handler
 => el0t_64_sync
     wireplumber-1820    [008] d....    12.670315: sp11_wsa_cupd: (snd_soc_component_update_bits+0x0/0x110 [snd_soc_core]) component=0xffff00080110ea80 reg=1040 mask=3 val=3
     wireplumber-1820    [008] d....    12.670315: <stack trace>
 => snd_soc_component_update_bits
 => dapm_seq_check_event
 => dapm_seq_run_coalesced
 => dapm_seq_run
 => dapm_power_widgets
 => snd_soc_dapm_stream_event
 => __soc_pcm_prepare
 => dpcm_be_dai_prepare
 => dpcm_fe_dai_prepare
 => snd_pcm_do_prepare
 => snd_pcm_action_single
 => snd_pcm_action_nonatomic
 => snd_pcm_prepare
 => snd_pcm_common_ioctl
 => snd_pcm_ioctl
 => __arm64_sys_ioctl
 => invoke_syscall.constprop.0
 => el0_svc_common.constprop.0
 => do_el0_svc
 => el0_svc
 => el0t_64_sync_handler
 => el0t_64_sync
     wireplumber-1820    [008] d....    12.670316: sp11_wsa_cupd: (snd_soc_component_update_bits+0x0/0x110 [snd_soc_core]) component=0xffff00080110ea80 reg=1024 mask=16 val=16
     wireplumber-1820    [008] d....    12.670316: <stack trace>
 => snd_soc_component_update_bits
 => dapm_seq_check_event
 => dapm_seq_run_coalesced
 => dapm_seq_run
 => dapm_power_widgets
 => snd_soc_dapm_stream_event
 => __soc_pcm_prepare
 => dpcm_be_dai_prepare
 => dpcm_fe_dai_prepare
 => snd_pcm_do_prepare
 => snd_pcm_action_single
 => snd_pcm_action_nonatomic
 => snd_pcm_prepare
 => snd_pcm_common_ioctl
 => snd_pcm_ioctl
 => __arm64_sys_ioctl
 => invoke_syscall.constprop.0
 => el0_svc_common.constprop.0
 => do_el0_svc
 => el0_svc
 => el0t_64_sync_handler
 => el0t_64_sync
     wireplumber-1820    [008] d....    12.670317: sp11_wsa_cupd: (snd_soc_component_update_bits+0x0/0x110 [snd_soc_core]) component=0xffff00080110ea80 reg=1072 mask=60 val=16
     wireplumber-1820    [008] d....    12.670318: <stack trace>
 => snd_soc_component_update_bits
 => dapm_seq_check_event
 => dapm_seq_run_coalesced
 => dapm_seq_run
 => dapm_power_widgets
 => snd_soc_dapm_stream_event
 => __soc_pcm_prepare
 => dpcm_be_dai_prepare
 => dpcm_fe_dai_prepare
 => snd_pcm_do_prepare
 => snd_pcm_action_single
 => snd_pcm_action_nonatomic
 => snd_pcm_prepare
 => snd_pcm_common_ioctl
 => snd_pcm_ioctl
 => __arm64_sys_ioctl
 => invoke_syscall.constprop.0
 => el0_svc_common.constprop.0
 => do_el0_svc
 => el0_svc
 => el0t_64_sync_handler
 => el0t_64_sync
     wireplumber-1820    [008] d....    12.670319: sp11_wsa_cupd: (snd_soc_component_update_bits+0x0/0x110 [snd_soc_core]) component=0xffff00080110ea80 reg=1072 mask=3 val=1
     wireplumber-1820    [008] d....    12.670320: <stack trace>
 => snd_soc_component_update_bits
 => dapm_seq_check_event
 => dapm_seq_run_coalesced
 => dapm_seq_run
 => dapm_power_widgets
 => snd_soc_dapm_stream_event
 => __soc_pcm_prepare
 => dpcm_be_dai_prepare
 => dpcm_fe_dai_prepare
 => snd_pcm_do_prepare
 => snd_pcm_action_single
 => snd_pcm_action_nonatomic
 => snd_pcm_prepare
 => snd_pcm_common_ioctl
 => snd_pcm_ioctl
 => __arm64_sys_ioctl
 => invoke_syscall.constprop.0
 => el0_svc_common.constprop.0
 => do_el0_svc
 => el0_svc
 => el0t_64_sync_handler
 => el0t_64_sync
     wireplumber-1820    [008] d....    12.670321: sp11_wsa_cupd: (snd_soc_component_update_bits+0x0/0x110 [snd_soc_core]) component=0xffff00080110ea80 reg=1028 mask=4 val=4
     wireplumber-1820    [008] d....    12.670321: <stack trace>
 => snd_soc_component_update_bits
 => dapm_seq_check_event
 => dapm_seq_run_coalesced
 => dapm_seq_run
 => dapm_power_widgets
 => snd_soc_dapm_stream_event
 => __soc_pcm_prepare
 => dpcm_be_dai_prepare
 => dpcm_fe_dai_prepare
 => snd_pcm_do_prepare
 => snd_pcm_action_single
 => snd_pcm_action_nonatomic
 => snd_pcm_prepare
 => snd_pcm_common_ioctl
 => snd_pcm_ioctl
 => __arm64_sys_ioctl
 => invoke_syscall.constprop.0
 => el0_svc_common.constprop.0
 => do_el0_svc
 => el0_svc
 => el0t_64_sync_handler
 => el0t_64_sync
     wireplumber-1820    [008] d....    12.670323: sp11_wsa_cupd: (snd_soc_component_update_bits+0x0/0x110 [snd_soc_core]) component=0xffff00080110ea80 reg=1100 mask=1 val=1
     wireplumber-1820    [008] d....    12.670323: <stack trace>
 => snd_soc_component_update_bits
 => dapm_seq_check_event
 => dapm_seq_run_coalesced
 => dapm_seq_run
 => dapm_power_widgets
 => snd_soc_dapm_stream_event
 => __soc_pcm_prepare
 => dpcm_be_dai_prepare
 => dpcm_fe_dai_prepare
 => snd_pcm_do_prepare
 => snd_pcm_action_single
 => snd_pcm_action_nonatomic
 => snd_pcm_prepare
 => snd_pcm_common_ioctl
 => snd_pcm_ioctl
 => __arm64_sys_ioctl
 => invoke_syscall.constprop.0
 => el0_svc_common.constprop.0
 => do_el0_svc
 => el0_svc
 => el0t_64_sync_handler
 => el0t_64_sync
     wireplumber-1820    [008] d....    12.670325: sp11_macro_interp: (wsa_macro_enable_interpolator+0x0/0x750 [snd_soc_lpass_wsa_macro]) widget=18446462633168398336 event=1
     wireplumber-1820    [008] d....    12.670325: <stack trace>
 => wsa_macro_enable_interpolator
 => dapm_seq_run_coalesced
 => dapm_seq_run
 => dapm_power_widgets
 => snd_soc_dapm_stream_event
 => __soc_pcm_prepare
 => dpcm_be_dai_prepare
 => dpcm_fe_dai_prepare
 => snd_pcm_do_prepare
 => snd_pcm_action_single
 => snd_pcm_action_nonatomic
 => snd_pcm_prepare
 => snd_pcm_common_ioctl
 => snd_pcm_ioctl
 => __arm64_sys_ioctl
 => invoke_syscall.constprop.0
 => el0_svc_common.constprop.0
 => do_el0_svc
 => el0_svc
 => el0t_64_sync_handler
 => el0t_64_sync
     wireplumber-1820    [008] d....    12.670326: sp11_wsa_cupd: (snd_soc_component_update_bits+0x0/0x110 [snd_soc_core]) component=0xffff00080110ea80 reg=1168 mask=3 val=3
     wireplumber-1820    [008] d....    12.670326: <stack trace>
 => snd_soc_component_update_bits
 => dapm_seq_check_event
 => dapm_seq_run_coalesced
 => dapm_seq_run
 => dapm_power_widgets
 => snd_soc_dapm_stream_event
 => __soc_pcm_prepare
 => dpcm_be_dai_prepare
 => dpcm_fe_dai_prepare
 => snd_pcm_do_prepare
 => snd_pcm_action_single
 => snd_pcm_action_nonatomic
 => snd_pcm_prepare
 => snd_pcm_common_ioctl
 => snd_pcm_ioctl
 => __arm64_sys_ioctl
 => invoke_syscall.constprop.0
 => el0_svc_common.constprop.0
 => do_el0_svc
 => el0_svc
 => el0t_64_sync_handler
 => el0t_64_sync
     wireplumber-1820    [008] d....    12.670327: sp11_wsa_cupd: (snd_soc_component_update_bits+0x0/0x110 [snd_soc_core]) component=0xffff00080110ea80 reg=1152 mask=16 val=16
     wireplumber-1820    [008] d....    12.670327: <stack trace>
 => snd_soc_component_update_bits
 => dapm_seq_check_event
 => dapm_seq_run_coalesced
 => dapm_seq_run
 => dapm_power_widgets
 => snd_soc_dapm_stream_event
 => __soc_pcm_prepare
 => dpcm_be_dai_prepare
 => dpcm_fe_dai_prepare
 => snd_pcm_do_prepare
 => snd_pcm_action_single
 => snd_pcm_action_nonatomic
 => snd_pcm_prepare
 => snd_pcm_common_ioctl
 => snd_pcm_ioctl
 => __arm64_sys_ioctl
 => invoke_syscall.constprop.0
 => el0_svc_common.constprop.0
 => do_el0_svc
 => el0_svc
 => el0t_64_sync_handler
 => el0t_64_sync
     wireplumber-1820    [008] d....    12.670329: sp11_wsa_cupd: (snd_soc_component_update_bits+0x0/0x110 [snd_soc_core]) component=0xffff00080110ea80 reg=1200 mask=60 val=16
     wireplumber-1820    [008] d....    12.670329: <stack trace>
 => snd_soc_component_update_bits
 => dapm_seq_check_event
 => dapm_seq_run_coalesced
 => dapm_seq_run
 => dapm_power_widgets
 => snd_soc_dapm_stream_event
 => __soc_pcm_prepare
 => dpcm_be_dai_prepare
 => dpcm_fe_dai_prepare
 => snd_pcm_do_prepare
 => snd_pcm_action_single
 => snd_pcm_action_nonatomic
 => snd_pcm_prepare
 => snd_pcm_common_ioctl
 => snd_pcm_ioctl
 => __arm64_sys_ioctl
 => invoke_syscall.constprop.0
 => el0_svc_common.constprop.0
 => do_el0_svc
 => el0_svc
 => el0t_64_sync_handler
 => el0t_64_sync
     wireplumber-1820    [008] d....    12.670330: sp11_wsa_cupd: (snd_soc_component_update_bits+0x0/0x110 [snd_soc_core]) component=0xffff00080110ea80 reg=1200 mask=3 val=1
     wireplumber-1820    [008] d....    12.670331: <stack trace>
 => snd_soc_component_update_bits
 => dapm_seq_check_event
 => dapm_seq_run_coalesced
 => dapm_seq_run
 => dapm_power_widgets
 => snd_soc_dapm_stream_event
 => __soc_pcm_prepare
 => dpcm_be_dai_prepare
 => dpcm_fe_dai_prepare
 => snd_pcm_do_prepare
 => snd_pcm_action_single
 => snd_pcm_action_nonatomic
 => snd_pcm_prepare
 => snd_pcm_common_ioctl
 => snd_pcm_ioctl
 => __arm64_sys_ioctl
 => invoke_syscall.constprop.0
 => el0_svc_common.constprop.0
 => do_el0_svc
 => el0_svc
 => el0t_64_sync_handler
 => el0t_64_sync
     wireplumber-1820    [008] d....    12.670332: sp11_wsa_cupd: (snd_soc_component_update_bits+0x0/0x110 [snd_soc_core]) component=0xffff00080110ea80 reg=1156 mask=4 val=4
     wireplumber-1820    [008] d....    12.670333: <stack trace>
 => snd_soc_component_update_bits
 => dapm_seq_check_event
 => dapm_seq_run_coalesced
 => dapm_seq_run
 => dapm_power_widgets
 => snd_soc_dapm_stream_event
 => __soc_pcm_prepare
 => dpcm_be_dai_prepare
 => dpcm_fe_dai_prepare
 => snd_pcm_do_prepare
 => snd_pcm_action_single
 => snd_pcm_action_nonatomic
 => snd_pcm_prepare
 => snd_pcm_common_ioctl
 => snd_pcm_ioctl
 => __arm64_sys_ioctl
 => invoke_syscall.constprop.0
 => el0_svc_common.constprop.0
 => do_el0_svc
 => el0_svc
 => el0t_64_sync_handler
 => el0t_64_sync
     wireplumber-1820    [008] d....    12.670334: sp11_wsa_cupd: (snd_soc_component_update_bits+0x0/0x110 [snd_soc_core]) component=0xffff00080110ea80 reg=1228 mask=1 val=1
     wireplumber-1820    [008] d....    12.670335: <stack trace>
 => snd_soc_component_update_bits
 => dapm_seq_check_event
 => dapm_seq_run_coalesced
 => dapm_seq_run
 => dapm_power_widgets
 => snd_soc_dapm_stream_event
 => __soc_pcm_prepare
 => dpcm_be_dai_prepare
 => dpcm_fe_dai_prepare
 => snd_pcm_do_prepare
 => snd_pcm_action_single
 => snd_pcm_action_nonatomic
 => snd_pcm_prepare
 => snd_pcm_common_ioctl
 => snd_pcm_ioctl
 => __arm64_sys_ioctl
 => invoke_syscall.constprop.0
 => el0_svc_common.constprop.0
 => do_el0_svc
 => el0_svc
 => el0t_64_sync_handler
 => el0t_64_sync
     wireplumber-1820    [008] d....    12.670337: sp11_wsa_cupd: (snd_soc_component_update_bits+0x0/0x110 [snd_soc_core]) component=0xffff00080110ea80 reg=1024 mask=16 val=0
     wireplumber-1820    [008] d....    12.670337: <stack trace>
 => snd_soc_component_update_bits
 => dapm_seq_check_event
 => dapm_seq_run_coalesced
 => dapm_seq_run
 => dapm_power_widgets
 => snd_soc_dapm_stream_event
 => __soc_pcm_prepare
 => dpcm_be_dai_prepare
 => dpcm_fe_dai_prepare
 => snd_pcm_do_prepare
 => snd_pcm_action_single
 => snd_pcm_action_nonatomic
 => snd_pcm_prepare
 => snd_pcm_common_ioctl
 => snd_pcm_ioctl
 => __arm64_sys_ioctl
 => invoke_syscall.constprop.0
 => el0_svc_common.constprop.0
 => do_el0_svc
 => el0_svc
 => el0t_64_sync_handler
 => el0t_64_sync
     wireplumber-1820    [008] d....    12.670343: sp11_wsa_cupd: (snd_soc_component_update_bits+0x0/0x110 [snd_soc_core]) component=0xffff00080110ea80 reg=1152 mask=16 val=0
     wireplumber-1820    [008] d....    12.670343: <stack trace>
 => snd_soc_component_update_bits
 => dapm_seq_check_event
 => dapm_seq_run_coalesced
 => dapm_seq_run
 => dapm_power_widgets
 => snd_soc_dapm_stream_event
 => __soc_pcm_prepare
 => dpcm_be_dai_prepare
 => dpcm_fe_dai_prepare
 => snd_pcm_do_prepare
 => snd_pcm_action_single
 => snd_pcm_action_nonatomic
 => snd_pcm_prepare
 => snd_pcm_common_ioctl
 => snd_pcm_ioctl
 => __arm64_sys_ioctl
 => invoke_syscall.constprop.0
 => el0_svc_common.constprop.0
 => do_el0_svc
 => el0_svc
 => el0t_64_sync_handler
 => el0t_64_sync
     wireplumber-1820    [008] d....    12.670345: sp11_macro_interp: (wsa_macro_enable_interpolator+0x0/0x750 [snd_soc_lpass_wsa_macro]) widget=18446462633168393728 event=2
     wireplumber-1820    [008] d....    12.670345: <stack trace>
 => wsa_macro_enable_interpolator
 => dapm_seq_run_coalesced
 => dapm_seq_run
 => dapm_power_widgets
 => snd_soc_dapm_stream_event
 => __soc_pcm_prepare
 => dpcm_be_dai_prepare
 => dpcm_fe_dai_prepare
 => snd_pcm_do_prepare
 => snd_pcm_action_single
 => snd_pcm_action_nonatomic
 => snd_pcm_prepare
 => snd_pcm_common_ioctl
 => snd_pcm_ioctl
 => __arm64_sys_ioctl
 => invoke_syscall.constprop.0
 => el0_svc_common.constprop.0
 => do_el0_svc
 => el0_svc
 => el0t_64_sync_handler
 => el0t_64_sync
     wireplumber-1820    [008] d....    12.670346: sp11_wsa_cupd: (snd_soc_component_update_bits+0x0/0x110 [snd_soc_core]) component=0xffff00080110ea80 reg=1408 mask=1 val=1
     wireplumber-1820    [008] d....    12.670346: <stack trace>
 => snd_soc_component_update_bits
 => dapm_seq_check_event
 => dapm_seq_run_coalesced
 => dapm_seq_run
 => dapm_power_widgets
 => snd_soc_dapm_stream_event
 => __soc_pcm_prepare
 => dpcm_be_dai_prepare
 => dpcm_fe_dai_prepare
 => snd_pcm_do_prepare
 => snd_pcm_action_single
 => snd_pcm_action_nonatomic
 => snd_pcm_prepare
 => snd_pcm_common_ioctl
 => snd_pcm_ioctl
 => __arm64_sys_ioctl
 => invoke_syscall.constprop.0
 => el0_svc_common.constprop.0
 => do_el0_svc
 => el0_svc
 => el0t_64_sync_handler
 => el0t_64_sync
     wireplumber-1820    [008] d....    12.670348: sp11_wsa_cupd: (snd_soc_component_update_bits+0x0/0x110 [snd_soc_core]) component=0xffff00080110ea80 reg=1408 mask=2 val=2
     wireplumber-1820    [008] d....    12.670348: <stack trace>
 => snd_soc_component_update_bits
 => dapm_seq_check_event
 => dapm_seq_run_coalesced
 => dapm_seq_run
 => dapm_power_widgets
 => snd_soc_dapm_stream_event
 => __soc_pcm_prepare
 => dpcm_be_dai_prepare
 => dpcm_fe_dai_prepare
 => snd_pcm_do_prepare
 => snd_pcm_action_single
 => snd_pcm_action_nonatomic
 => snd_pcm_prepare
 => snd_pcm_common_ioctl
 => snd_pcm_ioctl
 => __arm64_sys_ioctl
 => invoke_syscall.constprop.0
 => el0_svc_common.constprop.0
 => do_el0_svc
 => el0_svc
 => el0t_64_sync_handler
 => el0t_64_sync
     wireplumber-1820    [008] d....    12.670350: sp11_wsa_cupd: (snd_soc_component_update_bits+0x0/0x110 [snd_soc_core]) component=0xffff00080110ea80 reg=1408 mask=2 val=0
     wireplumber-1820    [008] d....    12.670350: <stack trace>
 => snd_soc_component_update_bits
 => dapm_seq_check_event
 => dapm_seq_run_coalesced
 => dapm_seq_run
 => dapm_power_widgets
 => snd_soc_dapm_stream_event
 => __soc_pcm_prepare
 => dpcm_be_dai_prepare
 => dpcm_fe_dai_prepare
 => snd_pcm_do_prepare
 => snd_pcm_action_single
 => snd_pcm_action_nonatomic
 => snd_pcm_prepare
 => snd_pcm_common_ioctl
 => snd_pcm_ioctl
 => __arm64_sys_ioctl
 => invoke_syscall.constprop.0
 => el0_svc_common.constprop.0
 => do_el0_svc
 => el0_svc
 => el0t_64_sync_handler
 => el0t_64_sync
     wireplumber-1820    [008] d....    12.670351: sp11_wsa_cupd: (snd_soc_component_update_bits+0x0/0x110 [snd_soc_core]) component=0xffff00080110ea80 reg=1028 mask=2 val=2
     wireplumber-1820    [008] d....    12.670352: <stack trace>
 => snd_soc_component_update_bits
 => dapm_seq_check_event
 => dapm_seq_run_coalesced
 => dapm_seq_run
 => dapm_power_widgets
 => snd_soc_dapm_stream_event
 => __soc_pcm_prepare
 => dpcm_be_dai_prepare
 => dpcm_fe_dai_prepare
 => snd_pcm_do_prepare
 => snd_pcm_action_single
 => snd_pcm_action_nonatomic
 => snd_pcm_prepare
 => snd_pcm_common_ioctl
 => snd_pcm_ioctl
 => __arm64_sys_ioctl
 => invoke_syscall.constprop.0
 => el0_svc_common.constprop.0
 => do_el0_svc
 => el0_svc
 => el0t_64_sync_handler
 => el0t_64_sync
     wireplumber-1820    [008] d....    12.670353: sp11_macro_interp: (wsa_macro_enable_interpolator+0x0/0x750 [snd_soc_lpass_wsa_macro]) widget=18446462633168398336 event=2
     wireplumber-1820    [008] d....    12.670353: <stack trace>
 => wsa_macro_enable_interpolator
 => dapm_seq_run_coalesced
 => dapm_seq_run
 => dapm_power_widgets
 => snd_soc_dapm_stream_event
 => __soc_pcm_prepare
 => dpcm_be_dai_prepare
 => dpcm_fe_dai_prepare
 => snd_pcm_do_prepare
 => snd_pcm_action_single
 => snd_pcm_action_nonatomic
 => snd_pcm_prepare
 => snd_pcm_common_ioctl
 => snd_pcm_ioctl
 => __arm64_sys_ioctl
 => invoke_syscall.constprop.0
 => el0_svc_common.constprop.0
 => do_el0_svc
 => el0_svc
 => el0t_64_sync_handler
 => el0t_64_sync
     wireplumber-1820    [008] d....    12.670354: sp11_wsa_cupd: (snd_soc_component_update_bits+0x0/0x110 [snd_soc_core]) component=0xffff00080110ea80 reg=1504 mask=1 val=1
     wireplumber-1820    [008] d....    12.670354: <stack trace>
 => snd_soc_component_update_bits
 => dapm_seq_check_event
 => dapm_seq_run_coalesced
 => dapm_seq_run
 => dapm_power_widgets
 => snd_soc_dapm_stream_event
 => __soc_pcm_prepare
 => dpcm_be_dai_prepare
 => dpcm_fe_dai_prepare
 => snd_pcm_do_prepare
 => snd_pcm_action_single
 => snd_pcm_action_nonatomic
 => snd_pcm_prepare
 => snd_pcm_common_ioctl
 => snd_pcm_ioctl
 => __arm64_sys_ioctl
 => invoke_syscall.constprop.0
 => el0_svc_common.constprop.0
 => do_el0_svc
 => el0_svc
 => el0t_64_sync_handler
 => el0t_64_sync
     wireplumber-1820    [008] d....    12.670356: sp11_wsa_cupd: (snd_soc_component_update_bits+0x0/0x110 [snd_soc_core]) component=0xffff00080110ea80 reg=1504 mask=2 val=2
     wireplumber-1820    [008] d....    12.670356: <stack trace>
 => snd_soc_component_update_bits
 => dapm_seq_check_event
 => dapm_seq_run_coalesced
 => dapm_seq_run
 => dapm_power_widgets
 => snd_soc_dapm_stream_event
 => __soc_pcm_prepare
 => dpcm_be_dai_prepare
 => dpcm_fe_dai_prepare
 => snd_pcm_do_prepare
 => snd_pcm_action_single
 => snd_pcm_action_nonatomic
 => snd_pcm_prepare
 => snd_pcm_common_ioctl
 => snd_pcm_ioctl
 => __arm64_sys_ioctl
 => invoke_syscall.constprop.0
 => el0_svc_common.constprop.0
 => do_el0_svc
 => el0_svc
 => el0t_64_sync_handler
 => el0t_64_sync
     wireplumber-1820    [008] d....    12.670358: sp11_wsa_cupd: (snd_soc_component_update_bits+0x0/0x110 [snd_soc_core]) component=0xffff00080110ea80 reg=1504 mask=2 val=0
     wireplumber-1820    [008] d....    12.670358: <stack trace>
 => snd_soc_component_update_bits
 => dapm_seq_check_event
 => dapm_seq_run_coalesced
 => dapm_seq_run
 => dapm_power_widgets
 => snd_soc_dapm_stream_event
 => __soc_pcm_prepare
 => dpcm_be_dai_prepare
 => dpcm_fe_dai_prepare
 => snd_pcm_do_prepare
 => snd_pcm_action_single
 => snd_pcm_action_nonatomic
 => snd_pcm_prepare
 => snd_pcm_common_ioctl
 => snd_pcm_ioctl
 => __arm64_sys_ioctl
 => invoke_syscall.constprop.0
 => el0_svc_common.constprop.0
 => do_el0_svc
 => el0_svc
 => el0t_64_sync_handler
 => el0t_64_sync
     wireplumber-1820    [008] d....    12.670360: sp11_wsa_cupd: (snd_soc_component_update_bits+0x0/0x110 [snd_soc_core]) component=0xffff00080110ea80 reg=1156 mask=2 val=2
     wireplumber-1820    [008] d....    12.670360: <stack trace>
 => snd_soc_component_update_bits
 => dapm_seq_check_event
 => dapm_seq_run_coalesced
 => dapm_seq_run
 => dapm_power_widgets
 => snd_soc_dapm_stream_event
 => __soc_pcm_prepare
 => dpcm_be_dai_prepare
 => dpcm_fe_dai_prepare
 => snd_pcm_do_prepare
 => snd_pcm_action_single
 => snd_pcm_action_nonatomic
 => snd_pcm_prepare
 => snd_pcm_common_ioctl
 => snd_pcm_ioctl
 => __arm64_sys_ioctl
 => invoke_syscall.constprop.0
 => el0_svc_common.constprop.0
 => do_el0_svc
 => el0_svc
 => el0t_64_sync_handler
 => el0t_64_sync
     wireplumber-1820    [008] d....    12.670362: sp11_wsa_spkr_event: (wsa884x_spkr_event+0x0/0x290 [snd_soc_wsa884x]) widget=18446462633168388608 event=2
     wireplumber-1820    [008] d....    12.670362: <stack trace>
 => wsa884x_spkr_event
 => dapm_seq_run_coalesced
 => dapm_seq_run
 => dapm_power_widgets
 => snd_soc_dapm_stream_event
 => __soc_pcm_prepare
 => dpcm_be_dai_prepare
 => dpcm_fe_dai_prepare
 => snd_pcm_do_prepare
 => snd_pcm_action_single
 => snd_pcm_action_nonatomic
 => snd_pcm_prepare
 => snd_pcm_common_ioctl
 => snd_pcm_ioctl
 => __arm64_sys_ioctl
 => invoke_syscall.constprop.0
 => el0_svc_common.constprop.0
 => do_el0_svc
 => el0_svc
 => el0t_64_sync_handler
 => el0t_64_sync
     wireplumber-1820    [008] d....    12.670373: sp11_wsa_spkr_event: (wsa884x_spkr_event+0x0/0x290 [snd_soc_wsa884x]) widget=18446462633168395776 event=2
     wireplumber-1820    [008] d....    12.670374: <stack trace>
 => wsa884x_spkr_event
 => dapm_seq_run_coalesced
 => dapm_seq_run
 => dapm_power_widgets
 => snd_soc_dapm_stream_event
 => __soc_pcm_prepare
 => dpcm_be_dai_prepare
 => dpcm_fe_dai_prepare
 => snd_pcm_do_prepare
 => snd_pcm_action_single
 => snd_pcm_action_nonatomic
 => snd_pcm_prepare
 => snd_pcm_common_ioctl
 => snd_pcm_ioctl
 => __arm64_sys_ioctl
 => invoke_syscall.constprop.0
 => el0_svc_common.constprop.0
 => do_el0_svc
 => el0_svc
 => el0t_64_sync_handler
 => el0t_64_sync
     wireplumber-1820    [008] d....    12.670395: sp11_sdw_prepare: (sdw_prepare_stream+0x0/0x340 [soundwire_bus]) stream=18446462633264235264
     wireplumber-1820    [008] d....    12.670395: <stack trace>
 => sdw_prepare_stream
 => x1e80100_snd_prepare
 => snd_soc_link_prepare
 => __soc_pcm_prepare
 => dpcm_be_dai_prepare
 => dpcm_fe_dai_prepare
 => snd_pcm_do_prepare
 => snd_pcm_action_single
 => snd_pcm_action_nonatomic
 => snd_pcm_prepare
 => snd_pcm_common_ioctl
 => snd_pcm_ioctl
 => __arm64_sys_ioctl
 => invoke_syscall.constprop.0
 => el0_svc_common.constprop.0
 => do_el0_svc
 => el0_svc
 => el0t_64_sync_handler
 => el0t_64_sync
     wireplumber-1820    [008] d....    12.677295: sp11_sdw_enable: (sdw_enable_stream+0x0/0x1e8 [soundwire_bus]) stream=18446462633264235264
     wireplumber-1820    [008] d....    12.677297: <stack trace>
 => sdw_enable_stream
 => x1e80100_snd_prepare
 => snd_soc_link_prepare
 => __soc_pcm_prepare
 => dpcm_be_dai_prepare
 => dpcm_fe_dai_prepare
 => snd_pcm_do_prepare
 => snd_pcm_action_single
 => snd_pcm_action_nonatomic
 => snd_pcm_prepare
 => snd_pcm_common_ioctl
 => snd_pcm_ioctl
 => __arm64_sys_ioctl
 => invoke_syscall.constprop.0
 => el0_svc_common.constprop.0
 => do_el0_svc
 => el0_svc
 => el0t_64_sync_handler
 => el0t_64_sync
     wireplumber-1820    [008] d....    12.681478: sp11_sdw_prepare: (sdw_prepare_stream+0x0/0x340 [soundwire_bus]) stream=18446462633264238272
     wireplumber-1820    [008] d....    12.681478: <stack trace>
 => sdw_prepare_stream
 => x1e80100_snd_prepare
 => snd_soc_link_prepare
 => __soc_pcm_prepare
 => dpcm_be_dai_prepare
 => dpcm_fe_dai_prepare
 => snd_pcm_do_prepare
 => snd_pcm_action_single
 => snd_pcm_action_nonatomic
 => snd_pcm_prepare
 => snd_pcm_common_ioctl
 => snd_pcm_ioctl
 => __arm64_sys_ioctl
 => invoke_syscall.constprop.0
 => el0_svc_common.constprop.0
 => do_el0_svc
 => el0_svc
 => el0t_64_sync_handler
 => el0t_64_sync
     wireplumber-1820    [008] d....    12.686664: sp11_sdw_enable: (sdw_enable_stream+0x0/0x1e8 [soundwire_bus]) stream=18446462633264238272
     wireplumber-1820    [008] d....    12.686665: <stack trace>
 => sdw_enable_stream
 => x1e80100_snd_prepare
 => snd_soc_link_prepare
 => __soc_pcm_prepare
 => dpcm_be_dai_prepare
 => dpcm_fe_dai_prepare
 => snd_pcm_do_prepare
 => snd_pcm_action_single
 => snd_pcm_action_nonatomic
 => snd_pcm_prepare
 => snd_pcm_common_ioctl
 => snd_pcm_ioctl
 => __arm64_sys_ioctl
 => invoke_syscall.constprop.0
 => el0_svc_common.constprop.0
 => do_el0_svc
 => el0_svc
 => el0t_64_sync_handler
 => el0t_64_sync
     wireplumber-1820    [000] d....    12.708397: sp11_wsa_spkr_event: (wsa884x_spkr_event+0x0/0x290 [snd_soc_wsa884x]) widget=18446462633168388608 event=4
     wireplumber-1820    [000] d....    12.708402: <stack trace>
 => wsa884x_spkr_event
 => dapm_seq_run_coalesced
 => dapm_seq_run
 => dapm_power_widgets
 => snd_soc_dapm_stream_event
 => snd_soc_dapm_stream_stop
 => soc_pcm_hw_clean.isra.0
 => dpcm_be_dai_hw_free
 => dpcm_fe_dai_hw_free
 => snd_pcm_common_ioctl
 => snd_pcm_ioctl
 => __arm64_sys_ioctl
 => invoke_syscall.constprop.0
 => el0_svc_common.constprop.0
 => do_el0_svc
 => el0_svc
 => el0t_64_sync_handler
 => el0t_64_sync
     wireplumber-1820    [000] d....    12.708429: sp11_wsa_spkr_event: (wsa884x_spkr_event+0x0/0x290 [snd_soc_wsa884x]) widget=18446462633168395776 event=4
     wireplumber-1820    [000] d....    12.708430: <stack trace>
 => wsa884x_spkr_event
 => dapm_seq_run_coalesced
 => dapm_seq_run
 => dapm_power_widgets
 => snd_soc_dapm_stream_event
 => snd_soc_dapm_stream_stop
 => soc_pcm_hw_clean.isra.0
 => dpcm_be_dai_hw_free
 => dpcm_fe_dai_hw_free
 => snd_pcm_common_ioctl
 => snd_pcm_ioctl
 => __arm64_sys_ioctl
 => invoke_syscall.constprop.0
 => el0_svc_common.constprop.0
 => do_el0_svc
 => el0_svc
 => el0t_64_sync_handler
 => el0t_64_sync
     wireplumber-1820    [000] d....    12.708441: sp11_wsa_cupd: (snd_soc_component_update_bits+0x0/0x110 [snd_soc_core]) component=0xffff00080110ea80 reg=1280 mask=16 val=0
     wireplumber-1820    [000] d....    12.708442: <stack trace>
 => snd_soc_component_update_bits
 => dapm_seq_check_event
 => dapm_seq_run_coalesced
 => dapm_seq_run
 => dapm_power_widgets
 => snd_soc_dapm_stream_event
 => snd_soc_dapm_stream_stop
 => soc_pcm_hw_clean.isra.0
 => dpcm_be_dai_hw_free
 => dpcm_fe_dai_hw_free
 => snd_pcm_common_ioctl
 => snd_pcm_ioctl
 => __arm64_sys_ioctl
 => invoke_syscall.constprop.0
 => el0_svc_common.constprop.0
 => do_el0_svc
 => el0_svc
 => el0t_64_sync_handler
 => el0t_64_sync
     wireplumber-1820    [000] d....    12.708447: sp11_wsa_cupd: (snd_soc_component_update_bits+0x0/0x110 [snd_soc_core]) component=0xffff00080110ea80 reg=1032 mask=1 val=0
     wireplumber-1820    [000] d....    12.708448: <stack trace>
 => snd_soc_component_update_bits
 => dapm_seq_check_event
 => dapm_seq_run_coalesced
 => dapm_seq_run
 => dapm_power_widgets
 => snd_soc_dapm_stream_event
 => snd_soc_dapm_stream_stop
 => soc_pcm_hw_clean.isra.0
 => dpcm_be_dai_hw_free
 => dpcm_fe_dai_hw_free
 => snd_pcm_common_ioctl
 => snd_pcm_ioctl
 => __arm64_sys_ioctl
 => invoke_syscall.constprop.0
 => el0_svc_common.constprop.0
 => do_el0_svc
 => el0_svc
 => el0t_64_sync_handler
 => el0t_64_sync
     wireplumber-1820    [000] d....    12.708451: sp11_wsa_cupd: (snd_soc_component_update_bits+0x0/0x110 [snd_soc_core]) component=0xffff00080110ea80 reg=1344 mask=16 val=0
     wireplumber-1820    [000] d....    12.708451: <stack trace>
 => snd_soc_component_update_bits
 => dapm_seq_check_event
 => dapm_seq_run_coalesced
 => dapm_seq_run
 => dapm_power_widgets
 => snd_soc_dapm_stream_event
 => snd_soc_dapm_stream_stop
 => soc_pcm_hw_clean.isra.0
 => dpcm_be_dai_hw_free
 => dpcm_fe_dai_hw_free
 => snd_pcm_common_ioctl
 => snd_pcm_ioctl
 => __arm64_sys_ioctl
 => invoke_syscall.constprop.0
 => el0_svc_common.constprop.0
 => do_el0_svc
 => el0_svc
 => el0t_64_sync_handler
 => el0t_64_sync
     wireplumber-1820    [000] d....    12.708454: sp11_wsa_cupd: (snd_soc_component_update_bits+0x0/0x110 [snd_soc_core]) component=0xffff00080110ea80 reg=1160 mask=1 val=0
     wireplumber-1820    [000] d....    12.708454: <stack trace>
 => snd_soc_component_update_bits
 => dapm_seq_check_event
 => dapm_seq_run_coalesced
 => dapm_seq_run
 => dapm_power_widgets
 => snd_soc_dapm_stream_event
 => snd_soc_dapm_stream_stop
 => soc_pcm_hw_clean.isra.0
 => dpcm_be_dai_hw_free
 => dpcm_fe_dai_hw_free
 => snd_pcm_common_ioctl
 => snd_pcm_ioctl
 => __arm64_sys_ioctl
 => invoke_syscall.constprop.0
 => el0_svc_common.constprop.0
 => do_el0_svc
 => el0_svc
 => el0t_64_sync_handler
 => el0t_64_sync
     wireplumber-1820    [000] d....    12.708458: sp11_macro_interp: (wsa_macro_enable_interpolator+0x0/0x750 [snd_soc_lpass_wsa_macro]) widget=18446462633168393728 event=8
     wireplumber-1820    [000] d....    12.708459: <stack trace>
 => wsa_macro_enable_interpolator
 => dapm_seq_run_coalesced
 => dapm_seq_run
 => dapm_power_widgets
 => snd_soc_dapm_stream_event
 => snd_soc_dapm_stream_stop
 => soc_pcm_hw_clean.isra.0
 => dpcm_be_dai_hw_free
 => dpcm_fe_dai_hw_free
 => snd_pcm_common_ioctl
 => snd_pcm_ioctl
 => __arm64_sys_ioctl
 => invoke_syscall.constprop.0
 => el0_svc_common.constprop.0
 => do_el0_svc
 => el0_svc
 => el0t_64_sync_handler
 => el0t_64_sync
     wireplumber-1820    [000] d....    12.708460: sp11_wsa_cupd: (snd_soc_component_update_bits+0x0/0x110 [snd_soc_core]) component=0xffff00080110ea80 reg=1408 mask=4 val=4
     wireplumber-1820    [000] d....    12.708461: <stack trace>
 => snd_soc_component_update_bits
 => dapm_seq_check_event
 => dapm_seq_run_coalesced
 => dapm_seq_run
 => dapm_power_widgets
 => snd_soc_dapm_stream_event
 => snd_soc_dapm_stream_stop
 => soc_pcm_hw_clean.isra.0
 => dpcm_be_dai_hw_free
 => dpcm_fe_dai_hw_free
 => snd_pcm_common_ioctl
 => snd_pcm_ioctl
 => __arm64_sys_ioctl
 => invoke_syscall.constprop.0
 => el0_svc_common.constprop.0
 => do_el0_svc
 => el0_svc
 => el0t_64_sync_handler
 => el0t_64_sync
     wireplumber-1820    [000] d....    12.708463: sp11_wsa_cupd: (snd_soc_component_update_bits+0x0/0x110 [snd_soc_core]) component=0xffff00080110ea80 reg=1028 mask=2 val=0
     wireplumber-1820    [000] d....    12.708465: <stack trace>
 => snd_soc_component_update_bits
 => dapm_seq_check_event
 => dapm_seq_run_coalesced
 => dapm_seq_run
 => dapm_power_widgets
 => snd_soc_dapm_stream_event
 => snd_soc_dapm_stream_stop
 => soc_pcm_hw_clean.isra.0
 => dpcm_be_dai_hw_free
 => dpcm_fe_dai_hw_free
 => snd_pcm_common_ioctl
 => snd_pcm_ioctl
 => __arm64_sys_ioctl
 => invoke_syscall.constprop.0
 => el0_svc_common.constprop.0
 => do_el0_svc
 => el0_svc
 => el0t_64_sync_handler
 => el0t_64_sync
     wireplumber-1820    [000] d....    12.708467: sp11_wsa_cupd: (snd_soc_component_update_bits+0x0/0x110 [snd_soc_core]) component=0xffff00080110ea80 reg=1408 mask=2 val=2
     wireplumber-1820    [000] d....    12.708468: <stack trace>
 => snd_soc_component_update_bits
 => dapm_seq_check_event
 => dapm_seq_run_coalesced
 => dapm_seq_run
 => dapm_power_widgets
 => snd_soc_dapm_stream_event
 => snd_soc_dapm_stream_stop
 => soc_pcm_hw_clean.isra.0
 => dpcm_be_dai_hw_free
 => dpcm_fe_dai_hw_free
 => snd_pcm_common_ioctl
 => snd_pcm_ioctl
 => __arm64_sys_ioctl
 => invoke_syscall.constprop.0
 => el0_svc_common.constprop.0
 => do_el0_svc
 => el0_svc
 => el0t_64_sync_handler
 => el0t_64_sync
     wireplumber-1820    [000] d....    12.708471: sp11_wsa_cupd: (snd_soc_component_update_bits+0x0/0x110 [snd_soc_core]) component=0xffff00080110ea80 reg=1408 mask=2 val=0
     wireplumber-1820    [000] d....    12.708471: <stack trace>
 => snd_soc_component_update_bits
 => dapm_seq_check_event
 => dapm_seq_run_coalesced
 => dapm_seq_run
 => dapm_power_widgets
 => snd_soc_dapm_stream_event
 => snd_soc_dapm_stream_stop
 => soc_pcm_hw_clean.isra.0
 => dpcm_be_dai_hw_free
 => dpcm_fe_dai_hw_free
 => snd_pcm_common_ioctl
 => snd_pcm_ioctl
 => __arm64_sys_ioctl
 => invoke_syscall.constprop.0
 => el0_svc_common.constprop.0
 => do_el0_svc
 => el0_svc
 => el0t_64_sync_handler
 => el0t_64_sync
     wireplumber-1820    [000] d....    12.708473: sp11_wsa_cupd: (snd_soc_component_update_bits+0x0/0x110 [snd_soc_core]) component=0xffff00080110ea80 reg=1408 mask=1 val=0
     wireplumber-1820    [000] d....    12.708474: <stack trace>
 => snd_soc_component_update_bits
 => dapm_seq_check_event
 => dapm_seq_run_coalesced
 => dapm_seq_run
 => dapm_power_widgets
 => snd_soc_dapm_stream_event
 => snd_soc_dapm_stream_stop
 => soc_pcm_hw_clean.isra.0
 => dpcm_be_dai_hw_free
 => dpcm_fe_dai_hw_free
 => snd_pcm_common_ioctl
 => snd_pcm_ioctl
 => __arm64_sys_ioctl
 => invoke_syscall.constprop.0
 => el0_svc_common.constprop.0
 => do_el0_svc
 => el0_svc
 => el0t_64_sync_handler
 => el0t_64_sync
     wireplumber-1820    [000] d....    12.708476: sp11_wsa_cupd: (snd_soc_component_update_bits+0x0/0x110 [snd_soc_core]) component=0xffff00080110ea80 reg=1408 mask=4 val=0
     wireplumber-1820    [000] d....    12.708477: <stack trace>
 => snd_soc_component_update_bits
 => dapm_seq_check_event
 => dapm_seq_run_coalesced
 => dapm_seq_run
 => dapm_power_widgets
 => snd_soc_dapm_stream_event
 => snd_soc_dapm_stream_stop
 => soc_pcm_hw_clean.isra.0
 => dpcm_be_dai_hw_free
 => dpcm_fe_dai_hw_free
 => snd_pcm_common_ioctl
 => snd_pcm_ioctl
 => __arm64_sys_ioctl
 => invoke_syscall.constprop.0
 => el0_svc_common.constprop.0
 => do_el0_svc
 => el0_svc
 => el0t_64_sync_handler
 => el0t_64_sync
     wireplumber-1820    [000] d....    12.708479: sp11_wsa_cupd: (snd_soc_component_update_bits+0x0/0x110 [snd_soc_core]) component=0xffff00080110ea80 reg=1100 mask=1 val=0
     wireplumber-1820    [000] d....    12.708480: <stack trace>
 => snd_soc_component_update_bits
 => dapm_seq_check_event
 => dapm_seq_run_coalesced
 => dapm_seq_run
 => dapm_power_widgets
 => snd_soc_dapm_stream_event
 => snd_soc_dapm_stream_stop
 => soc_pcm_hw_clean.isra.0
 => dpcm_be_dai_hw_free
 => dpcm_fe_dai_hw_free
 => snd_pcm_common_ioctl
 => snd_pcm_ioctl
 => __arm64_sys_ioctl
 => invoke_syscall.constprop.0
 => el0_svc_common.constprop.0
 => do_el0_svc
 => el0_svc
 => el0t_64_sync_handler
 => el0t_64_sync
     wireplumber-1820    [000] d....    12.708483: sp11_wsa_cupd: (snd_soc_component_update_bits+0x0/0x110 [snd_soc_core]) component=0xffff00080110ea80 reg=1028 mask=4 val=0
     wireplumber-1820    [000] d....    12.708483: <stack trace>
 => snd_soc_component_update_bits
 => dapm_seq_check_event
 => dapm_seq_run_coalesced
 => dapm_seq_run
 => dapm_power_widgets
 => snd_soc_dapm_stream_event
 => snd_soc_dapm_stream_stop
 => soc_pcm_hw_clean.isra.0
 => dpcm_be_dai_hw_free
 => dpcm_fe_dai_hw_free
 => snd_pcm_common_ioctl
 => snd_pcm_ioctl
 => __arm64_sys_ioctl
 => invoke_syscall.constprop.0
 => el0_svc_common.constprop.0
 => do_el0_svc
 => el0_svc
 => el0t_64_sync_handler
 => el0t_64_sync
     wireplumber-1820    [000] d....    12.708486: sp11_wsa_cupd: (snd_soc_component_update_bits+0x0/0x110 [snd_soc_core]) component=0xffff00080110ea80 reg=1072 mask=3 val=0
     wireplumber-1820    [000] d....    12.708486: <stack trace>
 => snd_soc_component_update_bits
 => dapm_seq_check_event
 => dapm_seq_run_coalesced
 => dapm_seq_run
 => dapm_power_widgets
 => snd_soc_dapm_stream_event
 => snd_soc_dapm_stream_stop
 => soc_pcm_hw_clean.isra.0
 => dpcm_be_dai_hw_free
 => dpcm_fe_dai_hw_free
 => snd_pcm_common_ioctl
 => snd_pcm_ioctl
 => __arm64_sys_ioctl
 => invoke_syscall.constprop.0
 => el0_svc_common.constprop.0
 => do_el0_svc
 => el0_svc
 => el0t_64_sync_handler
 => el0t_64_sync
     wireplumber-1820    [000] d....    12.708489: sp11_wsa_cupd: (snd_soc_component_update_bits+0x0/0x110 [snd_soc_core]) component=0xffff00080110ea80 reg=1072 mask=60 val=0
     wireplumber-1820    [000] d....    12.708490: <stack trace>
 => snd_soc_component_update_bits
 => dapm_seq_check_event
 => dapm_seq_run_coalesced
 => dapm_seq_run
 => dapm_power_widgets
 => snd_soc_dapm_stream_event
 => snd_soc_dapm_stream_stop
 => soc_pcm_hw_clean.isra.0
 => dpcm_be_dai_hw_free
 => dpcm_fe_dai_hw_free
 => snd_pcm_common_ioctl
 => snd_pcm_ioctl
 => __arm64_sys_ioctl
 => invoke_syscall.constprop.0
 => el0_svc_common.constprop.0
 => do_el0_svc
 => el0_svc
 => el0t_64_sync_handler
 => el0t_64_sync
     wireplumber-1820    [000] d....    12.708495: sp11_wsa_cupd: (snd_soc_component_update_bits+0x0/0x110 [snd_soc_core]) component=0xffff00080110ea80 reg=1064 mask=1 val=0
     wireplumber-1820    [000] d....    12.708496: <stack trace>
 => snd_soc_component_update_bits
 => dapm_seq_check_event
 => dapm_seq_run_coalesced
 => dapm_seq_run
 => dapm_power_widgets
 => snd_soc_dapm_stream_event
 => snd_soc_dapm_stream_stop
 => soc_pcm_hw_clean.isra.0
 => dpcm_be_dai_hw_free
 => dpcm_fe_dai_hw_free
 => snd_pcm_common_ioctl
 => snd_pcm_ioctl
 => __arm64_sys_ioctl
 => invoke_syscall.constprop.0
 => el0_svc_common.constprop.0
 => do_el0_svc
 => el0_svc
 => el0t_64_sync_handler
 => el0t_64_sync
     wireplumber-1820    [000] d....    12.708528: sp11_wsa_cupd: (snd_soc_component_update_bits+0x0/0x110 [snd_soc_core]) component=0xffff00080110ea80 reg=1092 mask=1 val=0
     wireplumber-1820    [000] d....    12.708529: <stack trace>
 => snd_soc_component_update_bits
 => dapm_seq_check_event
 => dapm_seq_run_coalesced
 => dapm_seq_run
 => dapm_power_widgets
 => snd_soc_dapm_stream_event
 => snd_soc_dapm_stream_stop
 => soc_pcm_hw_clean.isra.0
 => dpcm_be_dai_hw_free
 => dpcm_fe_dai_hw_free
 => snd_pcm_common_ioctl
 => snd_pcm_ioctl
 => __arm64_sys_ioctl
 => invoke_syscall.constprop.0
 => el0_svc_common.constprop.0
 => do_el0_svc
 => el0_svc
 => el0t_64_sync_handler
 => el0t_64_sync
     wireplumber-1820    [000] d....    12.708530: sp11_wsa_cupd: (snd_soc_component_update_bits+0x0/0x110 [snd_soc_core]) component=0xffff00080110ea80 reg=1192 mask=1 val=0
     wireplumber-1820    [000] d....    12.708531: <stack trace>
 => snd_soc_component_update_bits
 => dapm_seq_check_event
 => dapm_seq_run_coalesced
 => dapm_seq_run
 => dapm_power_widgets
 => snd_soc_dapm_stream_event
 => snd_soc_dapm_stream_stop
 => soc_pcm_hw_clean.isra.0
 => dpcm_be_dai_hw_free
 => dpcm_fe_dai_hw_free
 => snd_pcm_common_ioctl
 => snd_pcm_ioctl
 => __arm64_sys_ioctl
 => invoke_syscall.constprop.0
 => el0_svc_common.constprop.0
 => do_el0_svc
 => el0_svc
 => el0t_64_sync_handler
 => el0t_64_sync
     wireplumber-1820    [000] d....    12.708531: sp11_wsa_cupd: (snd_soc_component_update_bits+0x0/0x110 [snd_soc_core]) component=0xffff00080110ea80 reg=1220 mask=1 val=0
     wireplumber-1820    [000] d....    12.708532: <stack trace>
 => snd_soc_component_update_bits
 => dapm_seq_check_event
 => dapm_seq_run_coalesced
 => dapm_seq_run
 => dapm_power_widgets
 => snd_soc_dapm_stream_event
 => snd_soc_dapm_stream_stop
 => soc_pcm_hw_clean.isra.0
 => dpcm_be_dai_hw_free
 => dpcm_fe_dai_hw_free
 => snd_pcm_common_ioctl
 => snd_pcm_ioctl
 => __arm64_sys_ioctl
 => invoke_syscall.constprop.0
 => el0_svc_common.constprop.0
 => do_el0_svc
 => el0_svc
 => el0t_64_sync_handler
 => el0t_64_sync
     wireplumber-1820    [000] d....    12.708533: sp11_macro_interp: (wsa_macro_enable_interpolator+0x0/0x750 [snd_soc_lpass_wsa_macro]) widget=18446462633168398336 event=8
     wireplumber-1820    [000] d....    12.708534: <stack trace>
 => wsa_macro_enable_interpolator
 => dapm_seq_run_coalesced
 => dapm_seq_run
 => dapm_power_widgets
 => snd_soc_dapm_stream_event
 => snd_soc_dapm_stream_stop
 => soc_pcm_hw_clean.isra.0
 => dpcm_be_dai_hw_free
 => dpcm_fe_dai_hw_free
 => snd_pcm_common_ioctl
 => snd_pcm_ioctl
 => __arm64_sys_ioctl
 => invoke_syscall.constprop.0
 => el0_svc_common.constprop.0
 => do_el0_svc
 => el0_svc
 => el0t_64_sync_handler
 => el0t_64_sync
     wireplumber-1820    [000] d....    12.708535: sp11_wsa_cupd: (snd_soc_component_update_bits+0x0/0x110 [snd_soc_core]) component=0xffff00080110ea80 reg=1504 mask=4 val=4
     wireplumber-1820    [000] d....    12.708535: <stack trace>
 => snd_soc_component_update_bits
 => dapm_seq_check_event
 => dapm_seq_run_coalesced
 => dapm_seq_run
 => dapm_power_widgets
 => snd_soc_dapm_stream_event
 => snd_soc_dapm_stream_stop
 => soc_pcm_hw_clean.isra.0
 => dpcm_be_dai_hw_free
 => dpcm_fe_dai_hw_free
 => snd_pcm_common_ioctl
 => snd_pcm_ioctl
 => __arm64_sys_ioctl
 => invoke_syscall.constprop.0
 => el0_svc_common.constprop.0
 => do_el0_svc
 => el0_svc
 => el0t_64_sync_handler
 => el0t_64_sync
     wireplumber-1820    [000] d....    12.708538: sp11_wsa_cupd: (snd_soc_component_update_bits+0x0/0x110 [snd_soc_core]) component=0xffff00080110ea80 reg=1156 mask=2 val=0
     wireplumber-1820    [000] d....    12.708539: <stack trace>
 => snd_soc_component_update_bits
 => dapm_seq_check_event
 => dapm_seq_run_coalesced
 => dapm_seq_run
 => dapm_power_widgets
 => snd_soc_dapm_stream_event
 => snd_soc_dapm_stream_stop
 => soc_pcm_hw_clean.isra.0
 => dpcm_be_dai_hw_free
 => dpcm_fe_dai_hw_free
 => snd_pcm_common_ioctl
 => snd_pcm_ioctl
 => __arm64_sys_ioctl
 => invoke_syscall.constprop.0
 => el0_svc_common.constprop.0
 => do_el0_svc
 => el0_svc
 => el0t_64_sync_handler
 => el0t_64_sync
     wireplumber-1820    [000] d....    12.708541: sp11_wsa_cupd: (snd_soc_component_update_bits+0x0/0x110 [snd_soc_core]) component=0xffff00080110ea80 reg=1504 mask=2 val=2
     wireplumber-1820    [000] d....    12.708541: <stack trace>
 => snd_soc_component_update_bits
 => dapm_seq_check_event
 => dapm_seq_run_coalesced
 => dapm_seq_run
 => dapm_power_widgets
 => snd_soc_dapm_stream_event
 => snd_soc_dapm_stream_stop
 => soc_pcm_hw_clean.isra.0
 => dpcm_be_dai_hw_free
 => dpcm_fe_dai_hw_free
 => snd_pcm_common_ioctl
 => snd_pcm_ioctl
 => __arm64_sys_ioctl
 => invoke_syscall.constprop.0
 => el0_svc_common.constprop.0
 => do_el0_svc
 => el0_svc
 => el0t_64_sync_handler
 => el0t_64_sync
     wireplumber-1820    [000] d....    12.708544: sp11_wsa_cupd: (snd_soc_component_update_bits+0x0/0x110 [snd_soc_core]) component=0xffff00080110ea80 reg=1504 mask=2 val=0
     wireplumber-1820    [000] d....    12.708544: <stack trace>
 => snd_soc_component_update_bits
 => dapm_seq_check_event
 => dapm_seq_run_coalesced
 => dapm_seq_run
 => dapm_power_widgets
 => snd_soc_dapm_stream_event
 => snd_soc_dapm_stream_stop
 => soc_pcm_hw_clean.isra.0
 => dpcm_be_dai_hw_free
 => dpcm_fe_dai_hw_free
 => snd_pcm_common_ioctl
 => snd_pcm_ioctl
 => __arm64_sys_ioctl
 => invoke_syscall.constprop.0
 => el0_svc_common.constprop.0
 => do_el0_svc
 => el0_svc
 => el0t_64_sync_handler
 => el0t_64_sync
     wireplumber-1820    [000] d....    12.708547: sp11_wsa_cupd: (snd_soc_component_update_bits+0x0/0x110 [snd_soc_core]) component=0xffff00080110ea80 reg=1504 mask=1 val=0
     wireplumber-1820    [000] d....    12.708547: <stack trace>
 => snd_soc_component_update_bits
 => dapm_seq_check_event
 => dapm_seq_run_coalesced
 => dapm_seq_run
 => dapm_power_widgets
 => snd_soc_dapm_stream_event
 => snd_soc_dapm_stream_stop
 => soc_pcm_hw_clean.isra.0
 => dpcm_be_dai_hw_free
 => dpcm_fe_dai_hw_free
 => snd_pcm_common_ioctl
 => snd_pcm_ioctl
 => __arm64_sys_ioctl
 => invoke_syscall.constprop.0
 => el0_svc_common.constprop.0
 => do_el0_svc
 => el0_svc
 => el0t_64_sync_handler
 => el0t_64_sync
     wireplumber-1820    [000] d....    12.708551: sp11_wsa_cupd: (snd_soc_component_update_bits+0x0/0x110 [snd_soc_core]) component=0xffff00080110ea80 reg=1504 mask=4 val=0
     wireplumber-1820    [000] d....    12.708551: <stack trace>
 => snd_soc_component_update_bits
 => dapm_seq_check_event
 => dapm_seq_run_coalesced
 => dapm_seq_run
 => dapm_power_widgets
 => snd_soc_dapm_stream_event
 => snd_soc_dapm_stream_stop
 => soc_pcm_hw_clean.isra.0
 => dpcm_be_dai_hw_free
 => dpcm_fe_dai_hw_free
 => snd_pcm_common_ioctl
 => snd_pcm_ioctl
 => __arm64_sys_ioctl
 => invoke_syscall.constprop.0
 => el0_svc_common.constprop.0
 => do_el0_svc
 => el0_svc
 => el0t_64_sync_handler
 => el0t_64_sync
     wireplumber-1820    [000] d....    12.708553: sp11_wsa_cupd: (snd_soc_component_update_bits+0x0/0x110 [snd_soc_core]) component=0xffff00080110ea80 reg=1228 mask=1 val=0
     wireplumber-1820    [000] d....    12.708554: <stack trace>
 => snd_soc_component_update_bits
 => dapm_seq_check_event
 => dapm_seq_run_coalesced
 => dapm_seq_run
 => dapm_power_widgets
 => snd_soc_dapm_stream_event
 => snd_soc_dapm_stream_stop
 => soc_pcm_hw_clean.isra.0
 => dpcm_be_dai_hw_free
 => dpcm_fe_dai_hw_free
 => snd_pcm_common_ioctl
 => snd_pcm_ioctl
 => __arm64_sys_ioctl
 => invoke_syscall.constprop.0
 => el0_svc_common.constprop.0
 => do_el0_svc
 => el0_svc
 => el0t_64_sync_handler
 => el0t_64_sync
     wireplumber-1820    [000] d....    12.708556: sp11_wsa_cupd: (snd_soc_component_update_bits+0x0/0x110 [snd_soc_core]) component=0xffff00080110ea80 reg=1156 mask=4 val=0
     wireplumber-1820    [000] d....    12.708556: <stack trace>
 => snd_soc_component_update_bits
 => dapm_seq_check_event
 => dapm_seq_run_coalesced
 => dapm_seq_run
 => dapm_power_widgets
 => snd_soc_dapm_stream_event
 => snd_soc_dapm_stream_stop
 => soc_pcm_hw_clean.isra.0
 => dpcm_be_dai_hw_free
 => dpcm_fe_dai_hw_free
 => snd_pcm_common_ioctl
 => snd_pcm_ioctl
 => __arm64_sys_ioctl
 => invoke_syscall.constprop.0
 => el0_svc_common.constprop.0
 => do_el0_svc
 => el0_svc
 => el0t_64_sync_handler
 => el0t_64_sync
     wireplumber-1820    [000] d....    12.708558: sp11_wsa_cupd: (snd_soc_component_update_bits+0x0/0x110 [snd_soc_core]) component=0xffff00080110ea80 reg=1200 mask=3 val=0
     wireplumber-1820    [000] d....    12.708559: <stack trace>
 => snd_soc_component_update_bits
 => dapm_seq_check_event
 => dapm_seq_run_coalesced
 => dapm_seq_run
 => dapm_power_widgets
 => snd_soc_dapm_stream_event
 => snd_soc_dapm_stream_stop
 => soc_pcm_hw_clean.isra.0
 => dpcm_be_dai_hw_free
 => dpcm_fe_dai_hw_free
 => snd_pcm_common_ioctl
 => snd_pcm_ioctl
 => __arm64_sys_ioctl
 => invoke_syscall.constprop.0
 => el0_svc_common.constprop.0
 => do_el0_svc
 => el0_svc
 => el0t_64_sync_handler
 => el0t_64_sync
     wireplumber-1820    [000] d....    12.708561: sp11_wsa_cupd: (snd_soc_component_update_bits+0x0/0x110 [snd_soc_core]) component=0xffff00080110ea80 reg=1200 mask=60 val=0
     wireplumber-1820    [000] d....    12.708561: <stack trace>
 => snd_soc_component_update_bits
 => dapm_seq_check_event
 => dapm_seq_run_coalesced
 => dapm_seq_run
 => dapm_power_widgets
 => snd_soc_dapm_stream_event
 => snd_soc_dapm_stream_stop
 => soc_pcm_hw_clean.isra.0
 => dpcm_be_dai_hw_free
 => dpcm_fe_dai_hw_free
 => snd_pcm_common_ioctl
 => snd_pcm_ioctl
 => __arm64_sys_ioctl
 => invoke_syscall.constprop.0
 => el0_svc_common.constprop.0
 => do_el0_svc
 => el0_svc
 => el0t_64_sync_handler
 => el0t_64_sync
     wireplumber-1820    [000] d....    12.708565: sp11_wsa_cupd: (snd_soc_component_update_bits+0x0/0x110 [snd_soc_core]) component=0xffff00080110ea80 reg=1064 mask=1 val=0
     wireplumber-1820    [000] d....    12.708565: <stack trace>
 => snd_soc_component_update_bits
 => dapm_seq_check_event
 => dapm_seq_run_coalesced
 => dapm_seq_run
 => dapm_power_widgets
 => snd_soc_dapm_stream_event
 => snd_soc_dapm_stream_stop
 => soc_pcm_hw_clean.isra.0
 => dpcm_be_dai_hw_free
 => dpcm_fe_dai_hw_free
 => snd_pcm_common_ioctl
 => snd_pcm_ioctl
 => __arm64_sys_ioctl
 => invoke_syscall.constprop.0
 => el0_svc_common.constprop.0
 => do_el0_svc
 => el0_svc
 => el0t_64_sync_handler
 => el0t_64_sync
     wireplumber-1820    [000] d....    12.708566: sp11_wsa_cupd: (snd_soc_component_update_bits+0x0/0x110 [snd_soc_core]) component=0xffff00080110ea80 reg=1092 mask=1 val=0
     wireplumber-1820    [000] d....    12.708566: <stack trace>
 => snd_soc_component_update_bits
 => dapm_seq_check_event
 => dapm_seq_run_coalesced
 => dapm_seq_run
 => dapm_power_widgets
 => snd_soc_dapm_stream_event
 => snd_soc_dapm_stream_stop
 => soc_pcm_hw_clean.isra.0
 => dpcm_be_dai_hw_free
 => dpcm_fe_dai_hw_free
 => snd_pcm_common_ioctl
 => snd_pcm_ioctl
 => __arm64_sys_ioctl
 => invoke_syscall.constprop.0
 => el0_svc_common.constprop.0
 => do_el0_svc
 => el0_svc
 => el0t_64_sync_handler
 => el0t_64_sync
     wireplumber-1820    [000] d....    12.708566: sp11_wsa_cupd: (snd_soc_component_update_bits+0x0/0x110 [snd_soc_core]) component=0xffff00080110ea80 reg=1192 mask=1 val=0
     wireplumber-1820    [000] d....    12.708567: <stack trace>
 => snd_soc_component_update_bits
 => dapm_seq_check_event
 => dapm_seq_run_coalesced
 => dapm_seq_run
 => dapm_power_widgets
 => snd_soc_dapm_stream_event
 => snd_soc_dapm_stream_stop
 => soc_pcm_hw_clean.isra.0
 => dpcm_be_dai_hw_free
 => dpcm_fe_dai_hw_free
 => snd_pcm_common_ioctl
 => snd_pcm_ioctl
 => __arm64_sys_ioctl
 => invoke_syscall.constprop.0
 => el0_svc_common.constprop.0
 => do_el0_svc
 => el0_svc
 => el0t_64_sync_handler
 => el0t_64_sync
     wireplumber-1820    [000] d....    12.708567: sp11_wsa_cupd: (snd_soc_component_update_bits+0x0/0x110 [snd_soc_core]) component=0xffff00080110ea80 reg=1220 mask=1 val=0
     wireplumber-1820    [000] d....    12.708568: <stack trace>
 => snd_soc_component_update_bits
 => dapm_seq_check_event
 => dapm_seq_run_coalesced
 => dapm_seq_run
 => dapm_power_widgets
 => snd_soc_dapm_stream_event
 => snd_soc_dapm_stream_stop
 => soc_pcm_hw_clean.isra.0
 => dpcm_be_dai_hw_free
 => dpcm_fe_dai_hw_free
 => snd_pcm_common_ioctl
 => snd_pcm_ioctl
 => __arm64_sys_ioctl
 => invoke_syscall.constprop.0
 => el0_svc_common.constprop.0
 => do_el0_svc
 => el0_svc
 => el0t_64_sync_handler
 => el0t_64_sync
     wireplumber-1820    [000] d....    12.708570: sp11_wsa_cupd: (snd_soc_component_update_bits+0x0/0x110 [snd_soc_core]) component=0xffff00080110ea80 reg=1024 mask=32 val=0
     wireplumber-1820    [000] d....    12.708571: <stack trace>
 => snd_soc_component_update_bits
 => dapm_seq_run
 => dapm_power_widgets
 => snd_soc_dapm_stream_event
 => snd_soc_dapm_stream_stop
 => soc_pcm_hw_clean.isra.0
 => dpcm_be_dai_hw_free
 => dpcm_fe_dai_hw_free
 => snd_pcm_common_ioctl
 => snd_pcm_ioctl
 => __arm64_sys_ioctl
 => invoke_syscall.constprop.0
 => el0_svc_common.constprop.0
 => do_el0_svc
 => el0_svc
 => el0t_64_sync_handler
 => el0t_64_sync
     wireplumber-1820    [000] d....    12.708574: sp11_wsa_cupd: (snd_soc_component_update_bits+0x0/0x110 [snd_soc_core]) component=0xffff00080110ea80 reg=1152 mask=32 val=0
     wireplumber-1820    [000] d....    12.708575: <stack trace>
 => snd_soc_component_update_bits
 => dapm_seq_run
 => dapm_power_widgets
 => snd_soc_dapm_stream_event
 => snd_soc_dapm_stream_stop
 => soc_pcm_hw_clean.isra.0
 => dpcm_be_dai_hw_free
 => dpcm_fe_dai_hw_free
 => snd_pcm_common_ioctl
 => snd_pcm_ioctl
 => __arm64_sys_ioctl
 => invoke_syscall.constprop.0
 => el0_svc_common.constprop.0
 => do_el0_svc
 => el0_svc
 => el0t_64_sync_handler
 => el0t_64_sync
     wireplumber-1820    [000] d....    12.708658: sp11_sdw_disable: (sdw_disable_stream+0x0/0x258 [soundwire_bus]) stream=18446462633264237376
     wireplumber-1820    [000] d....    12.708659: <stack trace>
 => sdw_disable_stream
 => x1e80100_snd_hw_free
 => snd_soc_link_hw_free
 => soc_pcm_hw_clean.isra.0
 => dpcm_be_dai_hw_free
 => dpcm_fe_dai_hw_free
 => snd_pcm_common_ioctl
 => snd_pcm_ioctl
 => __arm64_sys_ioctl
 => invoke_syscall.constprop.0
 => el0_svc_common.constprop.0
 => do_el0_svc
 => el0_svc
 => el0t_64_sync_handler
 => el0t_64_sync
     wireplumber-1820    [003] d....    12.713523: sp11_sdw_deprepare: (sdw_deprepare_stream+0x0/0x338 [soundwire_bus]) stream=18446462633264237376
     wireplumber-1820    [003] d....    12.713525: <stack trace>
 => sdw_deprepare_stream
 => x1e80100_snd_hw_free
 => snd_soc_link_hw_free
 => soc_pcm_hw_clean.isra.0
 => dpcm_be_dai_hw_free
 => dpcm_fe_dai_hw_free
 => snd_pcm_common_ioctl
 => snd_pcm_ioctl
 => __arm64_sys_ioctl
 => invoke_syscall.constprop.0
 => el0_svc_common.constprop.0
 => do_el0_svc
 => el0_svc
 => el0t_64_sync_handler
 => el0t_64_sync
     wireplumber-1820    [003] d....    12.718056: sp11_sdw_disable: (sdw_disable_stream+0x0/0x258 [soundwire_bus]) stream=18446462633264235264
     wireplumber-1820    [003] d....    12.718057: <stack trace>
 => sdw_disable_stream
 => x1e80100_snd_hw_free
 => snd_soc_link_hw_free
 => soc_pcm_hw_clean.isra.0
 => dpcm_be_dai_hw_free
 => dpcm_fe_dai_hw_free
 => snd_pcm_common_ioctl
 => snd_pcm_ioctl
 => __arm64_sys_ioctl
 => invoke_syscall.constprop.0
 => el0_svc_common.constprop.0
 => do_el0_svc
 => el0_svc
 => el0t_64_sync_handler
 => el0t_64_sync
     wireplumber-1820    [002] d....    12.720268: sp11_sdw_deprepare: (sdw_deprepare_stream+0x0/0x338 [soundwire_bus]) stream=18446462633264235264
     wireplumber-1820    [002] d....    12.720269: <stack trace>
 => sdw_deprepare_stream
 => x1e80100_snd_hw_free
 => snd_soc_link_hw_free
 => soc_pcm_hw_clean.isra.0
 => dpcm_be_dai_hw_free
 => dpcm_fe_dai_hw_free
 => snd_pcm_common_ioctl
 => snd_pcm_ioctl
 => __arm64_sys_ioctl
 => invoke_syscall.constprop.0
 => el0_svc_common.constprop.0
 => do_el0_svc
 => el0_svc
 => el0t_64_sync_handler
 => el0t_64_sync
     wireplumber-1820    [002] d....    12.722420: sp11_sdw_disable: (sdw_disable_stream+0x0/0x258 [soundwire_bus]) stream=18446462633264238272
     wireplumber-1820    [002] d....    12.722420: <stack trace>
 => sdw_disable_stream
 => x1e80100_snd_hw_free
 => snd_soc_link_hw_free
 => soc_pcm_hw_clean.isra.0
 => dpcm_be_dai_hw_free
 => dpcm_fe_dai_hw_free
 => snd_pcm_common_ioctl
 => snd_pcm_ioctl
 => __arm64_sys_ioctl
 => invoke_syscall.constprop.0
 => el0_svc_common.constprop.0
 => do_el0_svc
 => el0_svc
 => el0t_64_sync_handler
 => el0t_64_sync
     wireplumber-1820    [002] d....    12.723781: sp11_sdw_deprepare: (sdw_deprepare_stream+0x0/0x338 [soundwire_bus]) stream=18446462633264238272
     wireplumber-1820    [002] d....    12.723781: <stack trace>
 => sdw_deprepare_stream
 => x1e80100_snd_hw_free
 => snd_soc_link_hw_free
 => soc_pcm_hw_clean.isra.0
 => dpcm_be_dai_hw_free
 => dpcm_fe_dai_hw_free
 => snd_pcm_common_ioctl
 => snd_pcm_ioctl
 => __arm64_sys_ioctl
 => invoke_syscall.constprop.0
 => el0_svc_common.constprop.0
 => do_el0_svc
 => el0_svc
 => el0t_64_sync_handler
 => el0t_64_sync
        pipewire-1794    [003] d....    13.059268: sp11_wsa_hw_params: (wsa884x_hw_params+0x0/0x4c8 [snd_soc_wsa884x]) substream=18446462633495558656 params=18446603338398905432 dai=18446462633267546240
        pipewire-1794    [003] d....    13.059271: <stack trace>
 => wsa884x_hw_params
 => __soc_pcm_hw_params
 => dpcm_be_dai_hw_params
 => dpcm_fe_dai_hw_params
 => snd_pcm_hw_params
 => snd_pcm_common_ioctl
 => snd_pcm_ioctl
 => __arm64_sys_ioctl
 => invoke_syscall.constprop.0
 => el0_svc_common.constprop.0
 => do_el0_svc
 => el0_svc
 => el0t_64_sync_handler
 => el0t_64_sync
        pipewire-1794    [003] d....    13.059285: sp11_wsa_hw_params: (wsa884x_hw_params+0x0/0x4c8 [snd_soc_wsa884x]) substream=18446462633495558656 params=18446603338398905432 dai=18446462633314769024
        pipewire-1794    [003] d....    13.059286: <stack trace>
 => wsa884x_hw_params
 => __soc_pcm_hw_params
 => dpcm_be_dai_hw_params
 => dpcm_fe_dai_hw_params
 => snd_pcm_hw_params
 => snd_pcm_common_ioctl
 => snd_pcm_ioctl
 => __arm64_sys_ioctl
 => invoke_syscall.constprop.0
 => el0_svc_common.constprop.0
 => do_el0_svc
 => el0_svc
 => el0t_64_sync_handler
 => el0t_64_sync
        pipewire-1794    [003] d....    13.059295: sp11_swr_hw_params: (qcom_swrm_hw_params+0x0/0x3b0 [soundwire_qcom]) substream=18446462633495558656 params=18446603338398905432 dai=18446462633554300544
        pipewire-1794    [003] d....    13.059296: <stack trace>
 => qcom_swrm_hw_params
 => __soc_pcm_hw_params
 => dpcm_be_dai_hw_params
 => dpcm_fe_dai_hw_params
 => snd_pcm_hw_params
 => snd_pcm_common_ioctl
 => snd_pcm_ioctl
 => __arm64_sys_ioctl
 => invoke_syscall.constprop.0
 => el0_svc_common.constprop.0
 => do_el0_svc
 => el0_svc
 => el0t_64_sync_handler
 => el0t_64_sync
        pipewire-1794    [003] d....    13.059306: sp11_wsa_cupd: (snd_soc_component_update_bits+0x0/0x110 [snd_soc_core]) component=0xffff00080110ea80 reg=1024 mask=15 val=4
        pipewire-1794    [003] d....    13.059307: <stack trace>
 => snd_soc_component_update_bits
 => snd_soc_dai_hw_params
 => __soc_pcm_hw_params
 => dpcm_be_dai_hw_params
 => dpcm_fe_dai_hw_params
 => snd_pcm_hw_params
 => snd_pcm_common_ioctl
 => snd_pcm_ioctl
 => __arm64_sys_ioctl
 => invoke_syscall.constprop.0
 => el0_svc_common.constprop.0
 => do_el0_svc
 => el0_svc
 => el0t_64_sync_handler
 => el0t_64_sync
        pipewire-1794    [003] d....    13.059308: sp11_wsa_cupd: (snd_soc_component_update_bits+0x0/0x110 [snd_soc_core]) component=0xffff00080110ea80 reg=1152 mask=15 val=4
        pipewire-1794    [003] d....    13.059308: <stack trace>
 => snd_soc_component_update_bits
 => snd_soc_dai_hw_params
 => __soc_pcm_hw_params
 => dpcm_be_dai_hw_params
 => dpcm_fe_dai_hw_params
 => snd_pcm_hw_params
 => snd_pcm_common_ioctl
 => snd_pcm_ioctl
 => __arm64_sys_ioctl
 => invoke_syscall.constprop.0
 => el0_svc_common.constprop.0
 => do_el0_svc
 => el0_svc
 => el0t_64_sync_handler
 => el0t_64_sync
        pipewire-1794    [003] d....    13.059311: sp11_wsa_hw_params: (wsa884x_hw_params+0x0/0x4c8 [snd_soc_wsa884x]) substream=18446462633495546880 params=18446603338398905432 dai=18446462633267558016
        pipewire-1794    [003] d....    13.059311: <stack trace>
 => wsa884x_hw_params
 => __soc_pcm_hw_params
 => dpcm_be_dai_hw_params
 => dpcm_fe_dai_hw_params
 => snd_pcm_hw_params
 => snd_pcm_common_ioctl
 => snd_pcm_ioctl
 => __arm64_sys_ioctl
 => invoke_syscall.constprop.0
 => el0_svc_common.constprop.0
 => do_el0_svc
 => el0_svc
 => el0t_64_sync_handler
 => el0t_64_sync
        pipewire-1794    [003] d....    13.059316: sp11_wsa_hw_params: (wsa884x_hw_params+0x0/0x4c8 [snd_soc_wsa884x]) substream=18446462633495546880 params=18446603338398905432 dai=18446462633719054976
        pipewire-1794    [003] d....    13.059317: <stack trace>
 => wsa884x_hw_params
 => __soc_pcm_hw_params
 => dpcm_be_dai_hw_params
 => dpcm_fe_dai_hw_params
 => snd_pcm_hw_params
 => snd_pcm_common_ioctl
 => snd_pcm_ioctl
 => __arm64_sys_ioctl
 => invoke_syscall.constprop.0
 => el0_svc_common.constprop.0
 => do_el0_svc
 => el0_svc
 => el0t_64_sync_handler
 => el0t_64_sync
        pipewire-1794    [003] d....    13.059321: sp11_swr_hw_params: (qcom_swrm_hw_params+0x0/0x3b0 [soundwire_qcom]) substream=18446462633495546880 params=18446603338398905432 dai=18446462633267556992
        pipewire-1794    [003] d....    13.059321: <stack trace>
 => qcom_swrm_hw_params
 => __soc_pcm_hw_params
 => dpcm_be_dai_hw_params
 => dpcm_fe_dai_hw_params
 => snd_pcm_hw_params
 => snd_pcm_common_ioctl
 => snd_pcm_ioctl
 => __arm64_sys_ioctl
 => invoke_syscall.constprop.0
 => el0_svc_common.constprop.0
 => do_el0_svc
 => el0_svc
 => el0t_64_sync_handler
 => el0t_64_sync
        pipewire-1794    [003] d....    13.059324: sp11_wsa_hw_params: (wsa884x_hw_params+0x0/0x4c8 [snd_soc_wsa884x]) substream=18446462633495553536 params=18446603338398905432 dai=18446462633267547264
        pipewire-1794    [003] d....    13.059324: <stack trace>
 => wsa884x_hw_params
 => __soc_pcm_hw_params
 => dpcm_be_dai_hw_params
 => dpcm_fe_dai_hw_params
 => snd_pcm_hw_params
 => snd_pcm_common_ioctl
 => snd_pcm_ioctl
 => __arm64_sys_ioctl
 => invoke_syscall.constprop.0
 => el0_svc_common.constprop.0
 => do_el0_svc
 => el0_svc
 => el0t_64_sync_handler
 => el0t_64_sync
        pipewire-1794    [003] d....    13.059329: sp11_wsa_hw_params: (wsa884x_hw_params+0x0/0x4c8 [snd_soc_wsa884x]) substream=18446462633495553536 params=18446603338398905432 dai=18446462633594761856
        pipewire-1794    [003] d....    13.059329: <stack trace>
 => wsa884x_hw_params
 => __soc_pcm_hw_params
 => dpcm_be_dai_hw_params
 => dpcm_fe_dai_hw_params
 => snd_pcm_hw_params
 => snd_pcm_common_ioctl
 => snd_pcm_ioctl
 => __arm64_sys_ioctl
 => invoke_syscall.constprop.0
 => el0_svc_common.constprop.0
 => do_el0_svc
 => el0_svc
 => el0t_64_sync_handler
 => el0t_64_sync
        pipewire-1794    [003] d....    13.059334: sp11_swr_hw_params: (qcom_swrm_hw_params+0x0/0x3b0 [soundwire_qcom]) substream=18446462633495553536 params=18446603338398905432 dai=18446462633267553408
        pipewire-1794    [003] d....    13.059334: <stack trace>
 => qcom_swrm_hw_params
 => __soc_pcm_hw_params
 => dpcm_be_dai_hw_params
 => dpcm_fe_dai_hw_params
 => snd_pcm_hw_params
 => snd_pcm_common_ioctl
 => snd_pcm_ioctl
 => __arm64_sys_ioctl
 => invoke_syscall.constprop.0
 => el0_svc_common.constprop.0
 => do_el0_svc
 => el0_svc
 => el0t_64_sync_handler
 => el0t_64_sync
        pipewire-1794    [003] d....    13.059361: sp11_sdw_prepare: (sdw_prepare_stream+0x0/0x340 [soundwire_bus]) stream=18446462633494726080
        pipewire-1794    [003] d....    13.059361: <stack trace>
 => sdw_prepare_stream
 => x1e80100_snd_prepare
 => snd_soc_link_prepare
 => __soc_pcm_prepare
 => dpcm_be_dai_prepare
 => dpcm_fe_dai_prepare
 => snd_pcm_do_prepare
 => snd_pcm_action_single
 => snd_pcm_action_nonatomic
 => snd_pcm_prepare
 => snd_pcm_common_ioctl
 => snd_pcm_ioctl
 => __arm64_sys_ioctl
 => invoke_syscall.constprop.0
 => el0_svc_common.constprop.0
 => do_el0_svc
 => el0_svc
 => el0t_64_sync_handler
 => el0t_64_sync
        pipewire-1794    [000] d....    13.064595: sp11_sdw_enable: (sdw_enable_stream+0x0/0x1e8 [soundwire_bus]) stream=18446462633494726080
        pipewire-1794    [000] d....    13.064597: <stack trace>
 => sdw_enable_stream
 => x1e80100_snd_prepare
 => snd_soc_link_prepare
 => __soc_pcm_prepare
 => dpcm_be_dai_prepare
 => dpcm_fe_dai_prepare
 => snd_pcm_do_prepare
 => snd_pcm_action_single
 => snd_pcm_action_nonatomic
 => snd_pcm_prepare
 => snd_pcm_common_ioctl
 => snd_pcm_ioctl
 => __arm64_sys_ioctl
 => invoke_syscall.constprop.0
 => el0_svc_common.constprop.0
 => do_el0_svc
 => el0_svc
 => el0t_64_sync_handler
 => el0t_64_sync
        pipewire-1794    [001] d....    13.067648: sp11_wsa_cupd: (snd_soc_component_update_bits+0x0/0x110 [snd_soc_core]) component=0xffff00080110ea80 reg=1024 mask=32 val=32
        pipewire-1794    [001] d....    13.067649: <stack trace>
 => snd_soc_component_update_bits
 => dapm_seq_run
 => dapm_power_widgets
 => snd_soc_dapm_stream_event
 => __soc_pcm_prepare
 => dpcm_be_dai_prepare
 => dpcm_fe_dai_prepare
 => snd_pcm_do_prepare
 => snd_pcm_action_single
 => snd_pcm_action_nonatomic
 => snd_pcm_prepare
 => snd_pcm_common_ioctl
 => snd_pcm_ioctl
 => __arm64_sys_ioctl
 => invoke_syscall.constprop.0
 => el0_svc_common.constprop.0
 => do_el0_svc
 => el0_svc
 => el0t_64_sync_handler
 => el0t_64_sync
        pipewire-1794    [001] d....    13.067653: sp11_wsa_cupd: (snd_soc_component_update_bits+0x0/0x110 [snd_soc_core]) component=0xffff00080110ea80 reg=1152 mask=32 val=32
        pipewire-1794    [001] d....    13.067654: <stack trace>
 => snd_soc_component_update_bits
 => dapm_seq_run
 => dapm_power_widgets
 => snd_soc_dapm_stream_event
 => __soc_pcm_prepare
 => dpcm_be_dai_prepare
 => dpcm_fe_dai_prepare
 => snd_pcm_do_prepare
 => snd_pcm_action_single
 => snd_pcm_action_nonatomic
 => snd_pcm_prepare
 => snd_pcm_common_ioctl
 => snd_pcm_ioctl
 => __arm64_sys_ioctl
 => invoke_syscall.constprop.0
 => el0_svc_common.constprop.0
 => do_el0_svc
 => el0_svc
 => el0t_64_sync_handler
 => el0t_64_sync
        pipewire-1794    [001] d....    13.067657: sp11_wsa_cupd: (snd_soc_component_update_bits+0x0/0x110 [snd_soc_core]) component=0xffff00080110ea80 reg=1032 mask=1 val=1
        pipewire-1794    [001] d....    13.067657: <stack trace>
 => snd_soc_component_update_bits
 => dapm_seq_check_event
 => dapm_seq_run_coalesced
 => dapm_seq_run
 => dapm_power_widgets
 => snd_soc_dapm_stream_event
 => __soc_pcm_prepare
 => dpcm_be_dai_prepare
 => dpcm_fe_dai_prepare
 => snd_pcm_do_prepare
 => snd_pcm_action_single
 => snd_pcm_action_nonatomic
 => snd_pcm_prepare
 => snd_pcm_common_ioctl
 => snd_pcm_ioctl
 => __arm64_sys_ioctl
 => invoke_syscall.constprop.0
 => el0_svc_common.constprop.0
 => do_el0_svc
 => el0_svc
 => el0t_64_sync_handler
 => el0t_64_sync
        pipewire-1794    [001] d....    13.067659: sp11_wsa_cupd: (snd_soc_component_update_bits+0x0/0x110 [snd_soc_core]) component=0xffff00080110ea80 reg=1280 mask=16 val=16
        pipewire-1794    [001] d....    13.067659: <stack trace>
 => snd_soc_component_update_bits
 => dapm_seq_check_event
 => dapm_seq_run_coalesced
 => dapm_seq_run
 => dapm_power_widgets
 => snd_soc_dapm_stream_event
 => __soc_pcm_prepare
 => dpcm_be_dai_prepare
 => dpcm_fe_dai_prepare
 => snd_pcm_do_prepare
 => snd_pcm_action_single
 => snd_pcm_action_nonatomic
 => snd_pcm_prepare
 => snd_pcm_common_ioctl
 => snd_pcm_ioctl
 => __arm64_sys_ioctl
 => invoke_syscall.constprop.0
 => el0_svc_common.constprop.0
 => do_el0_svc
 => el0_svc
 => el0t_64_sync_handler
 => el0t_64_sync
        pipewire-1794    [001] d....    13.067661: sp11_wsa_cupd: (snd_soc_component_update_bits+0x0/0x110 [snd_soc_core]) component=0xffff00080110ea80 reg=1160 mask=1 val=1
        pipewire-1794    [001] d....    13.067661: <stack trace>
 => snd_soc_component_update_bits
 => dapm_seq_check_event
 => dapm_seq_run_coalesced
 => dapm_seq_run
 => dapm_power_widgets
 => snd_soc_dapm_stream_event
 => __soc_pcm_prepare
 => dpcm_be_dai_prepare
 => dpcm_fe_dai_prepare
 => snd_pcm_do_prepare
 => snd_pcm_action_single
 => snd_pcm_action_nonatomic
 => snd_pcm_prepare
 => snd_pcm_common_ioctl
 => snd_pcm_ioctl
 => __arm64_sys_ioctl
 => invoke_syscall.constprop.0
 => el0_svc_common.constprop.0
 => do_el0_svc
 => el0_svc
 => el0t_64_sync_handler
 => el0t_64_sync
        pipewire-1794    [001] d....    13.067663: sp11_wsa_cupd: (snd_soc_component_update_bits+0x0/0x110 [snd_soc_core]) component=0xffff00080110ea80 reg=1344 mask=16 val=16
        pipewire-1794    [001] d....    13.067663: <stack trace>
 => snd_soc_component_update_bits
 => dapm_seq_check_event
 => dapm_seq_run_coalesced
 => dapm_seq_run
 => dapm_power_widgets
 => snd_soc_dapm_stream_event
 => __soc_pcm_prepare
 => dpcm_be_dai_prepare
 => dpcm_fe_dai_prepare
 => snd_pcm_do_prepare
 => snd_pcm_action_single
 => snd_pcm_action_nonatomic
 => snd_pcm_prepare
 => snd_pcm_common_ioctl
 => snd_pcm_ioctl
 => __arm64_sys_ioctl
 => invoke_syscall.constprop.0
 => el0_svc_common.constprop.0
 => do_el0_svc
 => el0_svc
 => el0t_64_sync_handler
 => el0t_64_sync
        pipewire-1794    [001] d....    13.067665: sp11_macro_interp: (wsa_macro_enable_interpolator+0x0/0x750 [snd_soc_lpass_wsa_macro]) widget=18446462633168393728 event=1
        pipewire-1794    [001] d....    13.067666: <stack trace>
 => wsa_macro_enable_interpolator
 => dapm_seq_run_coalesced
 => dapm_seq_run
 => dapm_power_widgets
 => snd_soc_dapm_stream_event
 => __soc_pcm_prepare
 => dpcm_be_dai_prepare
 => dpcm_fe_dai_prepare
 => snd_pcm_do_prepare
 => snd_pcm_action_single
 => snd_pcm_action_nonatomic
 => snd_pcm_prepare
 => snd_pcm_common_ioctl
 => snd_pcm_ioctl
 => __arm64_sys_ioctl
 => invoke_syscall.constprop.0
 => el0_svc_common.constprop.0
 => do_el0_svc
 => el0_svc
 => el0t_64_sync_handler
 => el0t_64_sync
        pipewire-1794    [001] d....    13.067666: sp11_wsa_cupd: (snd_soc_component_update_bits+0x0/0x110 [snd_soc_core]) component=0xffff00080110ea80 reg=1040 mask=3 val=3
        pipewire-1794    [001] d....    13.067667: <stack trace>
 => snd_soc_component_update_bits
 => dapm_seq_check_event
 => dapm_seq_run_coalesced
 => dapm_seq_run
 => dapm_power_widgets
 => snd_soc_dapm_stream_event
 => __soc_pcm_prepare
 => dpcm_be_dai_prepare
 => dpcm_fe_dai_prepare
 => snd_pcm_do_prepare
 => snd_pcm_action_single
 => snd_pcm_action_nonatomic
 => snd_pcm_prepare
 => snd_pcm_common_ioctl
 => snd_pcm_ioctl
 => __arm64_sys_ioctl
 => invoke_syscall.constprop.0
 => el0_svc_common.constprop.0
 => do_el0_svc
 => el0_svc
 => el0t_64_sync_handler
 => el0t_64_sync
        pipewire-1794    [001] d....    13.067667: sp11_wsa_cupd: (snd_soc_component_update_bits+0x0/0x110 [snd_soc_core]) component=0xffff00080110ea80 reg=1024 mask=16 val=16
        pipewire-1794    [001] d....    13.067668: <stack trace>
 => snd_soc_component_update_bits
 => dapm_seq_check_event
 => dapm_seq_run_coalesced
 => dapm_seq_run
 => dapm_power_widgets
 => snd_soc_dapm_stream_event
 => __soc_pcm_prepare
 => dpcm_be_dai_prepare
 => dpcm_fe_dai_prepare
 => snd_pcm_do_prepare
 => snd_pcm_action_single
 => snd_pcm_action_nonatomic
 => snd_pcm_prepare
 => snd_pcm_common_ioctl
 => snd_pcm_ioctl
 => __arm64_sys_ioctl
 => invoke_syscall.constprop.0
 => el0_svc_common.constprop.0
 => do_el0_svc
 => el0_svc
 => el0t_64_sync_handler
 => el0t_64_sync
        pipewire-1794    [001] d....    13.067669: sp11_wsa_cupd: (snd_soc_component_update_bits+0x0/0x110 [snd_soc_core]) component=0xffff00080110ea80 reg=1072 mask=60 val=16
        pipewire-1794    [001] d....    13.067669: <stack trace>
 => snd_soc_component_update_bits
 => dapm_seq_check_event
 => dapm_seq_run_coalesced
 => dapm_seq_run
 => dapm_power_widgets
 => snd_soc_dapm_stream_event
 => __soc_pcm_prepare
 => dpcm_be_dai_prepare
 => dpcm_fe_dai_prepare
 => snd_pcm_do_prepare
 => snd_pcm_action_single
 => snd_pcm_action_nonatomic
 => snd_pcm_prepare
 => snd_pcm_common_ioctl
 => snd_pcm_ioctl
 => __arm64_sys_ioctl
 => invoke_syscall.constprop.0
 => el0_svc_common.constprop.0
 => do_el0_svc
 => el0_svc
 => el0t_64_sync_handler
 => el0t_64_sync
        pipewire-1794    [001] d....    13.067671: sp11_wsa_cupd: (snd_soc_component_update_bits+0x0/0x110 [snd_soc_core]) component=0xffff00080110ea80 reg=1072 mask=3 val=1
        pipewire-1794    [001] d....    13.067671: <stack trace>
 => snd_soc_component_update_bits
 => dapm_seq_check_event
 => dapm_seq_run_coalesced
 => dapm_seq_run
 => dapm_power_widgets
 => snd_soc_dapm_stream_event
 => __soc_pcm_prepare
 => dpcm_be_dai_prepare
 => dpcm_fe_dai_prepare
 => snd_pcm_do_prepare
 => snd_pcm_action_single
 => snd_pcm_action_nonatomic
 => snd_pcm_prepare
 => snd_pcm_common_ioctl
 => snd_pcm_ioctl
 => __arm64_sys_ioctl
 => invoke_syscall.constprop.0
 => el0_svc_common.constprop.0
 => do_el0_svc
 => el0_svc
 => el0t_64_sync_handler
 => el0t_64_sync
        pipewire-1794    [001] d....    13.067673: sp11_wsa_cupd: (snd_soc_component_update_bits+0x0/0x110 [snd_soc_core]) component=0xffff00080110ea80 reg=1028 mask=4 val=4
        pipewire-1794    [001] d....    13.067673: <stack trace>
 => snd_soc_component_update_bits
 => dapm_seq_check_event
 => dapm_seq_run_coalesced
 => dapm_seq_run
 => dapm_power_widgets
 => snd_soc_dapm_stream_event
 => __soc_pcm_prepare
 => dpcm_be_dai_prepare
 => dpcm_fe_dai_prepare
 => snd_pcm_do_prepare
 => snd_pcm_action_single
 => snd_pcm_action_nonatomic
 => snd_pcm_prepare
 => snd_pcm_common_ioctl
 => snd_pcm_ioctl
 => __arm64_sys_ioctl
 => invoke_syscall.constprop.0
 => el0_svc_common.constprop.0
 => do_el0_svc
 => el0_svc
 => el0t_64_sync_handler
 => el0t_64_sync
        pipewire-1794    [001] d....    13.067674: sp11_wsa_cupd: (snd_soc_component_update_bits+0x0/0x110 [snd_soc_core]) component=0xffff00080110ea80 reg=1100 mask=1 val=1
        pipewire-1794    [001] d....    13.067675: <stack trace>
 => snd_soc_component_update_bits
 => dapm_seq_check_event
 => dapm_seq_run_coalesced
 => dapm_seq_run
 => dapm_power_widgets
 => snd_soc_dapm_stream_event
 => __soc_pcm_prepare
 => dpcm_be_dai_prepare
 => dpcm_fe_dai_prepare
 => snd_pcm_do_prepare
 => snd_pcm_action_single
 => snd_pcm_action_nonatomic
 => snd_pcm_prepare
 => snd_pcm_common_ioctl
 => snd_pcm_ioctl
 => __arm64_sys_ioctl
 => invoke_syscall.constprop.0
 => el0_svc_common.constprop.0
 => do_el0_svc
 => el0_svc
 => el0t_64_sync_handler
 => el0t_64_sync
        pipewire-1794    [001] d....    13.067676: sp11_macro_interp: (wsa_macro_enable_interpolator+0x0/0x750 [snd_soc_lpass_wsa_macro]) widget=18446462633168398336 event=1
        pipewire-1794    [001] d....    13.067676: <stack trace>
 => wsa_macro_enable_interpolator
 => dapm_seq_run_coalesced
 => dapm_seq_run
 => dapm_power_widgets
 => snd_soc_dapm_stream_event
 => __soc_pcm_prepare
 => dpcm_be_dai_prepare
 => dpcm_fe_dai_prepare
 => snd_pcm_do_prepare
 => snd_pcm_action_single
 => snd_pcm_action_nonatomic
 => snd_pcm_prepare
 => snd_pcm_common_ioctl
 => snd_pcm_ioctl
 => __arm64_sys_ioctl
 => invoke_syscall.constprop.0
 => el0_svc_common.constprop.0
 => do_el0_svc
 => el0_svc
 => el0t_64_sync_handler
 => el0t_64_sync
        pipewire-1794    [001] d....    13.067677: sp11_wsa_cupd: (snd_soc_component_update_bits+0x0/0x110 [snd_soc_core]) component=0xffff00080110ea80 reg=1168 mask=3 val=3
        pipewire-1794    [001] d....    13.067677: <stack trace>
 => snd_soc_component_update_bits
 => dapm_seq_check_event
 => dapm_seq_run_coalesced
 => dapm_seq_run
 => dapm_power_widgets
 => snd_soc_dapm_stream_event
 => __soc_pcm_prepare
 => dpcm_be_dai_prepare
 => dpcm_fe_dai_prepare
 => snd_pcm_do_prepare
 => snd_pcm_action_single
 => snd_pcm_action_nonatomic
 => snd_pcm_prepare
 => snd_pcm_common_ioctl
 => snd_pcm_ioctl
 => __arm64_sys_ioctl
 => invoke_syscall.constprop.0
 => el0_svc_common.constprop.0
 => do_el0_svc
 => el0_svc
 => el0t_64_sync_handler
 => el0t_64_sync
        pipewire-1794    [001] d....    13.067678: sp11_wsa_cupd: (snd_soc_component_update_bits+0x0/0x110 [snd_soc_core]) component=0xffff00080110ea80 reg=1152 mask=16 val=16
        pipewire-1794    [001] d....    13.067678: <stack trace>
 => snd_soc_component_update_bits
 => dapm_seq_check_event
 => dapm_seq_run_coalesced
 => dapm_seq_run
 => dapm_power_widgets
 => snd_soc_dapm_stream_event
 => __soc_pcm_prepare
 => dpcm_be_dai_prepare
 => dpcm_fe_dai_prepare
 => snd_pcm_do_prepare
 => snd_pcm_action_single
 => snd_pcm_action_nonatomic
 => snd_pcm_prepare
 => snd_pcm_common_ioctl
 => snd_pcm_ioctl
 => __arm64_sys_ioctl
 => invoke_syscall.constprop.0
 => el0_svc_common.constprop.0
 => do_el0_svc
 => el0_svc
 => el0t_64_sync_handler
 => el0t_64_sync
        pipewire-1794    [001] d....    13.067680: sp11_wsa_cupd: (snd_soc_component_update_bits+0x0/0x110 [snd_soc_core]) component=0xffff00080110ea80 reg=1200 mask=60 val=16
        pipewire-1794    [001] d....    13.067681: <stack trace>
 => snd_soc_component_update_bits
 => dapm_seq_check_event
 => dapm_seq_run_coalesced
 => dapm_seq_run
 => dapm_power_widgets
 => snd_soc_dapm_stream_event
 => __soc_pcm_prepare
 => dpcm_be_dai_prepare
 => dpcm_fe_dai_prepare
 => snd_pcm_do_prepare
 => snd_pcm_action_single
 => snd_pcm_action_nonatomic
 => snd_pcm_prepare
 => snd_pcm_common_ioctl
 => snd_pcm_ioctl
 => __arm64_sys_ioctl
 => invoke_syscall.constprop.0
 => el0_svc_common.constprop.0
 => do_el0_svc
 => el0_svc
 => el0t_64_sync_handler
 => el0t_64_sync
        pipewire-1794    [001] d....    13.067682: sp11_wsa_cupd: (snd_soc_component_update_bits+0x0/0x110 [snd_soc_core]) component=0xffff00080110ea80 reg=1200 mask=3 val=1
        pipewire-1794    [001] d....    13.067682: <stack trace>
 => snd_soc_component_update_bits
 => dapm_seq_check_event
 => dapm_seq_run_coalesced
 => dapm_seq_run
 => dapm_power_widgets
 => snd_soc_dapm_stream_event
 => __soc_pcm_prepare
 => dpcm_be_dai_prepare
 => dpcm_fe_dai_prepare
 => snd_pcm_do_prepare
 => snd_pcm_action_single
 => snd_pcm_action_nonatomic
 => snd_pcm_prepare
 => snd_pcm_common_ioctl
 => snd_pcm_ioctl
 => __arm64_sys_ioctl
 => invoke_syscall.constprop.0
 => el0_svc_common.constprop.0
 => do_el0_svc
 => el0_svc
 => el0t_64_sync_handler
 => el0t_64_sync
        pipewire-1794    [001] d....    13.067684: sp11_wsa_cupd: (snd_soc_component_update_bits+0x0/0x110 [snd_soc_core]) component=0xffff00080110ea80 reg=1156 mask=4 val=4
        pipewire-1794    [001] d....    13.067684: <stack trace>
 => snd_soc_component_update_bits
 => dapm_seq_check_event
 => dapm_seq_run_coalesced
 => dapm_seq_run
 => dapm_power_widgets
 => snd_soc_dapm_stream_event
 => __soc_pcm_prepare
 => dpcm_be_dai_prepare
 => dpcm_fe_dai_prepare
 => snd_pcm_do_prepare
 => snd_pcm_action_single
 => snd_pcm_action_nonatomic
 => snd_pcm_prepare
 => snd_pcm_common_ioctl
 => snd_pcm_ioctl
 => __arm64_sys_ioctl
 => invoke_syscall.constprop.0
 => el0_svc_common.constprop.0
 => do_el0_svc
 => el0_svc
 => el0t_64_sync_handler
 => el0t_64_sync
        pipewire-1794    [001] d....    13.067686: sp11_wsa_cupd: (snd_soc_component_update_bits+0x0/0x110 [snd_soc_core]) component=0xffff00080110ea80 reg=1228 mask=1 val=1
        pipewire-1794    [001] d....    13.067686: <stack trace>
 => snd_soc_component_update_bits
 => dapm_seq_check_event
 => dapm_seq_run_coalesced
 => dapm_seq_run
 => dapm_power_widgets
 => snd_soc_dapm_stream_event
 => __soc_pcm_prepare
 => dpcm_be_dai_prepare
 => dpcm_fe_dai_prepare
 => snd_pcm_do_prepare
 => snd_pcm_action_single
 => snd_pcm_action_nonatomic
 => snd_pcm_prepare
 => snd_pcm_common_ioctl
 => snd_pcm_ioctl
 => __arm64_sys_ioctl
 => invoke_syscall.constprop.0
 => el0_svc_common.constprop.0
 => do_el0_svc
 => el0_svc
 => el0t_64_sync_handler
 => el0t_64_sync
        pipewire-1794    [001] d....    13.067688: sp11_wsa_cupd: (snd_soc_component_update_bits+0x0/0x110 [snd_soc_core]) component=0xffff00080110ea80 reg=1024 mask=16 val=0
        pipewire-1794    [001] d....    13.067688: <stack trace>
 => snd_soc_component_update_bits
 => dapm_seq_check_event
 => dapm_seq_run_coalesced
 => dapm_seq_run
 => dapm_power_widgets
 => snd_soc_dapm_stream_event
 => __soc_pcm_prepare
 => dpcm_be_dai_prepare
 => dpcm_fe_dai_prepare
 => snd_pcm_do_prepare
 => snd_pcm_action_single
 => snd_pcm_action_nonatomic
 => snd_pcm_prepare
 => snd_pcm_common_ioctl
 => snd_pcm_ioctl
 => __arm64_sys_ioctl
 => invoke_syscall.constprop.0
 => el0_svc_common.constprop.0
 => do_el0_svc
 => el0_svc
 => el0t_64_sync_handler
 => el0t_64_sync
        pipewire-1794    [001] d....    13.067689: sp11_wsa_cupd: (snd_soc_component_update_bits+0x0/0x110 [snd_soc_core]) component=0xffff00080110ea80 reg=1152 mask=16 val=0
        pipewire-1794    [001] d....    13.067690: <stack trace>
 => snd_soc_component_update_bits
 => dapm_seq_check_event
 => dapm_seq_run_coalesced
 => dapm_seq_run
 => dapm_power_widgets
 => snd_soc_dapm_stream_event
 => __soc_pcm_prepare
 => dpcm_be_dai_prepare
 => dpcm_fe_dai_prepare
 => snd_pcm_do_prepare
 => snd_pcm_action_single
 => snd_pcm_action_nonatomic
 => snd_pcm_prepare
 => snd_pcm_common_ioctl
 => snd_pcm_ioctl
 => __arm64_sys_ioctl
 => invoke_syscall.constprop.0
 => el0_svc_common.constprop.0
 => do_el0_svc
 => el0_svc
 => el0t_64_sync_handler
 => el0t_64_sync
        pipewire-1794    [001] d....    13.067691: sp11_macro_interp: (wsa_macro_enable_interpolator+0x0/0x750 [snd_soc_lpass_wsa_macro]) widget=18446462633168393728 event=2
        pipewire-1794    [001] d....    13.067691: <stack trace>
 => wsa_macro_enable_interpolator
 => dapm_seq_run_coalesced
 => dapm_seq_run
 => dapm_power_widgets
 => snd_soc_dapm_stream_event
 => __soc_pcm_prepare
 => dpcm_be_dai_prepare
 => dpcm_fe_dai_prepare
 => snd_pcm_do_prepare
 => snd_pcm_action_single
 => snd_pcm_action_nonatomic
 => snd_pcm_prepare
 => snd_pcm_common_ioctl
 => snd_pcm_ioctl
 => __arm64_sys_ioctl
 => invoke_syscall.constprop.0
 => el0_svc_common.constprop.0
 => do_el0_svc
 => el0_svc
 => el0t_64_sync_handler
 => el0t_64_sync
        pipewire-1794    [001] d....    13.067692: sp11_wsa_cupd: (snd_soc_component_update_bits+0x0/0x110 [snd_soc_core]) component=0xffff00080110ea80 reg=1408 mask=1 val=1
        pipewire-1794    [001] d....    13.067692: <stack trace>
 => snd_soc_component_update_bits
 => dapm_seq_check_event
 => dapm_seq_run_coalesced
 => dapm_seq_run
 => dapm_power_widgets
 => snd_soc_dapm_stream_event
 => __soc_pcm_prepare
 => dpcm_be_dai_prepare
 => dpcm_fe_dai_prepare
 => snd_pcm_do_prepare
 => snd_pcm_action_single
 => snd_pcm_action_nonatomic
 => snd_pcm_prepare
 => snd_pcm_common_ioctl
 => snd_pcm_ioctl
 => __arm64_sys_ioctl
 => invoke_syscall.constprop.0
 => el0_svc_common.constprop.0
 => do_el0_svc
 => el0_svc
 => el0t_64_sync_handler
 => el0t_64_sync
        pipewire-1794    [001] d....    13.067694: sp11_wsa_cupd: (snd_soc_component_update_bits+0x0/0x110 [snd_soc_core]) component=0xffff00080110ea80 reg=1408 mask=2 val=2
        pipewire-1794    [001] d....    13.067694: <stack trace>
 => snd_soc_component_update_bits
 => dapm_seq_check_event
 => dapm_seq_run_coalesced
 => dapm_seq_run
 => dapm_power_widgets
 => snd_soc_dapm_stream_event
 => __soc_pcm_prepare
 => dpcm_be_dai_prepare
 => dpcm_fe_dai_prepare
 => snd_pcm_do_prepare
 => snd_pcm_action_single
 => snd_pcm_action_nonatomic
 => snd_pcm_prepare
 => snd_pcm_common_ioctl
 => snd_pcm_ioctl
 => __arm64_sys_ioctl
 => invoke_syscall.constprop.0
 => el0_svc_common.constprop.0
 => do_el0_svc
 => el0_svc
 => el0t_64_sync_handler
 => el0t_64_sync
        pipewire-1794    [001] d....    13.067696: sp11_wsa_cupd: (snd_soc_component_update_bits+0x0/0x110 [snd_soc_core]) component=0xffff00080110ea80 reg=1408 mask=2 val=0
        pipewire-1794    [001] d....    13.067696: <stack trace>
 => snd_soc_component_update_bits
 => dapm_seq_check_event
 => dapm_seq_run_coalesced
 => dapm_seq_run
 => dapm_power_widgets
 => snd_soc_dapm_stream_event
 => __soc_pcm_prepare
 => dpcm_be_dai_prepare
 => dpcm_fe_dai_prepare
 => snd_pcm_do_prepare
 => snd_pcm_action_single
 => snd_pcm_action_nonatomic
 => snd_pcm_prepare
 => snd_pcm_common_ioctl
 => snd_pcm_ioctl
 => __arm64_sys_ioctl
 => invoke_syscall.constprop.0
 => el0_svc_common.constprop.0
 => do_el0_svc
 => el0_svc
 => el0t_64_sync_handler
 => el0t_64_sync
        pipewire-1794    [001] d....    13.067697: sp11_wsa_cupd: (snd_soc_component_update_bits+0x0/0x110 [snd_soc_core]) component=0xffff00080110ea80 reg=1028 mask=2 val=2
        pipewire-1794    [001] d....    13.067698: <stack trace>
 => snd_soc_component_update_bits
 => dapm_seq_check_event
 => dapm_seq_run_coalesced
 => dapm_seq_run
 => dapm_power_widgets
 => snd_soc_dapm_stream_event
 => __soc_pcm_prepare
 => dpcm_be_dai_prepare
 => dpcm_fe_dai_prepare
 => snd_pcm_do_prepare
 => snd_pcm_action_single
 => snd_pcm_action_nonatomic
 => snd_pcm_prepare
 => snd_pcm_common_ioctl
 => snd_pcm_ioctl
 => __arm64_sys_ioctl
 => invoke_syscall.constprop.0
 => el0_svc_common.constprop.0
 => do_el0_svc
 => el0_svc
 => el0t_64_sync_handler
 => el0t_64_sync
        pipewire-1794    [001] d....    13.067699: sp11_macro_interp: (wsa_macro_enable_interpolator+0x0/0x750 [snd_soc_lpass_wsa_macro]) widget=18446462633168398336 event=2
        pipewire-1794    [001] d....    13.067699: <stack trace>
 => wsa_macro_enable_interpolator
 => dapm_seq_run_coalesced
 => dapm_seq_run
 => dapm_power_widgets
 => snd_soc_dapm_stream_event
 => __soc_pcm_prepare
 => dpcm_be_dai_prepare
 => dpcm_fe_dai_prepare
 => snd_pcm_do_prepare
 => snd_pcm_action_single
 => snd_pcm_action_nonatomic
 => snd_pcm_prepare
 => snd_pcm_common_ioctl
 => snd_pcm_ioctl
 => __arm64_sys_ioctl
 => invoke_syscall.constprop.0
 => el0_svc_common.constprop.0
 => do_el0_svc
 => el0_svc
 => el0t_64_sync_handler
 => el0t_64_sync
        pipewire-1794    [001] d....    13.067700: sp11_wsa_cupd: (snd_soc_component_update_bits+0x0/0x110 [snd_soc_core]) component=0xffff00080110ea80 reg=1504 mask=1 val=1
        pipewire-1794    [001] d....    13.067700: <stack trace>
 => snd_soc_component_update_bits
 => dapm_seq_check_event
 => dapm_seq_run_coalesced
 => dapm_seq_run
 => dapm_power_widgets
 => snd_soc_dapm_stream_event
 => __soc_pcm_prepare
 => dpcm_be_dai_prepare
 => dpcm_fe_dai_prepare
 => snd_pcm_do_prepare
 => snd_pcm_action_single
 => snd_pcm_action_nonatomic
 => snd_pcm_prepare
 => snd_pcm_common_ioctl
 => snd_pcm_ioctl
 => __arm64_sys_ioctl
 => invoke_syscall.constprop.0
 => el0_svc_common.constprop.0
 => do_el0_svc
 => el0_svc
 => el0t_64_sync_handler
 => el0t_64_sync
        pipewire-1794    [001] d....    13.067702: sp11_wsa_cupd: (snd_soc_component_update_bits+0x0/0x110 [snd_soc_core]) component=0xffff00080110ea80 reg=1504 mask=2 val=2
        pipewire-1794    [001] d....    13.067702: <stack trace>
 => snd_soc_component_update_bits
 => dapm_seq_check_event
 => dapm_seq_run_coalesced
 => dapm_seq_run
 => dapm_power_widgets
 => snd_soc_dapm_stream_event
 => __soc_pcm_prepare
 => dpcm_be_dai_prepare
 => dpcm_fe_dai_prepare
 => snd_pcm_do_prepare
 => snd_pcm_action_single
 => snd_pcm_action_nonatomic
 => snd_pcm_prepare
 => snd_pcm_common_ioctl
 => snd_pcm_ioctl
 => __arm64_sys_ioctl
 => invoke_syscall.constprop.0
 => el0_svc_common.constprop.0
 => do_el0_svc
 => el0_svc
 => el0t_64_sync_handler
 => el0t_64_sync
        pipewire-1794    [001] d....    13.067703: sp11_wsa_cupd: (snd_soc_component_update_bits+0x0/0x110 [snd_soc_core]) component=0xffff00080110ea80 reg=1504 mask=2 val=0
        pipewire-1794    [001] d....    13.067704: <stack trace>
 => snd_soc_component_update_bits
 => dapm_seq_check_event
 => dapm_seq_run_coalesced
 => dapm_seq_run
 => dapm_power_widgets
 => snd_soc_dapm_stream_event
 => __soc_pcm_prepare
 => dpcm_be_dai_prepare
 => dpcm_fe_dai_prepare
 => snd_pcm_do_prepare
 => snd_pcm_action_single
 => snd_pcm_action_nonatomic
 => snd_pcm_prepare
 => snd_pcm_common_ioctl
 => snd_pcm_ioctl
 => __arm64_sys_ioctl
 => invoke_syscall.constprop.0
 => el0_svc_common.constprop.0
 => do_el0_svc
 => el0_svc
 => el0t_64_sync_handler
 => el0t_64_sync
        pipewire-1794    [001] d....    13.067705: sp11_wsa_cupd: (snd_soc_component_update_bits+0x0/0x110 [snd_soc_core]) component=0xffff00080110ea80 reg=1156 mask=2 val=2
        pipewire-1794    [001] d....    13.067706: <stack trace>
 => snd_soc_component_update_bits
 => dapm_seq_check_event
 => dapm_seq_run_coalesced
 => dapm_seq_run
 => dapm_power_widgets
 => snd_soc_dapm_stream_event
 => __soc_pcm_prepare
 => dpcm_be_dai_prepare
 => dpcm_fe_dai_prepare
 => snd_pcm_do_prepare
 => snd_pcm_action_single
 => snd_pcm_action_nonatomic
 => snd_pcm_prepare
 => snd_pcm_common_ioctl
 => snd_pcm_ioctl
 => __arm64_sys_ioctl
 => invoke_syscall.constprop.0
 => el0_svc_common.constprop.0
 => do_el0_svc
 => el0_svc
 => el0t_64_sync_handler
 => el0t_64_sync
        pipewire-1794    [001] d....    13.067708: sp11_wsa_spkr_event: (wsa884x_spkr_event+0x0/0x290 [snd_soc_wsa884x]) widget=18446462633168388608 event=2
        pipewire-1794    [001] d....    13.067708: <stack trace>
 => wsa884x_spkr_event
 => dapm_seq_run_coalesced
 => dapm_seq_run
 => dapm_power_widgets
 => snd_soc_dapm_stream_event
 => __soc_pcm_prepare
 => dpcm_be_dai_prepare
 => dpcm_fe_dai_prepare
 => snd_pcm_do_prepare
 => snd_pcm_action_single
 => snd_pcm_action_nonatomic
 => snd_pcm_prepare
 => snd_pcm_common_ioctl
 => snd_pcm_ioctl
 => __arm64_sys_ioctl
 => invoke_syscall.constprop.0
 => el0_svc_common.constprop.0
 => do_el0_svc
 => el0_svc
 => el0t_64_sync_handler
 => el0t_64_sync
        pipewire-1794    [001] d....    13.067720: sp11_wsa_spkr_event: (wsa884x_spkr_event+0x0/0x290 [snd_soc_wsa884x]) widget=18446462633168395776 event=2
        pipewire-1794    [001] d....    13.067721: <stack trace>
 => wsa884x_spkr_event
 => dapm_seq_run_coalesced
 => dapm_seq_run
 => dapm_power_widgets
 => snd_soc_dapm_stream_event
 => __soc_pcm_prepare
 => dpcm_be_dai_prepare
 => dpcm_fe_dai_prepare
 => snd_pcm_do_prepare
 => snd_pcm_action_single
 => snd_pcm_action_nonatomic
 => snd_pcm_prepare
 => snd_pcm_common_ioctl
 => snd_pcm_ioctl
 => __arm64_sys_ioctl
 => invoke_syscall.constprop.0
 => el0_svc_common.constprop.0
 => do_el0_svc
 => el0_svc
 => el0t_64_sync_handler
 => el0t_64_sync
        pipewire-1794    [001] d....    13.067740: sp11_sdw_prepare: (sdw_prepare_stream+0x0/0x340 [soundwire_bus]) stream=18446462633494727552
        pipewire-1794    [001] d....    13.067741: <stack trace>
 => sdw_prepare_stream
 => x1e80100_snd_prepare
 => snd_soc_link_prepare
 => __soc_pcm_prepare
 => dpcm_be_dai_prepare
 => dpcm_fe_dai_prepare
 => snd_pcm_do_prepare
 => snd_pcm_action_single
 => snd_pcm_action_nonatomic
 => snd_pcm_prepare
 => snd_pcm_common_ioctl
 => snd_pcm_ioctl
 => __arm64_sys_ioctl
 => invoke_syscall.constprop.0
 => el0_svc_common.constprop.0
 => do_el0_svc
 => el0_svc
 => el0t_64_sync_handler
 => el0t_64_sync
        pipewire-1794    [001] d....    13.072683: sp11_sdw_enable: (sdw_enable_stream+0x0/0x1e8 [soundwire_bus]) stream=18446462633494727552
        pipewire-1794    [001] d....    13.072684: <stack trace>
 => sdw_enable_stream
 => x1e80100_snd_prepare
 => snd_soc_link_prepare
 => __soc_pcm_prepare
 => dpcm_be_dai_prepare
 => dpcm_fe_dai_prepare
 => snd_pcm_do_prepare
 => snd_pcm_action_single
 => snd_pcm_action_nonatomic
 => snd_pcm_prepare
 => snd_pcm_common_ioctl
 => snd_pcm_ioctl
 => __arm64_sys_ioctl
 => invoke_syscall.constprop.0
 => el0_svc_common.constprop.0
 => do_el0_svc
 => el0_svc
 => el0t_64_sync_handler
 => el0t_64_sync
        pipewire-1794    [001] d....    13.076875: sp11_sdw_prepare: (sdw_prepare_stream+0x0/0x340 [soundwire_bus]) stream=18446462633494727744
        pipewire-1794    [001] d....    13.076875: <stack trace>
 => sdw_prepare_stream
 => x1e80100_snd_prepare
 => snd_soc_link_prepare
 => __soc_pcm_prepare
 => dpcm_be_dai_prepare
 => dpcm_fe_dai_prepare
 => snd_pcm_do_prepare
 => snd_pcm_action_single
 => snd_pcm_action_nonatomic
 => snd_pcm_prepare
 => snd_pcm_common_ioctl
 => snd_pcm_ioctl
 => __arm64_sys_ioctl
 => invoke_syscall.constprop.0
 => el0_svc_common.constprop.0
 => do_el0_svc
 => el0_svc
 => el0t_64_sync_handler
 => el0t_64_sync
        pipewire-1794    [001] d....    13.081837: sp11_sdw_enable: (sdw_enable_stream+0x0/0x1e8 [soundwire_bus]) stream=18446462633494727744
        pipewire-1794    [001] d....    13.081837: <stack trace>
 => sdw_enable_stream
 => x1e80100_snd_prepare
 => snd_soc_link_prepare
 => __soc_pcm_prepare
 => dpcm_be_dai_prepare
 => dpcm_fe_dai_prepare
 => snd_pcm_do_prepare
 => snd_pcm_action_single
 => snd_pcm_action_nonatomic
 => snd_pcm_prepare
 => snd_pcm_common_ioctl
 => snd_pcm_ioctl
 => __arm64_sys_ioctl
 => invoke_syscall.constprop.0
 => el0_svc_common.constprop.0
 => do_el0_svc
 => el0_svc
 => el0t_64_sync_handler
 => el0t_64_sync
     data-loop.0-1823    [002] d....    13.098846: sp11_wsa_mute: (wsa884x_mute_stream+0x0/0x190 [snd_soc_wsa884x]) dai=18446462633267546240 mute=0 stream=0
     data-loop.0-1823    [002] d....    13.098848: <stack trace>
 => wsa884x_mute_stream
 => snd_soc_pcm_dai_trigger
 => soc_pcm_trigger
 => dpcm_be_dai_trigger
 => dpcm_dai_trigger_fe_be
 => dpcm_fe_dai_do_trigger
 => dpcm_fe_dai_trigger
 => snd_pcm_do_start
 => snd_pcm_action_single
 => snd_pcm_action
 => snd_pcm_action_lock_irq
 => snd_pcm_common_ioctl
 => snd_pcm_ioctl
 => __arm64_sys_ioctl
 => invoke_syscall.constprop.0
 => el0_svc_common.constprop.0
 => do_el0_svc
 => el0_svc
 => el0t_64_sync_handler
 => el0t_64_sync
     data-loop.0-1823    [002] d....    13.100740: sp11_wsa_mute: (wsa884x_mute_stream+0x0/0x190 [snd_soc_wsa884x]) dai=18446462633314769024 mute=0 stream=0
     data-loop.0-1823    [002] d....    13.100741: <stack trace>
 => wsa884x_mute_stream
 => snd_soc_pcm_dai_trigger
 => soc_pcm_trigger
 => dpcm_be_dai_trigger
 => dpcm_dai_trigger_fe_be
 => dpcm_fe_dai_do_trigger
 => dpcm_fe_dai_trigger
 => snd_pcm_do_start
 => snd_pcm_action_single
 => snd_pcm_action
 => snd_pcm_action_lock_irq
 => snd_pcm_common_ioctl
 => snd_pcm_ioctl
 => __arm64_sys_ioctl
 => invoke_syscall.constprop.0
 => el0_svc_common.constprop.0
 => do_el0_svc
 => el0_svc
 => el0t_64_sync_handler
 => el0t_64_sync
     data-loop.0-1823    [002] d....    13.102579: sp11_wsa_mute: (wsa884x_mute_stream+0x0/0x190 [snd_soc_wsa884x]) dai=18446462633267558016 mute=0 stream=0
     data-loop.0-1823    [002] d....    13.102579: <stack trace>
 => wsa884x_mute_stream
 => snd_soc_pcm_dai_trigger
 => soc_pcm_trigger
 => dpcm_be_dai_trigger
 => dpcm_dai_trigger_fe_be
 => dpcm_fe_dai_do_trigger
 => dpcm_fe_dai_trigger
 => snd_pcm_do_start
 => snd_pcm_action_single
 => snd_pcm_action
 => snd_pcm_action_lock_irq
 => snd_pcm_common_ioctl
 => snd_pcm_ioctl
 => __arm64_sys_ioctl
 => invoke_syscall.constprop.0
 => el0_svc_common.constprop.0
 => do_el0_svc
 => el0_svc
 => el0t_64_sync_handler
 => el0t_64_sync
     data-loop.0-1823    [002] d....    13.102580: sp11_wsa_mute: (wsa884x_mute_stream+0x0/0x190 [snd_soc_wsa884x]) dai=18446462633719054976 mute=0 stream=0
     data-loop.0-1823    [002] d....    13.102580: <stack trace>
 => wsa884x_mute_stream
 => snd_soc_pcm_dai_trigger
 => soc_pcm_trigger
 => dpcm_be_dai_trigger
 => dpcm_dai_trigger_fe_be
 => dpcm_fe_dai_do_trigger
 => dpcm_fe_dai_trigger
 => snd_pcm_do_start
 => snd_pcm_action_single
 => snd_pcm_action
 => snd_pcm_action_lock_irq
 => snd_pcm_common_ioctl
 => snd_pcm_ioctl
 => __arm64_sys_ioctl
 => invoke_syscall.constprop.0
 => el0_svc_common.constprop.0
 => do_el0_svc
 => el0_svc
 => el0t_64_sync_handler
 => el0t_64_sync
     data-loop.0-1823    [002] d....    13.102581: sp11_wsa_mute: (wsa884x_mute_stream+0x0/0x190 [snd_soc_wsa884x]) dai=18446462633267547264 mute=0 stream=0
     data-loop.0-1823    [002] d....    13.102582: <stack trace>
 => wsa884x_mute_stream
 => snd_soc_pcm_dai_trigger
 => soc_pcm_trigger
 => dpcm_be_dai_trigger
 => dpcm_dai_trigger_fe_be
 => dpcm_fe_dai_do_trigger
 => dpcm_fe_dai_trigger
 => snd_pcm_do_start
 => snd_pcm_action_single
 => snd_pcm_action
 => snd_pcm_action_lock_irq
 => snd_pcm_common_ioctl
 => snd_pcm_ioctl
 => __arm64_sys_ioctl
 => invoke_syscall.constprop.0
 => el0_svc_common.constprop.0
 => do_el0_svc
 => el0_svc
 => el0t_64_sync_handler
 => el0t_64_sync
     data-loop.0-1823    [002] d....    13.102582: sp11_wsa_mute: (wsa884x_mute_stream+0x0/0x190 [snd_soc_wsa884x]) dai=18446462633594761856 mute=0 stream=0
     data-loop.0-1823    [002] d....    13.102583: <stack trace>
 => wsa884x_mute_stream
 => snd_soc_pcm_dai_trigger
 => soc_pcm_trigger
 => dpcm_be_dai_trigger
 => dpcm_dai_trigger_fe_be
 => dpcm_fe_dai_do_trigger
 => dpcm_fe_dai_trigger
 => snd_pcm_do_start
 => snd_pcm_action_single
 => snd_pcm_action
 => snd_pcm_action_lock_irq
 => snd_pcm_common_ioctl
 => snd_pcm_ioctl
 => __arm64_sys_ioctl
 => invoke_syscall.constprop.0
 => el0_svc_common.constprop.0
 => do_el0_svc
 => el0_svc
 => el0t_64_sync_handler
 => el0t_64_sync
