# tracer: nop
#
# entries-in-buffer/entries-written: 558/558   #P:12
#
#                                _-----=> irqs-off/BH-disabled
#                               / _----=> need-resched
#                              | / _---=> hardirq/softirq
#                              || / _--=> preempt-depth
#                              ||| / _-=> migrate-disable
#                              |||| /     delay
#           TASK-PID     CPU#  |||||  TIMESTAMP  FUNCTION
#              | |         |   |||||     |         |
     wireplumber-1829    [003] d....    12.798698: sp11_wsa_cupd: (snd_soc_component_update_bits+0x0/0x110 [snd_soc_core]) component=0xffff000801517480 reg=1024 mask=16 val=0
     wireplumber-1829    [003] d....    12.798700: <stack trace>
 => snd_soc_component_update_bits
 => snd_soc_put_volsw
 => snd_ctl_elem_write
 => snd_ctl_ioctl
 => __arm64_sys_ioctl
 => invoke_syscall.constprop.0
 => el0_svc_common.constprop.0
 => do_el0_svc
 => el0_svc
 => el0t_64_sync_handler
 => el0t_64_sync
     wireplumber-1829    [003] d....    12.798707: sp11_wsa_cupd: (snd_soc_component_update_bits+0x0/0x110 [snd_soc_core]) component=0xffff000801517480 reg=1152 mask=16 val=0
     wireplumber-1829    [003] d....    12.798707: <stack trace>
 => snd_soc_component_update_bits
 => snd_soc_put_volsw
 => snd_ctl_elem_write
 => snd_ctl_ioctl
 => __arm64_sys_ioctl
 => invoke_syscall.constprop.0
 => el0_svc_common.constprop.0
 => do_el0_svc
 => el0_svc
 => el0t_64_sync_handler
 => el0t_64_sync
     wireplumber-1829    [003] d....    12.798712: sp11_wsa_cupd: (snd_soc_component_update_bits+0x0/0x110 [snd_soc_core]) component=0xffff000801517480 reg=1044 mask=255 val=253
     wireplumber-1829    [003] d....    12.798712: <stack trace>
 => snd_soc_component_update_bits
 => snd_soc_put_volsw
 => snd_ctl_elem_write
 => snd_ctl_ioctl
 => __arm64_sys_ioctl
 => invoke_syscall.constprop.0
 => el0_svc_common.constprop.0
 => do_el0_svc
 => el0_svc
 => el0t_64_sync_handler
 => el0t_64_sync
     wireplumber-1829    [003] d....    12.798716: sp11_wsa_cupd: (snd_soc_component_update_bits+0x0/0x110 [snd_soc_core]) component=0xffff000801517480 reg=1172 mask=255 val=253
     wireplumber-1829    [003] d....    12.798716: <stack trace>
 => snd_soc_component_update_bits
 => snd_soc_put_volsw
 => snd_ctl_elem_write
 => snd_ctl_ioctl
 => __arm64_sys_ioctl
 => invoke_syscall.constprop.0
 => el0_svc_common.constprop.0
 => do_el0_svc
 => el0_svc
 => el0t_64_sync_handler
 => el0t_64_sync
     wireplumber-1829    [003] d....    12.845321: sp11_wsa_hw_params: (wsa884x_hw_params+0x0/0x4c8 [snd_soc_wsa884x]) substream=18446462633344453632 params=18446603338469487368 dai=18446462633509386368
     wireplumber-1829    [003] d....    12.845326: <stack trace>
 => wsa884x_hw_params
 => __soc_pcm_hw_params
 => dpcm_be_dai_hw_params
 => dpcm_fe_dai_hw_params
 => snd_pcm_hw_params
 => snd_pcm_common_ioctl
 => snd_pcm_ioctl
 => __arm64_sys_ioctl
 => invoke_syscall.constprop.0
 => el0_svc_common.constprop.0
 => do_el0_svc
 => el0_svc
 => el0t_64_sync_handler
 => el0t_64_sync
     wireplumber-1829    [003] d....    12.845348: sp11_wsa_hw_params: (wsa884x_hw_params+0x0/0x4c8 [snd_soc_wsa884x]) substream=18446462633344453632 params=18446603338469487368 dai=18446462633275108480
     wireplumber-1829    [003] d....    12.845348: <stack trace>
 => wsa884x_hw_params
 => __soc_pcm_hw_params
 => dpcm_be_dai_hw_params
 => dpcm_fe_dai_hw_params
 => snd_pcm_hw_params
 => snd_pcm_common_ioctl
 => snd_pcm_ioctl
 => __arm64_sys_ioctl
 => invoke_syscall.constprop.0
 => el0_svc_common.constprop.0
 => do_el0_svc
 => el0_svc
 => el0t_64_sync_handler
 => el0t_64_sync
     wireplumber-1829    [003] d....    12.845357: sp11_swr_hw_params: (qcom_swrm_hw_params+0x0/0x3b0 [soundwire_qcom]) substream=18446462633344453632 params=18446603338469487368 dai=18446462633557670016
     wireplumber-1829    [003] d....    12.845358: <stack trace>
 => qcom_swrm_hw_params
 => __soc_pcm_hw_params
 => dpcm_be_dai_hw_params
 => dpcm_fe_dai_hw_params
 => snd_pcm_hw_params
 => snd_pcm_common_ioctl
 => snd_pcm_ioctl
 => __arm64_sys_ioctl
 => invoke_syscall.constprop.0
 => el0_svc_common.constprop.0
 => do_el0_svc
 => el0_svc
 => el0t_64_sync_handler
 => el0t_64_sync
     wireplumber-1829    [003] d....    12.845368: sp11_wsa_cupd: (snd_soc_component_update_bits+0x0/0x110 [snd_soc_core]) component=0xffff000801517480 reg=1024 mask=15 val=4
     wireplumber-1829    [003] d....    12.845369: <stack trace>
 => snd_soc_component_update_bits
 => snd_soc_dai_hw_params
 => __soc_pcm_hw_params
 => dpcm_be_dai_hw_params
 => dpcm_fe_dai_hw_params
 => snd_pcm_hw_params
 => snd_pcm_common_ioctl
 => snd_pcm_ioctl
 => __arm64_sys_ioctl
 => invoke_syscall.constprop.0
 => el0_svc_common.constprop.0
 => do_el0_svc
 => el0_svc
 => el0t_64_sync_handler
 => el0t_64_sync
     wireplumber-1829    [003] d....    12.845370: sp11_wsa_cupd: (snd_soc_component_update_bits+0x0/0x110 [snd_soc_core]) component=0xffff000801517480 reg=1152 mask=15 val=4
     wireplumber-1829    [003] d....    12.845370: <stack trace>
 => snd_soc_component_update_bits
 => snd_soc_dai_hw_params
 => __soc_pcm_hw_params
 => dpcm_be_dai_hw_params
 => dpcm_fe_dai_hw_params
 => snd_pcm_hw_params
 => snd_pcm_common_ioctl
 => snd_pcm_ioctl
 => __arm64_sys_ioctl
 => invoke_syscall.constprop.0
 => el0_svc_common.constprop.0
 => do_el0_svc
 => el0_svc
 => el0t_64_sync_handler
 => el0t_64_sync
     wireplumber-1829    [003] d....    12.845376: sp11_wsa_hw_params: (wsa884x_hw_params+0x0/0x4c8 [snd_soc_wsa884x]) substream=18446462633344451584 params=18446603338469487368 dai=18446462633509372544
     wireplumber-1829    [003] d....    12.845376: <stack trace>
 => wsa884x_hw_params
 => __soc_pcm_hw_params
 => dpcm_be_dai_hw_params
 => dpcm_fe_dai_hw_params
 => snd_pcm_hw_params
 => snd_pcm_common_ioctl
 => snd_pcm_ioctl
 => __arm64_sys_ioctl
 => invoke_syscall.constprop.0
 => el0_svc_common.constprop.0
 => do_el0_svc
 => el0_svc
 => el0t_64_sync_handler
 => el0t_64_sync
     wireplumber-1829    [003] d....    12.845382: sp11_wsa_hw_params: (wsa884x_hw_params+0x0/0x4c8 [snd_soc_wsa884x]) substream=18446462633344451584 params=18446603338469487368 dai=18446462633275100800
     wireplumber-1829    [003] d....    12.845382: <stack trace>
 => wsa884x_hw_params
 => __soc_pcm_hw_params
 => dpcm_be_dai_hw_params
 => dpcm_fe_dai_hw_params
 => snd_pcm_hw_params
 => snd_pcm_common_ioctl
 => snd_pcm_ioctl
 => __arm64_sys_ioctl
 => invoke_syscall.constprop.0
 => el0_svc_common.constprop.0
 => do_el0_svc
 => el0_svc
 => el0t_64_sync_handler
 => el0t_64_sync
     wireplumber-1829    [003] d....    12.845387: sp11_swr_hw_params: (qcom_swrm_hw_params+0x0/0x3b0 [soundwire_qcom]) substream=18446462633344451584 params=18446603338469487368 dai=18446462633275106944
     wireplumber-1829    [003] d....    12.845387: <stack trace>
 => qcom_swrm_hw_params
 => __soc_pcm_hw_params
 => dpcm_be_dai_hw_params
 => dpcm_fe_dai_hw_params
 => snd_pcm_hw_params
 => snd_pcm_common_ioctl
 => snd_pcm_ioctl
 => __arm64_sys_ioctl
 => invoke_syscall.constprop.0
 => el0_svc_common.constprop.0
 => do_el0_svc
 => el0_svc
 => el0t_64_sync_handler
 => el0t_64_sync
     wireplumber-1829    [003] d....    12.845389: sp11_wsa_hw_params: (wsa884x_hw_params+0x0/0x4c8 [snd_soc_wsa884x]) substream=18446462633344461824 params=18446603338469487368 dai=18446462633509375104
     wireplumber-1829    [003] d....    12.845390: <stack trace>
 => wsa884x_hw_params
 => __soc_pcm_hw_params
 => dpcm_be_dai_hw_params
 => dpcm_fe_dai_hw_params
 => snd_pcm_hw_params
 => snd_pcm_common_ioctl
 => snd_pcm_ioctl
 => __arm64_sys_ioctl
 => invoke_syscall.constprop.0
 => el0_svc_common.constprop.0
 => do_el0_svc
 => el0_svc
 => el0t_64_sync_handler
 => el0t_64_sync
     wireplumber-1829    [003] d....    12.845395: sp11_wsa_hw_params: (wsa884x_hw_params+0x0/0x4c8 [snd_soc_wsa884x]) substream=18446462633344461824 params=18446603338469487368 dai=18446462633275103360
     wireplumber-1829    [003] d....    12.845395: <stack trace>
 => wsa884x_hw_params
 => __soc_pcm_hw_params
 => dpcm_be_dai_hw_params
 => dpcm_fe_dai_hw_params
 => snd_pcm_hw_params
 => snd_pcm_common_ioctl
 => snd_pcm_ioctl
 => __arm64_sys_ioctl
 => invoke_syscall.constprop.0
 => el0_svc_common.constprop.0
 => do_el0_svc
 => el0_svc
 => el0t_64_sync_handler
 => el0t_64_sync
     wireplumber-1829    [003] d....    12.845399: sp11_swr_hw_params: (qcom_swrm_hw_params+0x0/0x3b0 [soundwire_qcom]) substream=18446462633344461824 params=18446603338469487368 dai=18446462633275111040
     wireplumber-1829    [003] d....    12.845400: <stack trace>
 => qcom_swrm_hw_params
 => __soc_pcm_hw_params
 => dpcm_be_dai_hw_params
 => dpcm_fe_dai_hw_params
 => snd_pcm_hw_params
 => snd_pcm_common_ioctl
 => snd_pcm_ioctl
 => __arm64_sys_ioctl
 => invoke_syscall.constprop.0
 => el0_svc_common.constprop.0
 => do_el0_svc
 => el0_svc
 => el0t_64_sync_handler
 => el0t_64_sync
     wireplumber-1829    [003] d....    12.845421: sp11_sdw_prepare: (sdw_prepare_stream+0x0/0x340 [soundwire_bus]) stream=18446462633243754240
     wireplumber-1829    [003] d....    12.845421: <stack trace>
 => sdw_prepare_stream
 => x1e80100_snd_prepare
 => snd_soc_link_prepare
 => __soc_pcm_prepare
 => dpcm_be_dai_prepare
 => dpcm_fe_dai_prepare
 => snd_pcm_do_prepare
 => snd_pcm_action_single
 => snd_pcm_action_nonatomic
 => snd_pcm_prepare
 => snd_pcm_common_ioctl
 => snd_pcm_ioctl
 => __arm64_sys_ioctl
 => invoke_syscall.constprop.0
 => el0_svc_common.constprop.0
 => do_el0_svc
 => el0_svc
 => el0t_64_sync_handler
 => el0t_64_sync
     wireplumber-1829    [002] d....    12.849790: sp11_sdw_enable: (sdw_enable_stream+0x0/0x1e8 [soundwire_bus]) stream=18446462633243754240
     wireplumber-1829    [002] d....    12.849791: <stack trace>
 => sdw_enable_stream
 => x1e80100_snd_prepare
 => snd_soc_link_prepare
 => __soc_pcm_prepare
 => dpcm_be_dai_prepare
 => dpcm_fe_dai_prepare
 => snd_pcm_do_prepare
 => snd_pcm_action_single
 => snd_pcm_action_nonatomic
 => snd_pcm_prepare
 => snd_pcm_common_ioctl
 => snd_pcm_ioctl
 => __arm64_sys_ioctl
 => invoke_syscall.constprop.0
 => el0_svc_common.constprop.0
 => do_el0_svc
 => el0_svc
 => el0t_64_sync_handler
 => el0t_64_sync
     wireplumber-1829    [003] d....    12.852777: sp11_wsa_cupd: (snd_soc_component_update_bits+0x0/0x110 [snd_soc_core]) component=0xffff000801517480 reg=1024 mask=32 val=32
     wireplumber-1829    [003] d....    12.852778: <stack trace>
 => snd_soc_component_update_bits
 => dapm_seq_run
 => dapm_power_widgets
 => snd_soc_dapm_stream_event
 => __soc_pcm_prepare
 => dpcm_be_dai_prepare
 => dpcm_fe_dai_prepare
 => snd_pcm_do_prepare
 => snd_pcm_action_single
 => snd_pcm_action_nonatomic
 => snd_pcm_prepare
 => snd_pcm_common_ioctl
 => snd_pcm_ioctl
 => __arm64_sys_ioctl
 => invoke_syscall.constprop.0
 => el0_svc_common.constprop.0
 => do_el0_svc
 => el0_svc
 => el0t_64_sync_handler
 => el0t_64_sync
     wireplumber-1829    [003] d....    12.852780: sp11_wsa_cupd: (snd_soc_component_update_bits+0x0/0x110 [snd_soc_core]) component=0xffff000801517480 reg=1152 mask=32 val=32
     wireplumber-1829    [003] d....    12.852781: <stack trace>
 => snd_soc_component_update_bits
 => dapm_seq_run
 => dapm_power_widgets
 => snd_soc_dapm_stream_event
 => __soc_pcm_prepare
 => dpcm_be_dai_prepare
 => dpcm_fe_dai_prepare
 => snd_pcm_do_prepare
 => snd_pcm_action_single
 => snd_pcm_action_nonatomic
 => snd_pcm_prepare
 => snd_pcm_common_ioctl
 => snd_pcm_ioctl
 => __arm64_sys_ioctl
 => invoke_syscall.constprop.0
 => el0_svc_common.constprop.0
 => do_el0_svc
 => el0_svc
 => el0t_64_sync_handler
 => el0t_64_sync
     wireplumber-1829    [003] d....    12.852784: sp11_wsa_cupd: (snd_soc_component_update_bits+0x0/0x110 [snd_soc_core]) component=0xffff000801517480 reg=1032 mask=1 val=1
     wireplumber-1829    [003] d....    12.852784: <stack trace>
 => snd_soc_component_update_bits
 => dapm_seq_check_event
 => dapm_seq_run_coalesced
 => dapm_seq_run
 => dapm_power_widgets
 => snd_soc_dapm_stream_event
 => __soc_pcm_prepare
 => dpcm_be_dai_prepare
 => dpcm_fe_dai_prepare
 => snd_pcm_do_prepare
 => snd_pcm_action_single
 => snd_pcm_action_nonatomic
 => snd_pcm_prepare
 => snd_pcm_common_ioctl
 => snd_pcm_ioctl
 => __arm64_sys_ioctl
 => invoke_syscall.constprop.0
 => el0_svc_common.constprop.0
 => do_el0_svc
 => el0_svc
 => el0t_64_sync_handler
 => el0t_64_sync
     wireplumber-1829    [003] d....    12.852786: sp11_wsa_cupd: (snd_soc_component_update_bits+0x0/0x110 [snd_soc_core]) component=0xffff000801517480 reg=1280 mask=16 val=16
     wireplumber-1829    [003] d....    12.852786: <stack trace>
 => snd_soc_component_update_bits
 => dapm_seq_check_event
 => dapm_seq_run_coalesced
 => dapm_seq_run
 => dapm_power_widgets
 => snd_soc_dapm_stream_event
 => __soc_pcm_prepare
 => dpcm_be_dai_prepare
 => dpcm_fe_dai_prepare
 => snd_pcm_do_prepare
 => snd_pcm_action_single
 => snd_pcm_action_nonatomic
 => snd_pcm_prepare
 => snd_pcm_common_ioctl
 => snd_pcm_ioctl
 => __arm64_sys_ioctl
 => invoke_syscall.constprop.0
 => el0_svc_common.constprop.0
 => do_el0_svc
 => el0_svc
 => el0t_64_sync_handler
 => el0t_64_sync
     wireplumber-1829    [003] d....    12.852788: sp11_wsa_cupd: (snd_soc_component_update_bits+0x0/0x110 [snd_soc_core]) component=0xffff000801517480 reg=1160 mask=1 val=1
     wireplumber-1829    [003] d....    12.852788: <stack trace>
 => snd_soc_component_update_bits
 => dapm_seq_check_event
 => dapm_seq_run_coalesced
 => dapm_seq_run
 => dapm_power_widgets
 => snd_soc_dapm_stream_event
 => __soc_pcm_prepare
 => dpcm_be_dai_prepare
 => dpcm_fe_dai_prepare
 => snd_pcm_do_prepare
 => snd_pcm_action_single
 => snd_pcm_action_nonatomic
 => snd_pcm_prepare
 => snd_pcm_common_ioctl
 => snd_pcm_ioctl
 => __arm64_sys_ioctl
 => invoke_syscall.constprop.0
 => el0_svc_common.constprop.0
 => do_el0_svc
 => el0_svc
 => el0t_64_sync_handler
 => el0t_64_sync
     wireplumber-1829    [003] d....    12.852790: sp11_wsa_cupd: (snd_soc_component_update_bits+0x0/0x110 [snd_soc_core]) component=0xffff000801517480 reg=1344 mask=16 val=16
     wireplumber-1829    [003] d....    12.852791: <stack trace>
 => snd_soc_component_update_bits
 => dapm_seq_check_event
 => dapm_seq_run_coalesced
 => dapm_seq_run
 => dapm_power_widgets
 => snd_soc_dapm_stream_event
 => __soc_pcm_prepare
 => dpcm_be_dai_prepare
 => dpcm_fe_dai_prepare
 => snd_pcm_do_prepare
 => snd_pcm_action_single
 => snd_pcm_action_nonatomic
 => snd_pcm_prepare
 => snd_pcm_common_ioctl
 => snd_pcm_ioctl
 => __arm64_sys_ioctl
 => invoke_syscall.constprop.0
 => el0_svc_common.constprop.0
 => do_el0_svc
 => el0_svc
 => el0t_64_sync_handler
 => el0t_64_sync
     wireplumber-1829    [003] d....    12.852793: sp11_macro_interp: (wsa_macro_enable_interpolator+0x0/0x750 [snd_soc_lpass_wsa_macro]) widget=18446462633433501696 event=1
     wireplumber-1829    [003] d....    12.852794: <stack trace>
 => wsa_macro_enable_interpolator
 => dapm_seq_run_coalesced
 => dapm_seq_run
 => dapm_power_widgets
 => snd_soc_dapm_stream_event
 => __soc_pcm_prepare
 => dpcm_be_dai_prepare
 => dpcm_fe_dai_prepare
 => snd_pcm_do_prepare
 => snd_pcm_action_single
 => snd_pcm_action_nonatomic
 => snd_pcm_prepare
 => snd_pcm_common_ioctl
 => snd_pcm_ioctl
 => __arm64_sys_ioctl
 => invoke_syscall.constprop.0
 => el0_svc_common.constprop.0
 => do_el0_svc
 => el0_svc
 => el0t_64_sync_handler
 => el0t_64_sync
     wireplumber-1829    [003] d....    12.852794: sp11_wsa_cupd: (snd_soc_component_update_bits+0x0/0x110 [snd_soc_core]) component=0xffff000801517480 reg=1040 mask=3 val=3
     wireplumber-1829    [003] d....    12.852795: <stack trace>
 => snd_soc_component_update_bits
 => dapm_seq_check_event
 => dapm_seq_run_coalesced
 => dapm_seq_run
 => dapm_power_widgets
 => snd_soc_dapm_stream_event
 => __soc_pcm_prepare
 => dpcm_be_dai_prepare
 => dpcm_fe_dai_prepare
 => snd_pcm_do_prepare
 => snd_pcm_action_single
 => snd_pcm_action_nonatomic
 => snd_pcm_prepare
 => snd_pcm_common_ioctl
 => snd_pcm_ioctl
 => __arm64_sys_ioctl
 => invoke_syscall.constprop.0
 => el0_svc_common.constprop.0
 => do_el0_svc
 => el0_svc
 => el0t_64_sync_handler
 => el0t_64_sync
     wireplumber-1829    [003] d....    12.852796: sp11_wsa_cupd: (snd_soc_component_update_bits+0x0/0x110 [snd_soc_core]) component=0xffff000801517480 reg=1024 mask=16 val=16
     wireplumber-1829    [003] d....    12.852796: <stack trace>
 => snd_soc_component_update_bits
 => dapm_seq_check_event
 => dapm_seq_run_coalesced
 => dapm_seq_run
 => dapm_power_widgets
 => snd_soc_dapm_stream_event
 => __soc_pcm_prepare
 => dpcm_be_dai_prepare
 => dpcm_fe_dai_prepare
 => snd_pcm_do_prepare
 => snd_pcm_action_single
 => snd_pcm_action_nonatomic
 => snd_pcm_prepare
 => snd_pcm_common_ioctl
 => snd_pcm_ioctl
 => __arm64_sys_ioctl
 => invoke_syscall.constprop.0
 => el0_svc_common.constprop.0
 => do_el0_svc
 => el0_svc
 => el0t_64_sync_handler
 => el0t_64_sync
     wireplumber-1829    [003] d....    12.852798: sp11_wsa_cupd: (snd_soc_component_update_bits+0x0/0x110 [snd_soc_core]) component=0xffff000801517480 reg=1072 mask=60 val=16
     wireplumber-1829    [003] d....    12.852798: <stack trace>
 => snd_soc_component_update_bits
 => dapm_seq_check_event
 => dapm_seq_run_coalesced
 => dapm_seq_run
 => dapm_power_widgets
 => snd_soc_dapm_stream_event
 => __soc_pcm_prepare
 => dpcm_be_dai_prepare
 => dpcm_fe_dai_prepare
 => snd_pcm_do_prepare
 => snd_pcm_action_single
 => snd_pcm_action_nonatomic
 => snd_pcm_prepare
 => snd_pcm_common_ioctl
 => snd_pcm_ioctl
 => __arm64_sys_ioctl
 => invoke_syscall.constprop.0
 => el0_svc_common.constprop.0
 => do_el0_svc
 => el0_svc
 => el0t_64_sync_handler
 => el0t_64_sync
     wireplumber-1829    [003] d....    12.852800: sp11_wsa_cupd: (snd_soc_component_update_bits+0x0/0x110 [snd_soc_core]) component=0xffff000801517480 reg=1072 mask=3 val=1
     wireplumber-1829    [003] d....    12.852800: <stack trace>
 => snd_soc_component_update_bits
 => dapm_seq_check_event
 => dapm_seq_run_coalesced
 => dapm_seq_run
 => dapm_power_widgets
 => snd_soc_dapm_stream_event
 => __soc_pcm_prepare
 => dpcm_be_dai_prepare
 => dpcm_fe_dai_prepare
 => snd_pcm_do_prepare
 => snd_pcm_action_single
 => snd_pcm_action_nonatomic
 => snd_pcm_prepare
 => snd_pcm_common_ioctl
 => snd_pcm_ioctl
 => __arm64_sys_ioctl
 => invoke_syscall.constprop.0
 => el0_svc_common.constprop.0
 => do_el0_svc
 => el0_svc
 => el0t_64_sync_handler
 => el0t_64_sync
     wireplumber-1829    [003] d....    12.852801: sp11_wsa_cupd: (snd_soc_component_update_bits+0x0/0x110 [snd_soc_core]) component=0xffff000801517480 reg=1028 mask=4 val=4
     wireplumber-1829    [003] d....    12.852802: <stack trace>
 => snd_soc_component_update_bits
 => dapm_seq_check_event
 => dapm_seq_run_coalesced
 => dapm_seq_run
 => dapm_power_widgets
 => snd_soc_dapm_stream_event
 => __soc_pcm_prepare
 => dpcm_be_dai_prepare
 => dpcm_fe_dai_prepare
 => snd_pcm_do_prepare
 => snd_pcm_action_single
 => snd_pcm_action_nonatomic
 => snd_pcm_prepare
 => snd_pcm_common_ioctl
 => snd_pcm_ioctl
 => __arm64_sys_ioctl
 => invoke_syscall.constprop.0
 => el0_svc_common.constprop.0
 => do_el0_svc
 => el0_svc
 => el0t_64_sync_handler
 => el0t_64_sync
     wireplumber-1829    [003] d....    12.852803: sp11_wsa_cupd: (snd_soc_component_update_bits+0x0/0x110 [snd_soc_core]) component=0xffff000801517480 reg=1100 mask=1 val=1
     wireplumber-1829    [003] d....    12.852803: <stack trace>
 => snd_soc_component_update_bits
 => dapm_seq_check_event
 => dapm_seq_run_coalesced
 => dapm_seq_run
 => dapm_power_widgets
 => snd_soc_dapm_stream_event
 => __soc_pcm_prepare
 => dpcm_be_dai_prepare
 => dpcm_fe_dai_prepare
 => snd_pcm_do_prepare
 => snd_pcm_action_single
 => snd_pcm_action_nonatomic
 => snd_pcm_prepare
 => snd_pcm_common_ioctl
 => snd_pcm_ioctl
 => __arm64_sys_ioctl
 => invoke_syscall.constprop.0
 => el0_svc_common.constprop.0
 => do_el0_svc
 => el0_svc
 => el0t_64_sync_handler
 => el0t_64_sync
     wireplumber-1829    [003] d....    12.852805: sp11_macro_interp: (wsa_macro_enable_interpolator+0x0/0x750 [snd_soc_lpass_wsa_macro]) widget=18446462633433501184 event=1
     wireplumber-1829    [003] d....    12.852805: <stack trace>
 => wsa_macro_enable_interpolator
 => dapm_seq_run_coalesced
 => dapm_seq_run
 => dapm_power_widgets
 => snd_soc_dapm_stream_event
 => __soc_pcm_prepare
 => dpcm_be_dai_prepare
 => dpcm_fe_dai_prepare
 => snd_pcm_do_prepare
 => snd_pcm_action_single
 => snd_pcm_action_nonatomic
 => snd_pcm_prepare
 => snd_pcm_common_ioctl
 => snd_pcm_ioctl
 => __arm64_sys_ioctl
 => invoke_syscall.constprop.0
 => el0_svc_common.constprop.0
 => do_el0_svc
 => el0_svc
 => el0t_64_sync_handler
 => el0t_64_sync
     wireplumber-1829    [003] d....    12.852806: sp11_wsa_cupd: (snd_soc_component_update_bits+0x0/0x110 [snd_soc_core]) component=0xffff000801517480 reg=1168 mask=3 val=3
     wireplumber-1829    [003] d....    12.852806: <stack trace>
 => snd_soc_component_update_bits
 => dapm_seq_check_event
 => dapm_seq_run_coalesced
 => dapm_seq_run
 => dapm_power_widgets
 => snd_soc_dapm_stream_event
 => __soc_pcm_prepare
 => dpcm_be_dai_prepare
 => dpcm_fe_dai_prepare
 => snd_pcm_do_prepare
 => snd_pcm_action_single
 => snd_pcm_action_nonatomic
 => snd_pcm_prepare
 => snd_pcm_common_ioctl
 => snd_pcm_ioctl
 => __arm64_sys_ioctl
 => invoke_syscall.constprop.0
 => el0_svc_common.constprop.0
 => do_el0_svc
 => el0_svc
 => el0t_64_sync_handler
 => el0t_64_sync
     wireplumber-1829    [003] d....    12.852807: sp11_wsa_cupd: (snd_soc_component_update_bits+0x0/0x110 [snd_soc_core]) component=0xffff000801517480 reg=1152 mask=16 val=16
     wireplumber-1829    [003] d....    12.852808: <stack trace>
 => snd_soc_component_update_bits
 => dapm_seq_check_event
 => dapm_seq_run_coalesced
 => dapm_seq_run
 => dapm_power_widgets
 => snd_soc_dapm_stream_event
 => __soc_pcm_prepare
 => dpcm_be_dai_prepare
 => dpcm_fe_dai_prepare
 => snd_pcm_do_prepare
 => snd_pcm_action_single
 => snd_pcm_action_nonatomic
 => snd_pcm_prepare
 => snd_pcm_common_ioctl
 => snd_pcm_ioctl
 => __arm64_sys_ioctl
 => invoke_syscall.constprop.0
 => el0_svc_common.constprop.0
 => do_el0_svc
 => el0_svc
 => el0t_64_sync_handler
 => el0t_64_sync
     wireplumber-1829    [003] d....    12.852809: sp11_wsa_cupd: (snd_soc_component_update_bits+0x0/0x110 [snd_soc_core]) component=0xffff000801517480 reg=1200 mask=60 val=16
     wireplumber-1829    [003] d....    12.852809: <stack trace>
 => snd_soc_component_update_bits
 => dapm_seq_check_event
 => dapm_seq_run_coalesced
 => dapm_seq_run
 => dapm_power_widgets
 => snd_soc_dapm_stream_event
 => __soc_pcm_prepare
 => dpcm_be_dai_prepare
 => dpcm_fe_dai_prepare
 => snd_pcm_do_prepare
 => snd_pcm_action_single
 => snd_pcm_action_nonatomic
 => snd_pcm_prepare
 => snd_pcm_common_ioctl
 => snd_pcm_ioctl
 => __arm64_sys_ioctl
 => invoke_syscall.constprop.0
 => el0_svc_common.constprop.0
 => do_el0_svc
 => el0_svc
 => el0t_64_sync_handler
 => el0t_64_sync
     wireplumber-1829    [003] d....    12.852811: sp11_wsa_cupd: (snd_soc_component_update_bits+0x0/0x110 [snd_soc_core]) component=0xffff000801517480 reg=1200 mask=3 val=1
     wireplumber-1829    [003] d....    12.852811: <stack trace>
 => snd_soc_component_update_bits
 => dapm_seq_check_event
 => dapm_seq_run_coalesced
 => dapm_seq_run
 => dapm_power_widgets
 => snd_soc_dapm_stream_event
 => __soc_pcm_prepare
 => dpcm_be_dai_prepare
 => dpcm_fe_dai_prepare
 => snd_pcm_do_prepare
 => snd_pcm_action_single
 => snd_pcm_action_nonatomic
 => snd_pcm_prepare
 => snd_pcm_common_ioctl
 => snd_pcm_ioctl
 => __arm64_sys_ioctl
 => invoke_syscall.constprop.0
 => el0_svc_common.constprop.0
 => do_el0_svc
 => el0_svc
 => el0t_64_sync_handler
 => el0t_64_sync
     wireplumber-1829    [003] d....    12.852812: sp11_wsa_cupd: (snd_soc_component_update_bits+0x0/0x110 [snd_soc_core]) component=0xffff000801517480 reg=1156 mask=4 val=4
     wireplumber-1829    [003] d....    12.852813: <stack trace>
 => snd_soc_component_update_bits
 => dapm_seq_check_event
 => dapm_seq_run_coalesced
 => dapm_seq_run
 => dapm_power_widgets
 => snd_soc_dapm_stream_event
 => __soc_pcm_prepare
 => dpcm_be_dai_prepare
 => dpcm_fe_dai_prepare
 => snd_pcm_do_prepare
 => snd_pcm_action_single
 => snd_pcm_action_nonatomic
 => snd_pcm_prepare
 => snd_pcm_common_ioctl
 => snd_pcm_ioctl
 => __arm64_sys_ioctl
 => invoke_syscall.constprop.0
 => el0_svc_common.constprop.0
 => do_el0_svc
 => el0_svc
 => el0t_64_sync_handler
 => el0t_64_sync
     wireplumber-1829    [003] d....    12.852814: sp11_wsa_cupd: (snd_soc_component_update_bits+0x0/0x110 [snd_soc_core]) component=0xffff000801517480 reg=1228 mask=1 val=1
     wireplumber-1829    [003] d....    12.852814: <stack trace>
 => snd_soc_component_update_bits
 => dapm_seq_check_event
 => dapm_seq_run_coalesced
 => dapm_seq_run
 => dapm_power_widgets
 => snd_soc_dapm_stream_event
 => __soc_pcm_prepare
 => dpcm_be_dai_prepare
 => dpcm_fe_dai_prepare
 => snd_pcm_do_prepare
 => snd_pcm_action_single
 => snd_pcm_action_nonatomic
 => snd_pcm_prepare
 => snd_pcm_common_ioctl
 => snd_pcm_ioctl
 => __arm64_sys_ioctl
 => invoke_syscall.constprop.0
 => el0_svc_common.constprop.0
 => do_el0_svc
 => el0_svc
 => el0t_64_sync_handler
 => el0t_64_sync
     wireplumber-1829    [003] d....    12.852816: sp11_wsa_cupd: (snd_soc_component_update_bits+0x0/0x110 [snd_soc_core]) component=0xffff000801517480 reg=1024 mask=16 val=0
     wireplumber-1829    [003] d....    12.852816: <stack trace>
 => snd_soc_component_update_bits
 => dapm_seq_check_event
 => dapm_seq_run_coalesced
 => dapm_seq_run
 => dapm_power_widgets
 => snd_soc_dapm_stream_event
 => __soc_pcm_prepare
 => dpcm_be_dai_prepare
 => dpcm_fe_dai_prepare
 => snd_pcm_do_prepare
 => snd_pcm_action_single
 => snd_pcm_action_nonatomic
 => snd_pcm_prepare
 => snd_pcm_common_ioctl
 => snd_pcm_ioctl
 => __arm64_sys_ioctl
 => invoke_syscall.constprop.0
 => el0_svc_common.constprop.0
 => do_el0_svc
 => el0_svc
 => el0t_64_sync_handler
 => el0t_64_sync
     wireplumber-1829    [003] d....    12.852818: sp11_wsa_cupd: (snd_soc_component_update_bits+0x0/0x110 [snd_soc_core]) component=0xffff000801517480 reg=1152 mask=16 val=0
     wireplumber-1829    [003] d....    12.852818: <stack trace>
 => snd_soc_component_update_bits
 => dapm_seq_check_event
 => dapm_seq_run_coalesced
 => dapm_seq_run
 => dapm_power_widgets
 => snd_soc_dapm_stream_event
 => __soc_pcm_prepare
 => dpcm_be_dai_prepare
 => dpcm_fe_dai_prepare
 => snd_pcm_do_prepare
 => snd_pcm_action_single
 => snd_pcm_action_nonatomic
 => snd_pcm_prepare
 => snd_pcm_common_ioctl
 => snd_pcm_ioctl
 => __arm64_sys_ioctl
 => invoke_syscall.constprop.0
 => el0_svc_common.constprop.0
 => do_el0_svc
 => el0_svc
 => el0t_64_sync_handler
 => el0t_64_sync
     wireplumber-1829    [003] d....    12.852819: sp11_macro_interp: (wsa_macro_enable_interpolator+0x0/0x750 [snd_soc_lpass_wsa_macro]) widget=18446462633433501696 event=2
     wireplumber-1829    [003] d....    12.852820: <stack trace>
 => wsa_macro_enable_interpolator
 => dapm_seq_run_coalesced
 => dapm_seq_run
 => dapm_power_widgets
 => snd_soc_dapm_stream_event
 => __soc_pcm_prepare
 => dpcm_be_dai_prepare
 => dpcm_fe_dai_prepare
 => snd_pcm_do_prepare
 => snd_pcm_action_single
 => snd_pcm_action_nonatomic
 => snd_pcm_prepare
 => snd_pcm_common_ioctl
 => snd_pcm_ioctl
 => __arm64_sys_ioctl
 => invoke_syscall.constprop.0
 => el0_svc_common.constprop.0
 => do_el0_svc
 => el0_svc
 => el0t_64_sync_handler
 => el0t_64_sync
     wireplumber-1829    [003] d....    12.852821: sp11_wsa_cupd: (snd_soc_component_update_bits+0x0/0x110 [snd_soc_core]) component=0xffff000801517480 reg=1408 mask=1 val=1
     wireplumber-1829    [003] d....    12.852821: <stack trace>
 => snd_soc_component_update_bits
 => dapm_seq_check_event
 => dapm_seq_run_coalesced
 => dapm_seq_run
 => dapm_power_widgets
 => snd_soc_dapm_stream_event
 => __soc_pcm_prepare
 => dpcm_be_dai_prepare
 => dpcm_fe_dai_prepare
 => snd_pcm_do_prepare
 => snd_pcm_action_single
 => snd_pcm_action_nonatomic
 => snd_pcm_prepare
 => snd_pcm_common_ioctl
 => snd_pcm_ioctl
 => __arm64_sys_ioctl
 => invoke_syscall.constprop.0
 => el0_svc_common.constprop.0
 => do_el0_svc
 => el0_svc
 => el0t_64_sync_handler
 => el0t_64_sync
     wireplumber-1829    [003] d....    12.852823: sp11_wsa_cupd: (snd_soc_component_update_bits+0x0/0x110 [snd_soc_core]) component=0xffff000801517480 reg=1408 mask=2 val=2
     wireplumber-1829    [003] d....    12.852823: <stack trace>
 => snd_soc_component_update_bits
 => dapm_seq_check_event
 => dapm_seq_run_coalesced
 => dapm_seq_run
 => dapm_power_widgets
 => snd_soc_dapm_stream_event
 => __soc_pcm_prepare
 => dpcm_be_dai_prepare
 => dpcm_fe_dai_prepare
 => snd_pcm_do_prepare
 => snd_pcm_action_single
 => snd_pcm_action_nonatomic
 => snd_pcm_prepare
 => snd_pcm_common_ioctl
 => snd_pcm_ioctl
 => __arm64_sys_ioctl
 => invoke_syscall.constprop.0
 => el0_svc_common.constprop.0
 => do_el0_svc
 => el0_svc
 => el0t_64_sync_handler
 => el0t_64_sync
     wireplumber-1829    [003] d....    12.852825: sp11_wsa_cupd: (snd_soc_component_update_bits+0x0/0x110 [snd_soc_core]) component=0xffff000801517480 reg=1408 mask=2 val=0
     wireplumber-1829    [003] d....    12.852825: <stack trace>
 => snd_soc_component_update_bits
 => dapm_seq_check_event
 => dapm_seq_run_coalesced
 => dapm_seq_run
 => dapm_power_widgets
 => snd_soc_dapm_stream_event
 => __soc_pcm_prepare
 => dpcm_be_dai_prepare
 => dpcm_fe_dai_prepare
 => snd_pcm_do_prepare
 => snd_pcm_action_single
 => snd_pcm_action_nonatomic
 => snd_pcm_prepare
 => snd_pcm_common_ioctl
 => snd_pcm_ioctl
 => __arm64_sys_ioctl
 => invoke_syscall.constprop.0
 => el0_svc_common.constprop.0
 => do_el0_svc
 => el0_svc
 => el0t_64_sync_handler
 => el0t_64_sync
     wireplumber-1829    [003] d....    12.852826: sp11_wsa_cupd: (snd_soc_component_update_bits+0x0/0x110 [snd_soc_core]) component=0xffff000801517480 reg=1028 mask=2 val=2
     wireplumber-1829    [003] d....    12.852827: <stack trace>
 => snd_soc_component_update_bits
 => dapm_seq_check_event
 => dapm_seq_run_coalesced
 => dapm_seq_run
 => dapm_power_widgets
 => snd_soc_dapm_stream_event
 => __soc_pcm_prepare
 => dpcm_be_dai_prepare
 => dpcm_fe_dai_prepare
 => snd_pcm_do_prepare
 => snd_pcm_action_single
 => snd_pcm_action_nonatomic
 => snd_pcm_prepare
 => snd_pcm_common_ioctl
 => snd_pcm_ioctl
 => __arm64_sys_ioctl
 => invoke_syscall.constprop.0
 => el0_svc_common.constprop.0
 => do_el0_svc
 => el0_svc
 => el0t_64_sync_handler
 => el0t_64_sync
     wireplumber-1829    [003] d....    12.852828: sp11_wsa_cupd: (snd_soc_component_update_bits+0x0/0x110 [snd_soc_core]) component=0xffff000801517480 reg=1064 mask=1 val=1
     wireplumber-1829    [003] d....    12.852828: <stack trace>
 => snd_soc_component_update_bits
 => dapm_seq_check_event
 => dapm_seq_run_coalesced
 => dapm_seq_run
 => dapm_power_widgets
 => snd_soc_dapm_stream_event
 => __soc_pcm_prepare
 => dpcm_be_dai_prepare
 => dpcm_fe_dai_prepare
 => snd_pcm_do_prepare
 => snd_pcm_action_single
 => snd_pcm_action_nonatomic
 => snd_pcm_prepare
 => snd_pcm_common_ioctl
 => snd_pcm_ioctl
 => __arm64_sys_ioctl
 => invoke_syscall.constprop.0
 => el0_svc_common.constprop.0
 => do_el0_svc
 => el0_svc
 => el0t_64_sync_handler
 => el0t_64_sync
     wireplumber-1829    [003] d....    12.852830: sp11_wsa_cupd: (snd_soc_component_update_bits+0x0/0x110 [snd_soc_core]) component=0xffff000801517480 reg=1092 mask=1 val=1
     wireplumber-1829    [003] d....    12.852830: <stack trace>
 => snd_soc_component_update_bits
 => dapm_seq_check_event
 => dapm_seq_run_coalesced
 => dapm_seq_run
 => dapm_power_widgets
 => snd_soc_dapm_stream_event
 => __soc_pcm_prepare
 => dpcm_be_dai_prepare
 => dpcm_fe_dai_prepare
 => snd_pcm_do_prepare
 => snd_pcm_action_single
 => snd_pcm_action_nonatomic
 => snd_pcm_prepare
 => snd_pcm_common_ioctl
 => snd_pcm_ioctl
 => __arm64_sys_ioctl
 => invoke_syscall.constprop.0
 => el0_svc_common.constprop.0
 => do_el0_svc
 => el0_svc
 => el0t_64_sync_handler
 => el0t_64_sync
     wireplumber-1829    [003] d....    12.852831: sp11_wsa_cupd: (snd_soc_component_update_bits+0x0/0x110 [snd_soc_core]) component=0xffff000801517480 reg=1192 mask=1 val=1
     wireplumber-1829    [003] d....    12.852832: <stack trace>
 => snd_soc_component_update_bits
 => dapm_seq_check_event
 => dapm_seq_run_coalesced
 => dapm_seq_run
 => dapm_power_widgets
 => snd_soc_dapm_stream_event
 => __soc_pcm_prepare
 => dpcm_be_dai_prepare
 => dpcm_fe_dai_prepare
 => snd_pcm_do_prepare
 => snd_pcm_action_single
 => snd_pcm_action_nonatomic
 => snd_pcm_prepare
 => snd_pcm_common_ioctl
 => snd_pcm_ioctl
 => __arm64_sys_ioctl
 => invoke_syscall.constprop.0
 => el0_svc_common.constprop.0
 => do_el0_svc
 => el0_svc
 => el0t_64_sync_handler
 => el0t_64_sync
     wireplumber-1829    [003] d....    12.852833: sp11_wsa_cupd: (snd_soc_component_update_bits+0x0/0x110 [snd_soc_core]) component=0xffff000801517480 reg=1220 mask=1 val=1
     wireplumber-1829    [003] d....    12.852834: <stack trace>
 => snd_soc_component_update_bits
 => dapm_seq_check_event
 => dapm_seq_run_coalesced
 => dapm_seq_run
 => dapm_power_widgets
 => snd_soc_dapm_stream_event
 => __soc_pcm_prepare
 => dpcm_be_dai_prepare
 => dpcm_fe_dai_prepare
 => snd_pcm_do_prepare
 => snd_pcm_action_single
 => snd_pcm_action_nonatomic
 => snd_pcm_prepare
 => snd_pcm_common_ioctl
 => snd_pcm_ioctl
 => __arm64_sys_ioctl
 => invoke_syscall.constprop.0
 => el0_svc_common.constprop.0
 => do_el0_svc
 => el0_svc
 => el0t_64_sync_handler
 => el0t_64_sync
     wireplumber-1829    [003] d....    12.852835: sp11_macro_interp: (wsa_macro_enable_interpolator+0x0/0x750 [snd_soc_lpass_wsa_macro]) widget=18446462633433501184 event=2
     wireplumber-1829    [003] d....    12.852835: <stack trace>
 => wsa_macro_enable_interpolator
 => dapm_seq_run_coalesced
 => dapm_seq_run
 => dapm_power_widgets
 => snd_soc_dapm_stream_event
 => __soc_pcm_prepare
 => dpcm_be_dai_prepare
 => dpcm_fe_dai_prepare
 => snd_pcm_do_prepare
 => snd_pcm_action_single
 => snd_pcm_action_nonatomic
 => snd_pcm_prepare
 => snd_pcm_common_ioctl
 => snd_pcm_ioctl
 => __arm64_sys_ioctl
 => invoke_syscall.constprop.0
 => el0_svc_common.constprop.0
 => do_el0_svc
 => el0_svc
 => el0t_64_sync_handler
 => el0t_64_sync
     wireplumber-1829    [003] d....    12.852836: sp11_wsa_cupd: (snd_soc_component_update_bits+0x0/0x110 [snd_soc_core]) component=0xffff000801517480 reg=1504 mask=1 val=1
     wireplumber-1829    [003] d....    12.852836: <stack trace>
 => snd_soc_component_update_bits
 => dapm_seq_check_event
 => dapm_seq_run_coalesced
 => dapm_seq_run
 => dapm_power_widgets
 => snd_soc_dapm_stream_event
 => __soc_pcm_prepare
 => dpcm_be_dai_prepare
 => dpcm_fe_dai_prepare
 => snd_pcm_do_prepare
 => snd_pcm_action_single
 => snd_pcm_action_nonatomic
 => snd_pcm_prepare
 => snd_pcm_common_ioctl
 => snd_pcm_ioctl
 => __arm64_sys_ioctl
 => invoke_syscall.constprop.0
 => el0_svc_common.constprop.0
 => do_el0_svc
 => el0_svc
 => el0t_64_sync_handler
 => el0t_64_sync
     wireplumber-1829    [003] d....    12.852837: sp11_wsa_cupd: (snd_soc_component_update_bits+0x0/0x110 [snd_soc_core]) component=0xffff000801517480 reg=1504 mask=2 val=2
     wireplumber-1829    [003] d....    12.852838: <stack trace>
 => snd_soc_component_update_bits
 => dapm_seq_check_event
 => dapm_seq_run_coalesced
 => dapm_seq_run
 => dapm_power_widgets
 => snd_soc_dapm_stream_event
 => __soc_pcm_prepare
 => dpcm_be_dai_prepare
 => dpcm_fe_dai_prepare
 => snd_pcm_do_prepare
 => snd_pcm_action_single
 => snd_pcm_action_nonatomic
 => snd_pcm_prepare
 => snd_pcm_common_ioctl
 => snd_pcm_ioctl
 => __arm64_sys_ioctl
 => invoke_syscall.constprop.0
 => el0_svc_common.constprop.0
 => do_el0_svc
 => el0_svc
 => el0t_64_sync_handler
 => el0t_64_sync
     wireplumber-1829    [003] d....    12.852839: sp11_wsa_cupd: (snd_soc_component_update_bits+0x0/0x110 [snd_soc_core]) component=0xffff000801517480 reg=1504 mask=2 val=0
     wireplumber-1829    [003] d....    12.852839: <stack trace>
 => snd_soc_component_update_bits
 => dapm_seq_check_event
 => dapm_seq_run_coalesced
 => dapm_seq_run
 => dapm_power_widgets
 => snd_soc_dapm_stream_event
 => __soc_pcm_prepare
 => dpcm_be_dai_prepare
 => dpcm_fe_dai_prepare
 => snd_pcm_do_prepare
 => snd_pcm_action_single
 => snd_pcm_action_nonatomic
 => snd_pcm_prepare
 => snd_pcm_common_ioctl
 => snd_pcm_ioctl
 => __arm64_sys_ioctl
 => invoke_syscall.constprop.0
 => el0_svc_common.constprop.0
 => do_el0_svc
 => el0_svc
 => el0t_64_sync_handler
 => el0t_64_sync
     wireplumber-1829    [003] d....    12.852841: sp11_wsa_cupd: (snd_soc_component_update_bits+0x0/0x110 [snd_soc_core]) component=0xffff000801517480 reg=1156 mask=2 val=2
     wireplumber-1829    [003] d....    12.852841: <stack trace>
 => snd_soc_component_update_bits
 => dapm_seq_check_event
 => dapm_seq_run_coalesced
 => dapm_seq_run
 => dapm_power_widgets
 => snd_soc_dapm_stream_event
 => __soc_pcm_prepare
 => dpcm_be_dai_prepare
 => dpcm_fe_dai_prepare
 => snd_pcm_do_prepare
 => snd_pcm_action_single
 => snd_pcm_action_nonatomic
 => snd_pcm_prepare
 => snd_pcm_common_ioctl
 => snd_pcm_ioctl
 => __arm64_sys_ioctl
 => invoke_syscall.constprop.0
 => el0_svc_common.constprop.0
 => do_el0_svc
 => el0_svc
 => el0t_64_sync_handler
 => el0t_64_sync
     wireplumber-1829    [003] d....    12.852842: sp11_wsa_cupd: (snd_soc_component_update_bits+0x0/0x110 [snd_soc_core]) component=0xffff000801517480 reg=1064 mask=1 val=1
     wireplumber-1829    [003] d....    12.852843: <stack trace>
 => snd_soc_component_update_bits
 => dapm_seq_check_event
 => dapm_seq_run_coalesced
 => dapm_seq_run
 => dapm_power_widgets
 => snd_soc_dapm_stream_event
 => __soc_pcm_prepare
 => dpcm_be_dai_prepare
 => dpcm_fe_dai_prepare
 => snd_pcm_do_prepare
 => snd_pcm_action_single
 => snd_pcm_action_nonatomic
 => snd_pcm_prepare
 => snd_pcm_common_ioctl
 => snd_pcm_ioctl
 => __arm64_sys_ioctl
 => invoke_syscall.constprop.0
 => el0_svc_common.constprop.0
 => do_el0_svc
 => el0_svc
 => el0t_64_sync_handler
 => el0t_64_sync
     wireplumber-1829    [003] d....    12.852843: sp11_wsa_cupd: (snd_soc_component_update_bits+0x0/0x110 [snd_soc_core]) component=0xffff000801517480 reg=1092 mask=1 val=1
     wireplumber-1829    [003] d....    12.852844: <stack trace>
 => snd_soc_component_update_bits
 => dapm_seq_check_event
 => dapm_seq_run_coalesced
 => dapm_seq_run
 => dapm_power_widgets
 => snd_soc_dapm_stream_event
 => __soc_pcm_prepare
 => dpcm_be_dai_prepare
 => dpcm_fe_dai_prepare
 => snd_pcm_do_prepare
 => snd_pcm_action_single
 => snd_pcm_action_nonatomic
 => snd_pcm_prepare
 => snd_pcm_common_ioctl
 => snd_pcm_ioctl
 => __arm64_sys_ioctl
 => invoke_syscall.constprop.0
 => el0_svc_common.constprop.0
 => do_el0_svc
 => el0_svc
 => el0t_64_sync_handler
 => el0t_64_sync
     wireplumber-1829    [003] d....    12.852844: sp11_wsa_cupd: (snd_soc_component_update_bits+0x0/0x110 [snd_soc_core]) component=0xffff000801517480 reg=1192 mask=1 val=1
     wireplumber-1829    [003] d....    12.852844: <stack trace>
 => snd_soc_component_update_bits
 => dapm_seq_check_event
 => dapm_seq_run_coalesced
 => dapm_seq_run
 => dapm_power_widgets
 => snd_soc_dapm_stream_event
 => __soc_pcm_prepare
 => dpcm_be_dai_prepare
 => dpcm_fe_dai_prepare
 => snd_pcm_do_prepare
 => snd_pcm_action_single
 => snd_pcm_action_nonatomic
 => snd_pcm_prepare
 => snd_pcm_common_ioctl
 => snd_pcm_ioctl
 => __arm64_sys_ioctl
 => invoke_syscall.constprop.0
 => el0_svc_common.constprop.0
 => do_el0_svc
 => el0_svc
 => el0t_64_sync_handler
 => el0t_64_sync
     wireplumber-1829    [003] d....    12.852845: sp11_wsa_cupd: (snd_soc_component_update_bits+0x0/0x110 [snd_soc_core]) component=0xffff000801517480 reg=1220 mask=1 val=1
     wireplumber-1829    [003] d....    12.852845: <stack trace>
 => snd_soc_component_update_bits
 => dapm_seq_check_event
 => dapm_seq_run_coalesced
 => dapm_seq_run
 => dapm_power_widgets
 => snd_soc_dapm_stream_event
 => __soc_pcm_prepare
 => dpcm_be_dai_prepare
 => dpcm_fe_dai_prepare
 => snd_pcm_do_prepare
 => snd_pcm_action_single
 => snd_pcm_action_nonatomic
 => snd_pcm_prepare
 => snd_pcm_common_ioctl
 => snd_pcm_ioctl
 => __arm64_sys_ioctl
 => invoke_syscall.constprop.0
 => el0_svc_common.constprop.0
 => do_el0_svc
 => el0_svc
 => el0t_64_sync_handler
 => el0t_64_sync
     wireplumber-1829    [003] d....    12.852847: sp11_wsa_spkr_event: (wsa884x_spkr_event+0x0/0x290 [snd_soc_wsa884x]) widget=18446462633433483776 event=2
     wireplumber-1829    [003] d....    12.852847: <stack trace>
 => wsa884x_spkr_event
 => dapm_seq_run_coalesced
 => dapm_seq_run
 => dapm_power_widgets
 => snd_soc_dapm_stream_event
 => __soc_pcm_prepare
 => dpcm_be_dai_prepare
 => dpcm_fe_dai_prepare
 => snd_pcm_do_prepare
 => snd_pcm_action_single
 => snd_pcm_action_nonatomic
 => snd_pcm_prepare
 => snd_pcm_common_ioctl
 => snd_pcm_ioctl
 => __arm64_sys_ioctl
 => invoke_syscall.constprop.0
 => el0_svc_common.constprop.0
 => do_el0_svc
 => el0_svc
 => el0t_64_sync_handler
 => el0t_64_sync
     wireplumber-1829    [003] d....    12.852866: sp11_wsa_spkr_event: (wsa884x_spkr_event+0x0/0x290 [snd_soc_wsa884x]) widget=18446462633433486848 event=2
     wireplumber-1829    [003] d....    12.852866: <stack trace>
 => wsa884x_spkr_event
 => dapm_seq_run_coalesced
 => dapm_seq_run
 => dapm_power_widgets
 => snd_soc_dapm_stream_event
 => __soc_pcm_prepare
 => dpcm_be_dai_prepare
 => dpcm_fe_dai_prepare
 => snd_pcm_do_prepare
 => snd_pcm_action_single
 => snd_pcm_action_nonatomic
 => snd_pcm_prepare
 => snd_pcm_common_ioctl
 => snd_pcm_ioctl
 => __arm64_sys_ioctl
 => invoke_syscall.constprop.0
 => el0_svc_common.constprop.0
 => do_el0_svc
 => el0_svc
 => el0t_64_sync_handler
 => el0t_64_sync
     wireplumber-1829    [003] d....    12.852896: sp11_sdw_prepare: (sdw_prepare_stream+0x0/0x340 [soundwire_bus]) stream=18446462633243752000
     wireplumber-1829    [003] d....    12.852896: <stack trace>
 => sdw_prepare_stream
 => x1e80100_snd_prepare
 => snd_soc_link_prepare
 => __soc_pcm_prepare
 => dpcm_be_dai_prepare
 => dpcm_fe_dai_prepare
 => snd_pcm_do_prepare
 => snd_pcm_action_single
 => snd_pcm_action_nonatomic
 => snd_pcm_prepare
 => snd_pcm_common_ioctl
 => snd_pcm_ioctl
 => __arm64_sys_ioctl
 => invoke_syscall.constprop.0
 => el0_svc_common.constprop.0
 => do_el0_svc
 => el0_svc
 => el0t_64_sync_handler
 => el0t_64_sync
     wireplumber-1829    [003] d....    12.858060: sp11_sdw_enable: (sdw_enable_stream+0x0/0x1e8 [soundwire_bus]) stream=18446462633243752000
     wireplumber-1829    [003] d....    12.858062: <stack trace>
 => sdw_enable_stream
 => x1e80100_snd_prepare
 => snd_soc_link_prepare
 => __soc_pcm_prepare
 => dpcm_be_dai_prepare
 => dpcm_fe_dai_prepare
 => snd_pcm_do_prepare
 => snd_pcm_action_single
 => snd_pcm_action_nonatomic
 => snd_pcm_prepare
 => snd_pcm_common_ioctl
 => snd_pcm_ioctl
 => __arm64_sys_ioctl
 => invoke_syscall.constprop.0
 => el0_svc_common.constprop.0
 => do_el0_svc
 => el0_svc
 => el0t_64_sync_handler
 => el0t_64_sync
     wireplumber-1829    [003] d....    12.862056: sp11_sdw_prepare: (sdw_prepare_stream+0x0/0x340 [soundwire_bus]) stream=18446462633243754112
     wireplumber-1829    [003] d....    12.862057: <stack trace>
 => sdw_prepare_stream
 => x1e80100_snd_prepare
 => snd_soc_link_prepare
 => __soc_pcm_prepare
 => dpcm_be_dai_prepare
 => dpcm_fe_dai_prepare
 => snd_pcm_do_prepare
 => snd_pcm_action_single
 => snd_pcm_action_nonatomic
 => snd_pcm_prepare
 => snd_pcm_common_ioctl
 => snd_pcm_ioctl
 => __arm64_sys_ioctl
 => invoke_syscall.constprop.0
 => el0_svc_common.constprop.0
 => do_el0_svc
 => el0_svc
 => el0t_64_sync_handler
 => el0t_64_sync
     wireplumber-1829    [003] d....    12.866454: sp11_sdw_enable: (sdw_enable_stream+0x0/0x1e8 [soundwire_bus]) stream=18446462633243754112
     wireplumber-1829    [003] d....    12.866454: <stack trace>
 => sdw_enable_stream
 => x1e80100_snd_prepare
 => snd_soc_link_prepare
 => __soc_pcm_prepare
 => dpcm_be_dai_prepare
 => dpcm_fe_dai_prepare
 => snd_pcm_do_prepare
 => snd_pcm_action_single
 => snd_pcm_action_nonatomic
 => snd_pcm_prepare
 => snd_pcm_common_ioctl
 => snd_pcm_ioctl
 => __arm64_sys_ioctl
 => invoke_syscall.constprop.0
 => el0_svc_common.constprop.0
 => do_el0_svc
 => el0_svc
 => el0t_64_sync_handler
 => el0t_64_sync
     wireplumber-1829    [000] d....    12.888581: sp11_wsa_spkr_event: (wsa884x_spkr_event+0x0/0x290 [snd_soc_wsa884x]) widget=18446462633433483776 event=4
     wireplumber-1829    [000] d....    12.888583: <stack trace>
 => wsa884x_spkr_event
 => dapm_seq_run_coalesced
 => dapm_seq_run
 => dapm_power_widgets
 => snd_soc_dapm_stream_event
 => snd_soc_dapm_stream_stop
 => soc_pcm_hw_clean.isra.0
 => dpcm_be_dai_hw_free
 => dpcm_fe_dai_hw_free
 => snd_pcm_common_ioctl
 => snd_pcm_ioctl
 => __arm64_sys_ioctl
 => invoke_syscall.constprop.0
 => el0_svc_common.constprop.0
 => do_el0_svc
 => el0_svc
 => el0t_64_sync_handler
 => el0t_64_sync
     wireplumber-1829    [000] d....    12.888595: sp11_wsa_spkr_event: (wsa884x_spkr_event+0x0/0x290 [snd_soc_wsa884x]) widget=18446462633433486848 event=4
     wireplumber-1829    [000] d....    12.888595: <stack trace>
 => wsa884x_spkr_event
 => dapm_seq_run_coalesced
 => dapm_seq_run
 => dapm_power_widgets
 => snd_soc_dapm_stream_event
 => snd_soc_dapm_stream_stop
 => soc_pcm_hw_clean.isra.0
 => dpcm_be_dai_hw_free
 => dpcm_fe_dai_hw_free
 => snd_pcm_common_ioctl
 => snd_pcm_ioctl
 => __arm64_sys_ioctl
 => invoke_syscall.constprop.0
 => el0_svc_common.constprop.0
 => do_el0_svc
 => el0_svc
 => el0t_64_sync_handler
 => el0t_64_sync
     wireplumber-1829    [000] d....    12.888601: sp11_wsa_cupd: (snd_soc_component_update_bits+0x0/0x110 [snd_soc_core]) component=0xffff000801517480 reg=1280 mask=16 val=0
     wireplumber-1829    [000] d....    12.888602: <stack trace>
 => snd_soc_component_update_bits
 => dapm_seq_check_event
 => dapm_seq_run_coalesced
 => dapm_seq_run
 => dapm_power_widgets
 => snd_soc_dapm_stream_event
 => snd_soc_dapm_stream_stop
 => soc_pcm_hw_clean.isra.0
 => dpcm_be_dai_hw_free
 => dpcm_fe_dai_hw_free
 => snd_pcm_common_ioctl
 => snd_pcm_ioctl
 => __arm64_sys_ioctl
 => invoke_syscall.constprop.0
 => el0_svc_common.constprop.0
 => do_el0_svc
 => el0_svc
 => el0t_64_sync_handler
 => el0t_64_sync
     wireplumber-1829    [000] d....    12.888605: sp11_wsa_cupd: (snd_soc_component_update_bits+0x0/0x110 [snd_soc_core]) component=0xffff000801517480 reg=1032 mask=1 val=0
     wireplumber-1829    [000] d....    12.888605: <stack trace>
 => snd_soc_component_update_bits
 => dapm_seq_check_event
 => dapm_seq_run_coalesced
 => dapm_seq_run
 => dapm_power_widgets
 => snd_soc_dapm_stream_event
 => snd_soc_dapm_stream_stop
 => soc_pcm_hw_clean.isra.0
 => dpcm_be_dai_hw_free
 => dpcm_fe_dai_hw_free
 => snd_pcm_common_ioctl
 => snd_pcm_ioctl
 => __arm64_sys_ioctl
 => invoke_syscall.constprop.0
 => el0_svc_common.constprop.0
 => do_el0_svc
 => el0_svc
 => el0t_64_sync_handler
 => el0t_64_sync
     wireplumber-1829    [000] d....    12.888607: sp11_wsa_cupd: (snd_soc_component_update_bits+0x0/0x110 [snd_soc_core]) component=0xffff000801517480 reg=1344 mask=16 val=0
     wireplumber-1829    [000] d....    12.888607: <stack trace>
 => snd_soc_component_update_bits
 => dapm_seq_check_event
 => dapm_seq_run_coalesced
 => dapm_seq_run
 => dapm_power_widgets
 => snd_soc_dapm_stream_event
 => snd_soc_dapm_stream_stop
 => soc_pcm_hw_clean.isra.0
 => dpcm_be_dai_hw_free
 => dpcm_fe_dai_hw_free
 => snd_pcm_common_ioctl
 => snd_pcm_ioctl
 => __arm64_sys_ioctl
 => invoke_syscall.constprop.0
 => el0_svc_common.constprop.0
 => do_el0_svc
 => el0_svc
 => el0t_64_sync_handler
 => el0t_64_sync
     wireplumber-1829    [000] d....    12.888609: sp11_wsa_cupd: (snd_soc_component_update_bits+0x0/0x110 [snd_soc_core]) component=0xffff000801517480 reg=1160 mask=1 val=0
     wireplumber-1829    [000] d....    12.888609: <stack trace>
 => snd_soc_component_update_bits
 => dapm_seq_check_event
 => dapm_seq_run_coalesced
 => dapm_seq_run
 => dapm_power_widgets
 => snd_soc_dapm_stream_event
 => snd_soc_dapm_stream_stop
 => soc_pcm_hw_clean.isra.0
 => dpcm_be_dai_hw_free
 => dpcm_fe_dai_hw_free
 => snd_pcm_common_ioctl
 => snd_pcm_ioctl
 => __arm64_sys_ioctl
 => invoke_syscall.constprop.0
 => el0_svc_common.constprop.0
 => do_el0_svc
 => el0_svc
 => el0t_64_sync_handler
 => el0t_64_sync
     wireplumber-1829    [000] d....    12.888611: sp11_macro_interp: (wsa_macro_enable_interpolator+0x0/0x750 [snd_soc_lpass_wsa_macro]) widget=18446462633433501696 event=8
     wireplumber-1829    [000] d....    12.888612: <stack trace>
 => wsa_macro_enable_interpolator
 => dapm_seq_run_coalesced
 => dapm_seq_run
 => dapm_power_widgets
 => snd_soc_dapm_stream_event
 => snd_soc_dapm_stream_stop
 => soc_pcm_hw_clean.isra.0
 => dpcm_be_dai_hw_free
 => dpcm_fe_dai_hw_free
 => snd_pcm_common_ioctl
 => snd_pcm_ioctl
 => __arm64_sys_ioctl
 => invoke_syscall.constprop.0
 => el0_svc_common.constprop.0
 => do_el0_svc
 => el0_svc
 => el0t_64_sync_handler
 => el0t_64_sync
     wireplumber-1829    [000] d....    12.888612: sp11_wsa_cupd: (snd_soc_component_update_bits+0x0/0x110 [snd_soc_core]) component=0xffff000801517480 reg=1408 mask=4 val=4
     wireplumber-1829    [000] d....    12.888613: <stack trace>
 => snd_soc_component_update_bits
 => dapm_seq_check_event
 => dapm_seq_run_coalesced
 => dapm_seq_run
 => dapm_power_widgets
 => snd_soc_dapm_stream_event
 => snd_soc_dapm_stream_stop
 => soc_pcm_hw_clean.isra.0
 => dpcm_be_dai_hw_free
 => dpcm_fe_dai_hw_free
 => snd_pcm_common_ioctl
 => snd_pcm_ioctl
 => __arm64_sys_ioctl
 => invoke_syscall.constprop.0
 => el0_svc_common.constprop.0
 => do_el0_svc
 => el0_svc
 => el0t_64_sync_handler
 => el0t_64_sync
     wireplumber-1829    [000] d....    12.888614: sp11_wsa_cupd: (snd_soc_component_update_bits+0x0/0x110 [snd_soc_core]) component=0xffff000801517480 reg=1028 mask=2 val=0
     wireplumber-1829    [000] d....    12.888614: <stack trace>
 => snd_soc_component_update_bits
 => dapm_seq_check_event
 => dapm_seq_run_coalesced
 => dapm_seq_run
 => dapm_power_widgets
 => snd_soc_dapm_stream_event
 => snd_soc_dapm_stream_stop
 => soc_pcm_hw_clean.isra.0
 => dpcm_be_dai_hw_free
 => dpcm_fe_dai_hw_free
 => snd_pcm_common_ioctl
 => snd_pcm_ioctl
 => __arm64_sys_ioctl
 => invoke_syscall.constprop.0
 => el0_svc_common.constprop.0
 => do_el0_svc
 => el0_svc
 => el0t_64_sync_handler
 => el0t_64_sync
     wireplumber-1829    [000] d....    12.888616: sp11_wsa_cupd: (snd_soc_component_update_bits+0x0/0x110 [snd_soc_core]) component=0xffff000801517480 reg=1408 mask=2 val=2
     wireplumber-1829    [000] d....    12.888616: <stack trace>
 => snd_soc_component_update_bits
 => dapm_seq_check_event
 => dapm_seq_run_coalesced
 => dapm_seq_run
 => dapm_power_widgets
 => snd_soc_dapm_stream_event
 => snd_soc_dapm_stream_stop
 => soc_pcm_hw_clean.isra.0
 => dpcm_be_dai_hw_free
 => dpcm_fe_dai_hw_free
 => snd_pcm_common_ioctl
 => snd_pcm_ioctl
 => __arm64_sys_ioctl
 => invoke_syscall.constprop.0
 => el0_svc_common.constprop.0
 => do_el0_svc
 => el0_svc
 => el0t_64_sync_handler
 => el0t_64_sync
     wireplumber-1829    [000] d....    12.888617: sp11_wsa_cupd: (snd_soc_component_update_bits+0x0/0x110 [snd_soc_core]) component=0xffff000801517480 reg=1408 mask=2 val=0
     wireplumber-1829    [000] d....    12.888618: <stack trace>
 => snd_soc_component_update_bits
 => dapm_seq_check_event
 => dapm_seq_run_coalesced
 => dapm_seq_run
 => dapm_power_widgets
 => snd_soc_dapm_stream_event
 => snd_soc_dapm_stream_stop
 => soc_pcm_hw_clean.isra.0
 => dpcm_be_dai_hw_free
 => dpcm_fe_dai_hw_free
 => snd_pcm_common_ioctl
 => snd_pcm_ioctl
 => __arm64_sys_ioctl
 => invoke_syscall.constprop.0
 => el0_svc_common.constprop.0
 => do_el0_svc
 => el0_svc
 => el0t_64_sync_handler
 => el0t_64_sync
     wireplumber-1829    [000] d....    12.888619: sp11_wsa_cupd: (snd_soc_component_update_bits+0x0/0x110 [snd_soc_core]) component=0xffff000801517480 reg=1408 mask=1 val=0
     wireplumber-1829    [000] d....    12.888620: <stack trace>
 => snd_soc_component_update_bits
 => dapm_seq_check_event
 => dapm_seq_run_coalesced
 => dapm_seq_run
 => dapm_power_widgets
 => snd_soc_dapm_stream_event
 => snd_soc_dapm_stream_stop
 => soc_pcm_hw_clean.isra.0
 => dpcm_be_dai_hw_free
 => dpcm_fe_dai_hw_free
 => snd_pcm_common_ioctl
 => snd_pcm_ioctl
 => __arm64_sys_ioctl
 => invoke_syscall.constprop.0
 => el0_svc_common.constprop.0
 => do_el0_svc
 => el0_svc
 => el0t_64_sync_handler
 => el0t_64_sync
     wireplumber-1829    [000] d....    12.888621: sp11_wsa_cupd: (snd_soc_component_update_bits+0x0/0x110 [snd_soc_core]) component=0xffff000801517480 reg=1408 mask=4 val=0
     wireplumber-1829    [000] d....    12.888621: <stack trace>
 => snd_soc_component_update_bits
 => dapm_seq_check_event
 => dapm_seq_run_coalesced
 => dapm_seq_run
 => dapm_power_widgets
 => snd_soc_dapm_stream_event
 => snd_soc_dapm_stream_stop
 => soc_pcm_hw_clean.isra.0
 => dpcm_be_dai_hw_free
 => dpcm_fe_dai_hw_free
 => snd_pcm_common_ioctl
 => snd_pcm_ioctl
 => __arm64_sys_ioctl
 => invoke_syscall.constprop.0
 => el0_svc_common.constprop.0
 => do_el0_svc
 => el0_svc
 => el0t_64_sync_handler
 => el0t_64_sync
     wireplumber-1829    [000] d....    12.888623: sp11_wsa_cupd: (snd_soc_component_update_bits+0x0/0x110 [snd_soc_core]) component=0xffff000801517480 reg=1100 mask=1 val=0
     wireplumber-1829    [000] d....    12.888623: <stack trace>
 => snd_soc_component_update_bits
 => dapm_seq_check_event
 => dapm_seq_run_coalesced
 => dapm_seq_run
 => dapm_power_widgets
 => snd_soc_dapm_stream_event
 => snd_soc_dapm_stream_stop
 => soc_pcm_hw_clean.isra.0
 => dpcm_be_dai_hw_free
 => dpcm_fe_dai_hw_free
 => snd_pcm_common_ioctl
 => snd_pcm_ioctl
 => __arm64_sys_ioctl
 => invoke_syscall.constprop.0
 => el0_svc_common.constprop.0
 => do_el0_svc
 => el0_svc
 => el0t_64_sync_handler
 => el0t_64_sync
     wireplumber-1829    [000] d....    12.888624: sp11_wsa_cupd: (snd_soc_component_update_bits+0x0/0x110 [snd_soc_core]) component=0xffff000801517480 reg=1028 mask=4 val=0
     wireplumber-1829    [000] d....    12.888625: <stack trace>
 => snd_soc_component_update_bits
 => dapm_seq_check_event
 => dapm_seq_run_coalesced
 => dapm_seq_run
 => dapm_power_widgets
 => snd_soc_dapm_stream_event
 => snd_soc_dapm_stream_stop
 => soc_pcm_hw_clean.isra.0
 => dpcm_be_dai_hw_free
 => dpcm_fe_dai_hw_free
 => snd_pcm_common_ioctl
 => snd_pcm_ioctl
 => __arm64_sys_ioctl
 => invoke_syscall.constprop.0
 => el0_svc_common.constprop.0
 => do_el0_svc
 => el0_svc
 => el0t_64_sync_handler
 => el0t_64_sync
     wireplumber-1829    [000] d....    12.888626: sp11_wsa_cupd: (snd_soc_component_update_bits+0x0/0x110 [snd_soc_core]) component=0xffff000801517480 reg=1072 mask=3 val=0
     wireplumber-1829    [000] d....    12.888626: <stack trace>
 => snd_soc_component_update_bits
 => dapm_seq_check_event
 => dapm_seq_run_coalesced
 => dapm_seq_run
 => dapm_power_widgets
 => snd_soc_dapm_stream_event
 => snd_soc_dapm_stream_stop
 => soc_pcm_hw_clean.isra.0
 => dpcm_be_dai_hw_free
 => dpcm_fe_dai_hw_free
 => snd_pcm_common_ioctl
 => snd_pcm_ioctl
 => __arm64_sys_ioctl
 => invoke_syscall.constprop.0
 => el0_svc_common.constprop.0
 => do_el0_svc
 => el0_svc
 => el0t_64_sync_handler
 => el0t_64_sync
     wireplumber-1829    [000] d....    12.888628: sp11_wsa_cupd: (snd_soc_component_update_bits+0x0/0x110 [snd_soc_core]) component=0xffff000801517480 reg=1072 mask=60 val=0
     wireplumber-1829    [000] d....    12.888628: <stack trace>
 => snd_soc_component_update_bits
 => dapm_seq_check_event
 => dapm_seq_run_coalesced
 => dapm_seq_run
 => dapm_power_widgets
 => snd_soc_dapm_stream_event
 => snd_soc_dapm_stream_stop
 => soc_pcm_hw_clean.isra.0
 => dpcm_be_dai_hw_free
 => dpcm_fe_dai_hw_free
 => snd_pcm_common_ioctl
 => snd_pcm_ioctl
 => __arm64_sys_ioctl
 => invoke_syscall.constprop.0
 => el0_svc_common.constprop.0
 => do_el0_svc
 => el0_svc
 => el0t_64_sync_handler
 => el0t_64_sync
     wireplumber-1829    [000] d....    12.888630: sp11_wsa_cupd: (snd_soc_component_update_bits+0x0/0x110 [snd_soc_core]) component=0xffff000801517480 reg=1064 mask=1 val=0
     wireplumber-1829    [000] d....    12.888630: <stack trace>
 => snd_soc_component_update_bits
 => dapm_seq_check_event
 => dapm_seq_run_coalesced
 => dapm_seq_run
 => dapm_power_widgets
 => snd_soc_dapm_stream_event
 => snd_soc_dapm_stream_stop
 => soc_pcm_hw_clean.isra.0
 => dpcm_be_dai_hw_free
 => dpcm_fe_dai_hw_free
 => snd_pcm_common_ioctl
 => snd_pcm_ioctl
 => __arm64_sys_ioctl
 => invoke_syscall.constprop.0
 => el0_svc_common.constprop.0
 => do_el0_svc
 => el0_svc
 => el0t_64_sync_handler
 => el0t_64_sync
     wireplumber-1829    [000] d....    12.888631: sp11_wsa_cupd: (snd_soc_component_update_bits+0x0/0x110 [snd_soc_core]) component=0xffff000801517480 reg=1092 mask=1 val=0
     wireplumber-1829    [000] d....    12.888631: <stack trace>
 => snd_soc_component_update_bits
 => dapm_seq_check_event
 => dapm_seq_run_coalesced
 => dapm_seq_run
 => dapm_power_widgets
 => snd_soc_dapm_stream_event
 => snd_soc_dapm_stream_stop
 => soc_pcm_hw_clean.isra.0
 => dpcm_be_dai_hw_free
 => dpcm_fe_dai_hw_free
 => snd_pcm_common_ioctl
 => snd_pcm_ioctl
 => __arm64_sys_ioctl
 => invoke_syscall.constprop.0
 => el0_svc_common.constprop.0
 => do_el0_svc
 => el0_svc
 => el0t_64_sync_handler
 => el0t_64_sync
     wireplumber-1829    [000] d....    12.888634: sp11_wsa_cupd: (snd_soc_component_update_bits+0x0/0x110 [snd_soc_core]) component=0xffff000801517480 reg=1192 mask=1 val=0
     wireplumber-1829    [000] d....    12.888634: <stack trace>
 => snd_soc_component_update_bits
 => dapm_seq_check_event
 => dapm_seq_run_coalesced
 => dapm_seq_run
 => dapm_power_widgets
 => snd_soc_dapm_stream_event
 => snd_soc_dapm_stream_stop
 => soc_pcm_hw_clean.isra.0
 => dpcm_be_dai_hw_free
 => dpcm_fe_dai_hw_free
 => snd_pcm_common_ioctl
 => snd_pcm_ioctl
 => __arm64_sys_ioctl
 => invoke_syscall.constprop.0
 => el0_svc_common.constprop.0
 => do_el0_svc
 => el0_svc
 => el0t_64_sync_handler
 => el0t_64_sync
     wireplumber-1829    [000] d....    12.888635: sp11_wsa_cupd: (snd_soc_component_update_bits+0x0/0x110 [snd_soc_core]) component=0xffff000801517480 reg=1220 mask=1 val=0
     wireplumber-1829    [000] d....    12.888636: <stack trace>
 => snd_soc_component_update_bits
 => dapm_seq_check_event
 => dapm_seq_run_coalesced
 => dapm_seq_run
 => dapm_power_widgets
 => snd_soc_dapm_stream_event
 => snd_soc_dapm_stream_stop
 => soc_pcm_hw_clean.isra.0
 => dpcm_be_dai_hw_free
 => dpcm_fe_dai_hw_free
 => snd_pcm_common_ioctl
 => snd_pcm_ioctl
 => __arm64_sys_ioctl
 => invoke_syscall.constprop.0
 => el0_svc_common.constprop.0
 => do_el0_svc
 => el0_svc
 => el0t_64_sync_handler
 => el0t_64_sync
     wireplumber-1829    [000] d....    12.888637: sp11_macro_interp: (wsa_macro_enable_interpolator+0x0/0x750 [snd_soc_lpass_wsa_macro]) widget=18446462633433501184 event=8
     wireplumber-1829    [000] d....    12.888637: <stack trace>
 => wsa_macro_enable_interpolator
 => dapm_seq_run_coalesced
 => dapm_seq_run
 => dapm_power_widgets
 => snd_soc_dapm_stream_event
 => snd_soc_dapm_stream_stop
 => soc_pcm_hw_clean.isra.0
 => dpcm_be_dai_hw_free
 => dpcm_fe_dai_hw_free
 => snd_pcm_common_ioctl
 => snd_pcm_ioctl
 => __arm64_sys_ioctl
 => invoke_syscall.constprop.0
 => el0_svc_common.constprop.0
 => do_el0_svc
 => el0_svc
 => el0t_64_sync_handler
 => el0t_64_sync
     wireplumber-1829    [000] d....    12.888638: sp11_wsa_cupd: (snd_soc_component_update_bits+0x0/0x110 [snd_soc_core]) component=0xffff000801517480 reg=1504 mask=4 val=4
     wireplumber-1829    [000] d....    12.888638: <stack trace>
 => snd_soc_component_update_bits
 => dapm_seq_check_event
 => dapm_seq_run_coalesced
 => dapm_seq_run
 => dapm_power_widgets
 => snd_soc_dapm_stream_event
 => snd_soc_dapm_stream_stop
 => soc_pcm_hw_clean.isra.0
 => dpcm_be_dai_hw_free
 => dpcm_fe_dai_hw_free
 => snd_pcm_common_ioctl
 => snd_pcm_ioctl
 => __arm64_sys_ioctl
 => invoke_syscall.constprop.0
 => el0_svc_common.constprop.0
 => do_el0_svc
 => el0_svc
 => el0t_64_sync_handler
 => el0t_64_sync
     wireplumber-1829    [000] d....    12.888640: sp11_wsa_cupd: (snd_soc_component_update_bits+0x0/0x110 [snd_soc_core]) component=0xffff000801517480 reg=1156 mask=2 val=0
     wireplumber-1829    [000] d....    12.888640: <stack trace>
 => snd_soc_component_update_bits
 => dapm_seq_check_event
 => dapm_seq_run_coalesced
 => dapm_seq_run
 => dapm_power_widgets
 => snd_soc_dapm_stream_event
 => snd_soc_dapm_stream_stop
 => soc_pcm_hw_clean.isra.0
 => dpcm_be_dai_hw_free
 => dpcm_fe_dai_hw_free
 => snd_pcm_common_ioctl
 => snd_pcm_ioctl
 => __arm64_sys_ioctl
 => invoke_syscall.constprop.0
 => el0_svc_common.constprop.0
 => do_el0_svc
 => el0_svc
 => el0t_64_sync_handler
 => el0t_64_sync
     wireplumber-1829    [000] d....    12.888642: sp11_wsa_cupd: (snd_soc_component_update_bits+0x0/0x110 [snd_soc_core]) component=0xffff000801517480 reg=1504 mask=2 val=2
     wireplumber-1829    [000] d....    12.888642: <stack trace>
 => snd_soc_component_update_bits
 => dapm_seq_check_event
 => dapm_seq_run_coalesced
 => dapm_seq_run
 => dapm_power_widgets
 => snd_soc_dapm_stream_event
 => snd_soc_dapm_stream_stop
 => soc_pcm_hw_clean.isra.0
 => dpcm_be_dai_hw_free
 => dpcm_fe_dai_hw_free
 => snd_pcm_common_ioctl
 => snd_pcm_ioctl
 => __arm64_sys_ioctl
 => invoke_syscall.constprop.0
 => el0_svc_common.constprop.0
 => do_el0_svc
 => el0_svc
 => el0t_64_sync_handler
 => el0t_64_sync
     wireplumber-1829    [000] d....    12.888643: sp11_wsa_cupd: (snd_soc_component_update_bits+0x0/0x110 [snd_soc_core]) component=0xffff000801517480 reg=1504 mask=2 val=0
     wireplumber-1829    [000] d....    12.888644: <stack trace>
 => snd_soc_component_update_bits
 => dapm_seq_check_event
 => dapm_seq_run_coalesced
 => dapm_seq_run
 => dapm_power_widgets
 => snd_soc_dapm_stream_event
 => snd_soc_dapm_stream_stop
 => soc_pcm_hw_clean.isra.0
 => dpcm_be_dai_hw_free
 => dpcm_fe_dai_hw_free
 => snd_pcm_common_ioctl
 => snd_pcm_ioctl
 => __arm64_sys_ioctl
 => invoke_syscall.constprop.0
 => el0_svc_common.constprop.0
 => do_el0_svc
 => el0_svc
 => el0t_64_sync_handler
 => el0t_64_sync
     wireplumber-1829    [000] d....    12.888645: sp11_wsa_cupd: (snd_soc_component_update_bits+0x0/0x110 [snd_soc_core]) component=0xffff000801517480 reg=1504 mask=1 val=0
     wireplumber-1829    [000] d....    12.888645: <stack trace>
 => snd_soc_component_update_bits
 => dapm_seq_check_event
 => dapm_seq_run_coalesced
 => dapm_seq_run
 => dapm_power_widgets
 => snd_soc_dapm_stream_event
 => snd_soc_dapm_stream_stop
 => soc_pcm_hw_clean.isra.0
 => dpcm_be_dai_hw_free
 => dpcm_fe_dai_hw_free
 => snd_pcm_common_ioctl
 => snd_pcm_ioctl
 => __arm64_sys_ioctl
 => invoke_syscall.constprop.0
 => el0_svc_common.constprop.0
 => do_el0_svc
 => el0_svc
 => el0t_64_sync_handler
 => el0t_64_sync
     wireplumber-1829    [000] d....    12.888647: sp11_wsa_cupd: (snd_soc_component_update_bits+0x0/0x110 [snd_soc_core]) component=0xffff000801517480 reg=1504 mask=4 val=0
     wireplumber-1829    [000] d....    12.888647: <stack trace>
 => snd_soc_component_update_bits
 => dapm_seq_check_event
 => dapm_seq_run_coalesced
 => dapm_seq_run
 => dapm_power_widgets
 => snd_soc_dapm_stream_event
 => snd_soc_dapm_stream_stop
 => soc_pcm_hw_clean.isra.0
 => dpcm_be_dai_hw_free
 => dpcm_fe_dai_hw_free
 => snd_pcm_common_ioctl
 => snd_pcm_ioctl
 => __arm64_sys_ioctl
 => invoke_syscall.constprop.0
 => el0_svc_common.constprop.0
 => do_el0_svc
 => el0_svc
 => el0t_64_sync_handler
 => el0t_64_sync
     wireplumber-1829    [000] d....    12.888648: sp11_wsa_cupd: (snd_soc_component_update_bits+0x0/0x110 [snd_soc_core]) component=0xffff000801517480 reg=1228 mask=1 val=0
     wireplumber-1829    [000] d....    12.888649: <stack trace>
 => snd_soc_component_update_bits
 => dapm_seq_check_event
 => dapm_seq_run_coalesced
 => dapm_seq_run
 => dapm_power_widgets
 => snd_soc_dapm_stream_event
 => snd_soc_dapm_stream_stop
 => soc_pcm_hw_clean.isra.0
 => dpcm_be_dai_hw_free
 => dpcm_fe_dai_hw_free
 => snd_pcm_common_ioctl
 => snd_pcm_ioctl
 => __arm64_sys_ioctl
 => invoke_syscall.constprop.0
 => el0_svc_common.constprop.0
 => do_el0_svc
 => el0_svc
 => el0t_64_sync_handler
 => el0t_64_sync
     wireplumber-1829    [000] d....    12.888650: sp11_wsa_cupd: (snd_soc_component_update_bits+0x0/0x110 [snd_soc_core]) component=0xffff000801517480 reg=1156 mask=4 val=0
     wireplumber-1829    [000] d....    12.888650: <stack trace>
 => snd_soc_component_update_bits
 => dapm_seq_check_event
 => dapm_seq_run_coalesced
 => dapm_seq_run
 => dapm_power_widgets
 => snd_soc_dapm_stream_event
 => snd_soc_dapm_stream_stop
 => soc_pcm_hw_clean.isra.0
 => dpcm_be_dai_hw_free
 => dpcm_fe_dai_hw_free
 => snd_pcm_common_ioctl
 => snd_pcm_ioctl
 => __arm64_sys_ioctl
 => invoke_syscall.constprop.0
 => el0_svc_common.constprop.0
 => do_el0_svc
 => el0_svc
 => el0t_64_sync_handler
 => el0t_64_sync
     wireplumber-1829    [000] d....    12.888652: sp11_wsa_cupd: (snd_soc_component_update_bits+0x0/0x110 [snd_soc_core]) component=0xffff000801517480 reg=1200 mask=3 val=0
     wireplumber-1829    [000] d....    12.888652: <stack trace>
 => snd_soc_component_update_bits
 => dapm_seq_check_event
 => dapm_seq_run_coalesced
 => dapm_seq_run
 => dapm_power_widgets
 => snd_soc_dapm_stream_event
 => snd_soc_dapm_stream_stop
 => soc_pcm_hw_clean.isra.0
 => dpcm_be_dai_hw_free
 => dpcm_fe_dai_hw_free
 => snd_pcm_common_ioctl
 => snd_pcm_ioctl
 => __arm64_sys_ioctl
 => invoke_syscall.constprop.0
 => el0_svc_common.constprop.0
 => do_el0_svc
 => el0_svc
 => el0t_64_sync_handler
 => el0t_64_sync
     wireplumber-1829    [000] d....    12.888654: sp11_wsa_cupd: (snd_soc_component_update_bits+0x0/0x110 [snd_soc_core]) component=0xffff000801517480 reg=1200 mask=60 val=0
     wireplumber-1829    [000] d....    12.888654: <stack trace>
 => snd_soc_component_update_bits
 => dapm_seq_check_event
 => dapm_seq_run_coalesced
 => dapm_seq_run
 => dapm_power_widgets
 => snd_soc_dapm_stream_event
 => snd_soc_dapm_stream_stop
 => soc_pcm_hw_clean.isra.0
 => dpcm_be_dai_hw_free
 => dpcm_fe_dai_hw_free
 => snd_pcm_common_ioctl
 => snd_pcm_ioctl
 => __arm64_sys_ioctl
 => invoke_syscall.constprop.0
 => el0_svc_common.constprop.0
 => do_el0_svc
 => el0_svc
 => el0t_64_sync_handler
 => el0t_64_sync
     wireplumber-1829    [000] d....    12.888655: sp11_wsa_cupd: (snd_soc_component_update_bits+0x0/0x110 [snd_soc_core]) component=0xffff000801517480 reg=1064 mask=1 val=0
     wireplumber-1829    [000] d....    12.888656: <stack trace>
 => snd_soc_component_update_bits
 => dapm_seq_check_event
 => dapm_seq_run_coalesced
 => dapm_seq_run
 => dapm_power_widgets
 => snd_soc_dapm_stream_event
 => snd_soc_dapm_stream_stop
 => soc_pcm_hw_clean.isra.0
 => dpcm_be_dai_hw_free
 => dpcm_fe_dai_hw_free
 => snd_pcm_common_ioctl
 => snd_pcm_ioctl
 => __arm64_sys_ioctl
 => invoke_syscall.constprop.0
 => el0_svc_common.constprop.0
 => do_el0_svc
 => el0_svc
 => el0t_64_sync_handler
 => el0t_64_sync
     wireplumber-1829    [000] d....    12.888656: sp11_wsa_cupd: (snd_soc_component_update_bits+0x0/0x110 [snd_soc_core]) component=0xffff000801517480 reg=1092 mask=1 val=0
     wireplumber-1829    [000] d....    12.888656: <stack trace>
 => snd_soc_component_update_bits
 => dapm_seq_check_event
 => dapm_seq_run_coalesced
 => dapm_seq_run
 => dapm_power_widgets
 => snd_soc_dapm_stream_event
 => snd_soc_dapm_stream_stop
 => soc_pcm_hw_clean.isra.0
 => dpcm_be_dai_hw_free
 => dpcm_fe_dai_hw_free
 => snd_pcm_common_ioctl
 => snd_pcm_ioctl
 => __arm64_sys_ioctl
 => invoke_syscall.constprop.0
 => el0_svc_common.constprop.0
 => do_el0_svc
 => el0_svc
 => el0t_64_sync_handler
 => el0t_64_sync
     wireplumber-1829    [000] d....    12.888657: sp11_wsa_cupd: (snd_soc_component_update_bits+0x0/0x110 [snd_soc_core]) component=0xffff000801517480 reg=1192 mask=1 val=0
     wireplumber-1829    [000] d....    12.888657: <stack trace>
 => snd_soc_component_update_bits
 => dapm_seq_check_event
 => dapm_seq_run_coalesced
 => dapm_seq_run
 => dapm_power_widgets
 => snd_soc_dapm_stream_event
 => snd_soc_dapm_stream_stop
 => soc_pcm_hw_clean.isra.0
 => dpcm_be_dai_hw_free
 => dpcm_fe_dai_hw_free
 => snd_pcm_common_ioctl
 => snd_pcm_ioctl
 => __arm64_sys_ioctl
 => invoke_syscall.constprop.0
 => el0_svc_common.constprop.0
 => do_el0_svc
 => el0_svc
 => el0t_64_sync_handler
 => el0t_64_sync
     wireplumber-1829    [000] d....    12.888657: sp11_wsa_cupd: (snd_soc_component_update_bits+0x0/0x110 [snd_soc_core]) component=0xffff000801517480 reg=1220 mask=1 val=0
     wireplumber-1829    [000] d....    12.888658: <stack trace>
 => snd_soc_component_update_bits
 => dapm_seq_check_event
 => dapm_seq_run_coalesced
 => dapm_seq_run
 => dapm_power_widgets
 => snd_soc_dapm_stream_event
 => snd_soc_dapm_stream_stop
 => soc_pcm_hw_clean.isra.0
 => dpcm_be_dai_hw_free
 => dpcm_fe_dai_hw_free
 => snd_pcm_common_ioctl
 => snd_pcm_ioctl
 => __arm64_sys_ioctl
 => invoke_syscall.constprop.0
 => el0_svc_common.constprop.0
 => do_el0_svc
 => el0_svc
 => el0t_64_sync_handler
 => el0t_64_sync
     wireplumber-1829    [000] d....    12.888660: sp11_wsa_cupd: (snd_soc_component_update_bits+0x0/0x110 [snd_soc_core]) component=0xffff000801517480 reg=1024 mask=32 val=0
     wireplumber-1829    [000] d....    12.888660: <stack trace>
 => snd_soc_component_update_bits
 => dapm_seq_run
 => dapm_power_widgets
 => snd_soc_dapm_stream_event
 => snd_soc_dapm_stream_stop
 => soc_pcm_hw_clean.isra.0
 => dpcm_be_dai_hw_free
 => dpcm_fe_dai_hw_free
 => snd_pcm_common_ioctl
 => snd_pcm_ioctl
 => __arm64_sys_ioctl
 => invoke_syscall.constprop.0
 => el0_svc_common.constprop.0
 => do_el0_svc
 => el0_svc
 => el0t_64_sync_handler
 => el0t_64_sync
     wireplumber-1829    [000] d....    12.888661: sp11_wsa_cupd: (snd_soc_component_update_bits+0x0/0x110 [snd_soc_core]) component=0xffff000801517480 reg=1152 mask=32 val=0
     wireplumber-1829    [000] d....    12.888661: <stack trace>
 => snd_soc_component_update_bits
 => dapm_seq_run
 => dapm_power_widgets
 => snd_soc_dapm_stream_event
 => snd_soc_dapm_stream_stop
 => soc_pcm_hw_clean.isra.0
 => dpcm_be_dai_hw_free
 => dpcm_fe_dai_hw_free
 => snd_pcm_common_ioctl
 => snd_pcm_ioctl
 => __arm64_sys_ioctl
 => invoke_syscall.constprop.0
 => el0_svc_common.constprop.0
 => do_el0_svc
 => el0_svc
 => el0t_64_sync_handler
 => el0t_64_sync
     wireplumber-1829    [000] d....    12.888707: sp11_sdw_disable: (sdw_disable_stream+0x0/0x258 [soundwire_bus]) stream=18446462633243754240
     wireplumber-1829    [000] d....    12.888707: <stack trace>
 => sdw_disable_stream
 => x1e80100_snd_hw_free
 => snd_soc_link_hw_free
 => soc_pcm_hw_clean.isra.0
 => dpcm_be_dai_hw_free
 => dpcm_fe_dai_hw_free
 => snd_pcm_common_ioctl
 => snd_pcm_ioctl
 => __arm64_sys_ioctl
 => invoke_syscall.constprop.0
 => el0_svc_common.constprop.0
 => do_el0_svc
 => el0_svc
 => el0t_64_sync_handler
 => el0t_64_sync
     wireplumber-1829    [003] d....    12.893266: sp11_sdw_deprepare: (sdw_deprepare_stream+0x0/0x338 [soundwire_bus]) stream=18446462633243754240
     wireplumber-1829    [003] d....    12.893267: <stack trace>
 => sdw_deprepare_stream
 => x1e80100_snd_hw_free
 => snd_soc_link_hw_free
 => soc_pcm_hw_clean.isra.0
 => dpcm_be_dai_hw_free
 => dpcm_fe_dai_hw_free
 => snd_pcm_common_ioctl
 => snd_pcm_ioctl
 => __arm64_sys_ioctl
 => invoke_syscall.constprop.0
 => el0_svc_common.constprop.0
 => do_el0_svc
 => el0_svc
 => el0t_64_sync_handler
 => el0t_64_sync
     wireplumber-1829    [003] d....    12.897775: sp11_sdw_disable: (sdw_disable_stream+0x0/0x258 [soundwire_bus]) stream=18446462633243752000
     wireplumber-1829    [003] d....    12.897775: <stack trace>
 => sdw_disable_stream
 => x1e80100_snd_hw_free
 => snd_soc_link_hw_free
 => soc_pcm_hw_clean.isra.0
 => dpcm_be_dai_hw_free
 => dpcm_fe_dai_hw_free
 => snd_pcm_common_ioctl
 => snd_pcm_ioctl
 => __arm64_sys_ioctl
 => invoke_syscall.constprop.0
 => el0_svc_common.constprop.0
 => do_el0_svc
 => el0_svc
 => el0t_64_sync_handler
 => el0t_64_sync
     wireplumber-1829    [003] d....    12.899946: sp11_sdw_deprepare: (sdw_deprepare_stream+0x0/0x338 [soundwire_bus]) stream=18446462633243752000
     wireplumber-1829    [003] d....    12.899946: <stack trace>
 => sdw_deprepare_stream
 => x1e80100_snd_hw_free
 => snd_soc_link_hw_free
 => soc_pcm_hw_clean.isra.0
 => dpcm_be_dai_hw_free
 => dpcm_fe_dai_hw_free
 => snd_pcm_common_ioctl
 => snd_pcm_ioctl
 => __arm64_sys_ioctl
 => invoke_syscall.constprop.0
 => el0_svc_common.constprop.0
 => do_el0_svc
 => el0_svc
 => el0t_64_sync_handler
 => el0t_64_sync
     wireplumber-1829    [003] d....    12.902104: sp11_sdw_disable: (sdw_disable_stream+0x0/0x258 [soundwire_bus]) stream=18446462633243754112
     wireplumber-1829    [003] d....    12.902105: <stack trace>
 => sdw_disable_stream
 => x1e80100_snd_hw_free
 => snd_soc_link_hw_free
 => soc_pcm_hw_clean.isra.0
 => dpcm_be_dai_hw_free
 => dpcm_fe_dai_hw_free
 => snd_pcm_common_ioctl
 => snd_pcm_ioctl
 => __arm64_sys_ioctl
 => invoke_syscall.constprop.0
 => el0_svc_common.constprop.0
 => do_el0_svc
 => el0_svc
 => el0t_64_sync_handler
 => el0t_64_sync
     wireplumber-1829    [003] d....    12.903458: sp11_sdw_deprepare: (sdw_deprepare_stream+0x0/0x338 [soundwire_bus]) stream=18446462633243754112
     wireplumber-1829    [003] d....    12.903459: <stack trace>
 => sdw_deprepare_stream
 => x1e80100_snd_hw_free
 => snd_soc_link_hw_free
 => soc_pcm_hw_clean.isra.0
 => dpcm_be_dai_hw_free
 => dpcm_fe_dai_hw_free
 => snd_pcm_common_ioctl
 => snd_pcm_ioctl
 => __arm64_sys_ioctl
 => invoke_syscall.constprop.0
 => el0_svc_common.constprop.0
 => do_el0_svc
 => el0_svc
 => el0t_64_sync_handler
 => el0t_64_sync
     wireplumber-1829    [000] d....    12.911783: sp11_wsa_cupd: (snd_soc_component_update_bits+0x0/0x110 [snd_soc_core]) component=0xffff000801517480 reg=1024 mask=16 val=0
     wireplumber-1829    [000] d....    12.911785: <stack trace>
 => snd_soc_component_update_bits
 => snd_soc_put_volsw
 => snd_ctl_elem_write
 => snd_ctl_ioctl
 => __arm64_sys_ioctl
 => invoke_syscall.constprop.0
 => el0_svc_common.constprop.0
 => do_el0_svc
 => el0_svc
 => el0t_64_sync_handler
 => el0t_64_sync
     wireplumber-1829    [000] d....    12.911792: sp11_wsa_cupd: (snd_soc_component_update_bits+0x0/0x110 [snd_soc_core]) component=0xffff000801517480 reg=1152 mask=16 val=0
     wireplumber-1829    [000] d....    12.911792: <stack trace>
 => snd_soc_component_update_bits
 => snd_soc_put_volsw
 => snd_ctl_elem_write
 => snd_ctl_ioctl
 => __arm64_sys_ioctl
 => invoke_syscall.constprop.0
 => el0_svc_common.constprop.0
 => do_el0_svc
 => el0_svc
 => el0t_64_sync_handler
 => el0t_64_sync
     wireplumber-1829    [000] d....    12.911798: sp11_wsa_cupd: (snd_soc_component_update_bits+0x0/0x110 [snd_soc_core]) component=0xffff000801517480 reg=1044 mask=255 val=253
     wireplumber-1829    [000] d....    12.911798: <stack trace>
 => snd_soc_component_update_bits
 => snd_soc_put_volsw
 => snd_ctl_elem_write
 => snd_ctl_ioctl
 => __arm64_sys_ioctl
 => invoke_syscall.constprop.0
 => el0_svc_common.constprop.0
 => do_el0_svc
 => el0_svc
 => el0t_64_sync_handler
 => el0t_64_sync
     wireplumber-1829    [000] d....    12.911803: sp11_wsa_cupd: (snd_soc_component_update_bits+0x0/0x110 [snd_soc_core]) component=0xffff000801517480 reg=1172 mask=255 val=253
     wireplumber-1829    [000] d....    12.911804: <stack trace>
 => snd_soc_component_update_bits
 => snd_soc_put_volsw
 => snd_ctl_elem_write
 => snd_ctl_ioctl
 => __arm64_sys_ioctl
 => invoke_syscall.constprop.0
 => el0_svc_common.constprop.0
 => do_el0_svc
 => el0_svc
 => el0t_64_sync_handler
 => el0t_64_sync
     wireplumber-1829    [003] d....    12.916827: sp11_wsa_hw_params: (wsa884x_hw_params+0x0/0x4c8 [snd_soc_wsa884x]) substream=18446462633344453632 params=18446603338469487832 dai=18446462633509386368
     wireplumber-1829    [003] d....    12.916829: <stack trace>
 => wsa884x_hw_params
 => __soc_pcm_hw_params
 => dpcm_be_dai_hw_params
 => dpcm_fe_dai_hw_params
 => snd_pcm_hw_params
 => snd_pcm_common_ioctl
 => snd_pcm_ioctl
 => __arm64_sys_ioctl
 => invoke_syscall.constprop.0
 => el0_svc_common.constprop.0
 => do_el0_svc
 => el0_svc
 => el0t_64_sync_handler
 => el0t_64_sync
     wireplumber-1829    [003] d....    12.916843: sp11_wsa_hw_params: (wsa884x_hw_params+0x0/0x4c8 [snd_soc_wsa884x]) substream=18446462633344453632 params=18446603338469487832 dai=18446462633275108480
     wireplumber-1829    [003] d....    12.916844: <stack trace>
 => wsa884x_hw_params
 => __soc_pcm_hw_params
 => dpcm_be_dai_hw_params
 => dpcm_fe_dai_hw_params
 => snd_pcm_hw_params
 => snd_pcm_common_ioctl
 => snd_pcm_ioctl
 => __arm64_sys_ioctl
 => invoke_syscall.constprop.0
 => el0_svc_common.constprop.0
 => do_el0_svc
 => el0_svc
 => el0t_64_sync_handler
 => el0t_64_sync
     wireplumber-1829    [003] d....    12.916853: sp11_swr_hw_params: (qcom_swrm_hw_params+0x0/0x3b0 [soundwire_qcom]) substream=18446462633344453632 params=18446603338469487832 dai=18446462633557670016
     wireplumber-1829    [003] d....    12.916854: <stack trace>
 => qcom_swrm_hw_params
 => __soc_pcm_hw_params
 => dpcm_be_dai_hw_params
 => dpcm_fe_dai_hw_params
 => snd_pcm_hw_params
 => snd_pcm_common_ioctl
 => snd_pcm_ioctl
 => __arm64_sys_ioctl
 => invoke_syscall.constprop.0
 => el0_svc_common.constprop.0
 => do_el0_svc
 => el0_svc
 => el0t_64_sync_handler
 => el0t_64_sync
     wireplumber-1829    [003] d....    12.916862: sp11_wsa_cupd: (snd_soc_component_update_bits+0x0/0x110 [snd_soc_core]) component=0xffff000801517480 reg=1024 mask=15 val=4
     wireplumber-1829    [003] d....    12.916862: <stack trace>
 => snd_soc_component_update_bits
 => snd_soc_dai_hw_params
 => __soc_pcm_hw_params
 => dpcm_be_dai_hw_params
 => dpcm_fe_dai_hw_params
 => snd_pcm_hw_params
 => snd_pcm_common_ioctl
 => snd_pcm_ioctl
 => __arm64_sys_ioctl
 => invoke_syscall.constprop.0
 => el0_svc_common.constprop.0
 => do_el0_svc
 => el0_svc
 => el0t_64_sync_handler
 => el0t_64_sync
     wireplumber-1829    [003] d....    12.916863: sp11_wsa_cupd: (snd_soc_component_update_bits+0x0/0x110 [snd_soc_core]) component=0xffff000801517480 reg=1152 mask=15 val=4
     wireplumber-1829    [003] d....    12.916864: <stack trace>
 => snd_soc_component_update_bits
 => snd_soc_dai_hw_params
 => __soc_pcm_hw_params
 => dpcm_be_dai_hw_params
 => dpcm_fe_dai_hw_params
 => snd_pcm_hw_params
 => snd_pcm_common_ioctl
 => snd_pcm_ioctl
 => __arm64_sys_ioctl
 => invoke_syscall.constprop.0
 => el0_svc_common.constprop.0
 => do_el0_svc
 => el0_svc
 => el0t_64_sync_handler
 => el0t_64_sync
     wireplumber-1829    [003] d....    12.916866: sp11_wsa_hw_params: (wsa884x_hw_params+0x0/0x4c8 [snd_soc_wsa884x]) substream=18446462633344451584 params=18446603338469487832 dai=18446462633509372544
     wireplumber-1829    [003] d....    12.916866: <stack trace>
 => wsa884x_hw_params
 => __soc_pcm_hw_params
 => dpcm_be_dai_hw_params
 => dpcm_fe_dai_hw_params
 => snd_pcm_hw_params
 => snd_pcm_common_ioctl
 => snd_pcm_ioctl
 => __arm64_sys_ioctl
 => invoke_syscall.constprop.0
 => el0_svc_common.constprop.0
 => do_el0_svc
 => el0_svc
 => el0t_64_sync_handler
 => el0t_64_sync
     wireplumber-1829    [003] d....    12.916871: sp11_wsa_hw_params: (wsa884x_hw_params+0x0/0x4c8 [snd_soc_wsa884x]) substream=18446462633344451584 params=18446603338469487832 dai=18446462633275100800
     wireplumber-1829    [003] d....    12.916872: <stack trace>
 => wsa884x_hw_params
 => __soc_pcm_hw_params
 => dpcm_be_dai_hw_params
 => dpcm_fe_dai_hw_params
 => snd_pcm_hw_params
 => snd_pcm_common_ioctl
 => snd_pcm_ioctl
 => __arm64_sys_ioctl
 => invoke_syscall.constprop.0
 => el0_svc_common.constprop.0
 => do_el0_svc
 => el0_svc
 => el0t_64_sync_handler
 => el0t_64_sync
     wireplumber-1829    [003] d....    12.916876: sp11_swr_hw_params: (qcom_swrm_hw_params+0x0/0x3b0 [soundwire_qcom]) substream=18446462633344451584 params=18446603338469487832 dai=18446462633275106944
     wireplumber-1829    [003] d....    12.916876: <stack trace>
 => qcom_swrm_hw_params
 => __soc_pcm_hw_params
 => dpcm_be_dai_hw_params
 => dpcm_fe_dai_hw_params
 => snd_pcm_hw_params
 => snd_pcm_common_ioctl
 => snd_pcm_ioctl
 => __arm64_sys_ioctl
 => invoke_syscall.constprop.0
 => el0_svc_common.constprop.0
 => do_el0_svc
 => el0_svc
 => el0t_64_sync_handler
 => el0t_64_sync
     wireplumber-1829    [003] d....    12.916878: sp11_wsa_hw_params: (wsa884x_hw_params+0x0/0x4c8 [snd_soc_wsa884x]) substream=18446462633344461824 params=18446603338469487832 dai=18446462633509375104
     wireplumber-1829    [003] d....    12.916878: <stack trace>
 => wsa884x_hw_params
 => __soc_pcm_hw_params
 => dpcm_be_dai_hw_params
 => dpcm_fe_dai_hw_params
 => snd_pcm_hw_params
 => snd_pcm_common_ioctl
 => snd_pcm_ioctl
 => __arm64_sys_ioctl
 => invoke_syscall.constprop.0
 => el0_svc_common.constprop.0
 => do_el0_svc
 => el0_svc
 => el0t_64_sync_handler
 => el0t_64_sync
     wireplumber-1829    [003] d....    12.916883: sp11_wsa_hw_params: (wsa884x_hw_params+0x0/0x4c8 [snd_soc_wsa884x]) substream=18446462633344461824 params=18446603338469487832 dai=18446462633275103360
     wireplumber-1829    [003] d....    12.916884: <stack trace>
 => wsa884x_hw_params
 => __soc_pcm_hw_params
 => dpcm_be_dai_hw_params
 => dpcm_fe_dai_hw_params
 => snd_pcm_hw_params
 => snd_pcm_common_ioctl
 => snd_pcm_ioctl
 => __arm64_sys_ioctl
 => invoke_syscall.constprop.0
 => el0_svc_common.constprop.0
 => do_el0_svc
 => el0_svc
 => el0t_64_sync_handler
 => el0t_64_sync
     wireplumber-1829    [003] d....    12.916888: sp11_swr_hw_params: (qcom_swrm_hw_params+0x0/0x3b0 [soundwire_qcom]) substream=18446462633344461824 params=18446603338469487832 dai=18446462633275111040
     wireplumber-1829    [003] d....    12.916888: <stack trace>
 => qcom_swrm_hw_params
 => __soc_pcm_hw_params
 => dpcm_be_dai_hw_params
 => dpcm_fe_dai_hw_params
 => snd_pcm_hw_params
 => snd_pcm_common_ioctl
 => snd_pcm_ioctl
 => __arm64_sys_ioctl
 => invoke_syscall.constprop.0
 => el0_svc_common.constprop.0
 => do_el0_svc
 => el0_svc
 => el0t_64_sync_handler
 => el0t_64_sync
     wireplumber-1829    [003] d....    12.916910: sp11_sdw_prepare: (sdw_prepare_stream+0x0/0x340 [soundwire_bus]) stream=18446462633119196736
     wireplumber-1829    [003] d....    12.916911: <stack trace>
 => sdw_prepare_stream
 => x1e80100_snd_prepare
 => snd_soc_link_prepare
 => __soc_pcm_prepare
 => dpcm_be_dai_prepare
 => dpcm_fe_dai_prepare
 => snd_pcm_do_prepare
 => snd_pcm_action_single
 => snd_pcm_action_nonatomic
 => snd_pcm_prepare
 => snd_pcm_common_ioctl
 => snd_pcm_ioctl
 => __arm64_sys_ioctl
 => invoke_syscall.constprop.0
 => el0_svc_common.constprop.0
 => do_el0_svc
 => el0_svc
 => el0t_64_sync_handler
 => el0t_64_sync
     wireplumber-1829    [003] d....    12.921394: sp11_sdw_enable: (sdw_enable_stream+0x0/0x1e8 [soundwire_bus]) stream=18446462633119196736
     wireplumber-1829    [003] d....    12.921395: <stack trace>
 => sdw_enable_stream
 => x1e80100_snd_prepare
 => snd_soc_link_prepare
 => __soc_pcm_prepare
 => dpcm_be_dai_prepare
 => dpcm_fe_dai_prepare
 => snd_pcm_do_prepare
 => snd_pcm_action_single
 => snd_pcm_action_nonatomic
 => snd_pcm_prepare
 => snd_pcm_common_ioctl
 => snd_pcm_ioctl
 => __arm64_sys_ioctl
 => invoke_syscall.constprop.0
 => el0_svc_common.constprop.0
 => do_el0_svc
 => el0_svc
 => el0t_64_sync_handler
 => el0t_64_sync
     wireplumber-1829    [002] d....    12.924429: sp11_wsa_cupd: (snd_soc_component_update_bits+0x0/0x110 [snd_soc_core]) component=0xffff000801517480 reg=1024 mask=32 val=32
     wireplumber-1829    [002] d....    12.924430: <stack trace>
 => snd_soc_component_update_bits
 => dapm_seq_run
 => dapm_power_widgets
 => snd_soc_dapm_stream_event
 => __soc_pcm_prepare
 => dpcm_be_dai_prepare
 => dpcm_fe_dai_prepare
 => snd_pcm_do_prepare
 => snd_pcm_action_single
 => snd_pcm_action_nonatomic
 => snd_pcm_prepare
 => snd_pcm_common_ioctl
 => snd_pcm_ioctl
 => __arm64_sys_ioctl
 => invoke_syscall.constprop.0
 => el0_svc_common.constprop.0
 => do_el0_svc
 => el0_svc
 => el0t_64_sync_handler
 => el0t_64_sync
     wireplumber-1829    [002] d....    12.924435: sp11_wsa_cupd: (snd_soc_component_update_bits+0x0/0x110 [snd_soc_core]) component=0xffff000801517480 reg=1152 mask=32 val=32
     wireplumber-1829    [002] d....    12.924436: <stack trace>
 => snd_soc_component_update_bits
 => dapm_seq_run
 => dapm_power_widgets
 => snd_soc_dapm_stream_event
 => __soc_pcm_prepare
 => dpcm_be_dai_prepare
 => dpcm_fe_dai_prepare
 => snd_pcm_do_prepare
 => snd_pcm_action_single
 => snd_pcm_action_nonatomic
 => snd_pcm_prepare
 => snd_pcm_common_ioctl
 => snd_pcm_ioctl
 => __arm64_sys_ioctl
 => invoke_syscall.constprop.0
 => el0_svc_common.constprop.0
 => do_el0_svc
 => el0_svc
 => el0t_64_sync_handler
 => el0t_64_sync
     wireplumber-1829    [002] d....    12.924439: sp11_wsa_cupd: (snd_soc_component_update_bits+0x0/0x110 [snd_soc_core]) component=0xffff000801517480 reg=1032 mask=1 val=1
     wireplumber-1829    [002] d....    12.924440: <stack trace>
 => snd_soc_component_update_bits
 => dapm_seq_check_event
 => dapm_seq_run_coalesced
 => dapm_seq_run
 => dapm_power_widgets
 => snd_soc_dapm_stream_event
 => __soc_pcm_prepare
 => dpcm_be_dai_prepare
 => dpcm_fe_dai_prepare
 => snd_pcm_do_prepare
 => snd_pcm_action_single
 => snd_pcm_action_nonatomic
 => snd_pcm_prepare
 => snd_pcm_common_ioctl
 => snd_pcm_ioctl
 => __arm64_sys_ioctl
 => invoke_syscall.constprop.0
 => el0_svc_common.constprop.0
 => do_el0_svc
 => el0_svc
 => el0t_64_sync_handler
 => el0t_64_sync
     wireplumber-1829    [002] d....    12.924442: sp11_wsa_cupd: (snd_soc_component_update_bits+0x0/0x110 [snd_soc_core]) component=0xffff000801517480 reg=1280 mask=16 val=16
     wireplumber-1829    [002] d....    12.924442: <stack trace>
 => snd_soc_component_update_bits
 => dapm_seq_check_event
 => dapm_seq_run_coalesced
 => dapm_seq_run
 => dapm_power_widgets
 => snd_soc_dapm_stream_event
 => __soc_pcm_prepare
 => dpcm_be_dai_prepare
 => dpcm_fe_dai_prepare
 => snd_pcm_do_prepare
 => snd_pcm_action_single
 => snd_pcm_action_nonatomic
 => snd_pcm_prepare
 => snd_pcm_common_ioctl
 => snd_pcm_ioctl
 => __arm64_sys_ioctl
 => invoke_syscall.constprop.0
 => el0_svc_common.constprop.0
 => do_el0_svc
 => el0_svc
 => el0t_64_sync_handler
 => el0t_64_sync
     wireplumber-1829    [002] d....    12.924444: sp11_wsa_cupd: (snd_soc_component_update_bits+0x0/0x110 [snd_soc_core]) component=0xffff000801517480 reg=1160 mask=1 val=1
     wireplumber-1829    [002] d....    12.924444: <stack trace>
 => snd_soc_component_update_bits
 => dapm_seq_check_event
 => dapm_seq_run_coalesced
 => dapm_seq_run
 => dapm_power_widgets
 => snd_soc_dapm_stream_event
 => __soc_pcm_prepare
 => dpcm_be_dai_prepare
 => dpcm_fe_dai_prepare
 => snd_pcm_do_prepare
 => snd_pcm_action_single
 => snd_pcm_action_nonatomic
 => snd_pcm_prepare
 => snd_pcm_common_ioctl
 => snd_pcm_ioctl
 => __arm64_sys_ioctl
 => invoke_syscall.constprop.0
 => el0_svc_common.constprop.0
 => do_el0_svc
 => el0_svc
 => el0t_64_sync_handler
 => el0t_64_sync
     wireplumber-1829    [002] d....    12.924446: sp11_wsa_cupd: (snd_soc_component_update_bits+0x0/0x110 [snd_soc_core]) component=0xffff000801517480 reg=1344 mask=16 val=16
     wireplumber-1829    [002] d....    12.924447: <stack trace>
 => snd_soc_component_update_bits
 => dapm_seq_check_event
 => dapm_seq_run_coalesced
 => dapm_seq_run
 => dapm_power_widgets
 => snd_soc_dapm_stream_event
 => __soc_pcm_prepare
 => dpcm_be_dai_prepare
 => dpcm_fe_dai_prepare
 => snd_pcm_do_prepare
 => snd_pcm_action_single
 => snd_pcm_action_nonatomic
 => snd_pcm_prepare
 => snd_pcm_common_ioctl
 => snd_pcm_ioctl
 => __arm64_sys_ioctl
 => invoke_syscall.constprop.0
 => el0_svc_common.constprop.0
 => do_el0_svc
 => el0_svc
 => el0t_64_sync_handler
 => el0t_64_sync
     wireplumber-1829    [002] d....    12.924450: sp11_macro_interp: (wsa_macro_enable_interpolator+0x0/0x750 [snd_soc_lpass_wsa_macro]) widget=18446462633433501696 event=1
     wireplumber-1829    [002] d....    12.924450: <stack trace>
 => wsa_macro_enable_interpolator
 => dapm_seq_run_coalesced
 => dapm_seq_run
 => dapm_power_widgets
 => snd_soc_dapm_stream_event
 => __soc_pcm_prepare
 => dpcm_be_dai_prepare
 => dpcm_fe_dai_prepare
 => snd_pcm_do_prepare
 => snd_pcm_action_single
 => snd_pcm_action_nonatomic
 => snd_pcm_prepare
 => snd_pcm_common_ioctl
 => snd_pcm_ioctl
 => __arm64_sys_ioctl
 => invoke_syscall.constprop.0
 => el0_svc_common.constprop.0
 => do_el0_svc
 => el0_svc
 => el0t_64_sync_handler
 => el0t_64_sync
     wireplumber-1829    [002] d....    12.924451: sp11_wsa_cupd: (snd_soc_component_update_bits+0x0/0x110 [snd_soc_core]) component=0xffff000801517480 reg=1040 mask=3 val=3
     wireplumber-1829    [002] d....    12.924451: <stack trace>
 => snd_soc_component_update_bits
 => dapm_seq_check_event
 => dapm_seq_run_coalesced
 => dapm_seq_run
 => dapm_power_widgets
 => snd_soc_dapm_stream_event
 => __soc_pcm_prepare
 => dpcm_be_dai_prepare
 => dpcm_fe_dai_prepare
 => snd_pcm_do_prepare
 => snd_pcm_action_single
 => snd_pcm_action_nonatomic
 => snd_pcm_prepare
 => snd_pcm_common_ioctl
 => snd_pcm_ioctl
 => __arm64_sys_ioctl
 => invoke_syscall.constprop.0
 => el0_svc_common.constprop.0
 => do_el0_svc
 => el0_svc
 => el0t_64_sync_handler
 => el0t_64_sync
     wireplumber-1829    [002] d....    12.924452: sp11_wsa_cupd: (snd_soc_component_update_bits+0x0/0x110 [snd_soc_core]) component=0xffff000801517480 reg=1024 mask=16 val=16
     wireplumber-1829    [002] d....    12.924452: <stack trace>
 => snd_soc_component_update_bits
 => dapm_seq_check_event
 => dapm_seq_run_coalesced
 => dapm_seq_run
 => dapm_power_widgets
 => snd_soc_dapm_stream_event
 => __soc_pcm_prepare
 => dpcm_be_dai_prepare
 => dpcm_fe_dai_prepare
 => snd_pcm_do_prepare
 => snd_pcm_action_single
 => snd_pcm_action_nonatomic
 => snd_pcm_prepare
 => snd_pcm_common_ioctl
 => snd_pcm_ioctl
 => __arm64_sys_ioctl
 => invoke_syscall.constprop.0
 => el0_svc_common.constprop.0
 => do_el0_svc
 => el0_svc
 => el0t_64_sync_handler
 => el0t_64_sync
     wireplumber-1829    [002] d....    12.924454: sp11_wsa_cupd: (snd_soc_component_update_bits+0x0/0x110 [snd_soc_core]) component=0xffff000801517480 reg=1072 mask=60 val=16
     wireplumber-1829    [002] d....    12.924454: <stack trace>
 => snd_soc_component_update_bits
 => dapm_seq_check_event
 => dapm_seq_run_coalesced
 => dapm_seq_run
 => dapm_power_widgets
 => snd_soc_dapm_stream_event
 => __soc_pcm_prepare
 => dpcm_be_dai_prepare
 => dpcm_fe_dai_prepare
 => snd_pcm_do_prepare
 => snd_pcm_action_single
 => snd_pcm_action_nonatomic
 => snd_pcm_prepare
 => snd_pcm_common_ioctl
 => snd_pcm_ioctl
 => __arm64_sys_ioctl
 => invoke_syscall.constprop.0
 => el0_svc_common.constprop.0
 => do_el0_svc
 => el0_svc
 => el0t_64_sync_handler
 => el0t_64_sync
     wireplumber-1829    [002] d....    12.924456: sp11_wsa_cupd: (snd_soc_component_update_bits+0x0/0x110 [snd_soc_core]) component=0xffff000801517480 reg=1072 mask=3 val=1
     wireplumber-1829    [002] d....    12.924457: <stack trace>
 => snd_soc_component_update_bits
 => dapm_seq_check_event
 => dapm_seq_run_coalesced
 => dapm_seq_run
 => dapm_power_widgets
 => snd_soc_dapm_stream_event
 => __soc_pcm_prepare
 => dpcm_be_dai_prepare
 => dpcm_fe_dai_prepare
 => snd_pcm_do_prepare
 => snd_pcm_action_single
 => snd_pcm_action_nonatomic
 => snd_pcm_prepare
 => snd_pcm_common_ioctl
 => snd_pcm_ioctl
 => __arm64_sys_ioctl
 => invoke_syscall.constprop.0
 => el0_svc_common.constprop.0
 => do_el0_svc
 => el0_svc
 => el0t_64_sync_handler
 => el0t_64_sync
     wireplumber-1829    [002] d....    12.924459: sp11_wsa_cupd: (snd_soc_component_update_bits+0x0/0x110 [snd_soc_core]) component=0xffff000801517480 reg=1028 mask=4 val=4
     wireplumber-1829    [002] d....    12.924459: <stack trace>
 => snd_soc_component_update_bits
 => dapm_seq_check_event
 => dapm_seq_run_coalesced
 => dapm_seq_run
 => dapm_power_widgets
 => snd_soc_dapm_stream_event
 => __soc_pcm_prepare
 => dpcm_be_dai_prepare
 => dpcm_fe_dai_prepare
 => snd_pcm_do_prepare
 => snd_pcm_action_single
 => snd_pcm_action_nonatomic
 => snd_pcm_prepare
 => snd_pcm_common_ioctl
 => snd_pcm_ioctl
 => __arm64_sys_ioctl
 => invoke_syscall.constprop.0
 => el0_svc_common.constprop.0
 => do_el0_svc
 => el0_svc
 => el0t_64_sync_handler
 => el0t_64_sync
     wireplumber-1829    [002] d....    12.924461: sp11_wsa_cupd: (snd_soc_component_update_bits+0x0/0x110 [snd_soc_core]) component=0xffff000801517480 reg=1100 mask=1 val=1
     wireplumber-1829    [002] d....    12.924461: <stack trace>
 => snd_soc_component_update_bits
 => dapm_seq_check_event
 => dapm_seq_run_coalesced
 => dapm_seq_run
 => dapm_power_widgets
 => snd_soc_dapm_stream_event
 => __soc_pcm_prepare
 => dpcm_be_dai_prepare
 => dpcm_fe_dai_prepare
 => snd_pcm_do_prepare
 => snd_pcm_action_single
 => snd_pcm_action_nonatomic
 => snd_pcm_prepare
 => snd_pcm_common_ioctl
 => snd_pcm_ioctl
 => __arm64_sys_ioctl
 => invoke_syscall.constprop.0
 => el0_svc_common.constprop.0
 => do_el0_svc
 => el0_svc
 => el0t_64_sync_handler
 => el0t_64_sync
     wireplumber-1829    [002] d....    12.924463: sp11_macro_interp: (wsa_macro_enable_interpolator+0x0/0x750 [snd_soc_lpass_wsa_macro]) widget=18446462633433501184 event=1
     wireplumber-1829    [002] d....    12.924463: <stack trace>
 => wsa_macro_enable_interpolator
 => dapm_seq_run_coalesced
 => dapm_seq_run
 => dapm_power_widgets
 => snd_soc_dapm_stream_event
 => __soc_pcm_prepare
 => dpcm_be_dai_prepare
 => dpcm_fe_dai_prepare
 => snd_pcm_do_prepare
 => snd_pcm_action_single
 => snd_pcm_action_nonatomic
 => snd_pcm_prepare
 => snd_pcm_common_ioctl
 => snd_pcm_ioctl
 => __arm64_sys_ioctl
 => invoke_syscall.constprop.0
 => el0_svc_common.constprop.0
 => do_el0_svc
 => el0_svc
 => el0t_64_sync_handler
 => el0t_64_sync
     wireplumber-1829    [002] d....    12.924464: sp11_wsa_cupd: (snd_soc_component_update_bits+0x0/0x110 [snd_soc_core]) component=0xffff000801517480 reg=1168 mask=3 val=3
     wireplumber-1829    [002] d....    12.924464: <stack trace>
 => snd_soc_component_update_bits
 => dapm_seq_check_event
 => dapm_seq_run_coalesced
 => dapm_seq_run
 => dapm_power_widgets
 => snd_soc_dapm_stream_event
 => __soc_pcm_prepare
 => dpcm_be_dai_prepare
 => dpcm_fe_dai_prepare
 => snd_pcm_do_prepare
 => snd_pcm_action_single
 => snd_pcm_action_nonatomic
 => snd_pcm_prepare
 => snd_pcm_common_ioctl
 => snd_pcm_ioctl
 => __arm64_sys_ioctl
 => invoke_syscall.constprop.0
 => el0_svc_common.constprop.0
 => do_el0_svc
 => el0_svc
 => el0t_64_sync_handler
 => el0t_64_sync
     wireplumber-1829    [002] d....    12.924465: sp11_wsa_cupd: (snd_soc_component_update_bits+0x0/0x110 [snd_soc_core]) component=0xffff000801517480 reg=1152 mask=16 val=16
     wireplumber-1829    [002] d....    12.924465: <stack trace>
 => snd_soc_component_update_bits
 => dapm_seq_check_event
 => dapm_seq_run_coalesced
 => dapm_seq_run
 => dapm_power_widgets
 => snd_soc_dapm_stream_event
 => __soc_pcm_prepare
 => dpcm_be_dai_prepare
 => dpcm_fe_dai_prepare
 => snd_pcm_do_prepare
 => snd_pcm_action_single
 => snd_pcm_action_nonatomic
 => snd_pcm_prepare
 => snd_pcm_common_ioctl
 => snd_pcm_ioctl
 => __arm64_sys_ioctl
 => invoke_syscall.constprop.0
 => el0_svc_common.constprop.0
 => do_el0_svc
 => el0_svc
 => el0t_64_sync_handler
 => el0t_64_sync
     wireplumber-1829    [002] d....    12.924467: sp11_wsa_cupd: (snd_soc_component_update_bits+0x0/0x110 [snd_soc_core]) component=0xffff000801517480 reg=1200 mask=60 val=16
     wireplumber-1829    [002] d....    12.924468: <stack trace>
 => snd_soc_component_update_bits
 => dapm_seq_check_event
 => dapm_seq_run_coalesced
 => dapm_seq_run
 => dapm_power_widgets
 => snd_soc_dapm_stream_event
 => __soc_pcm_prepare
 => dpcm_be_dai_prepare
 => dpcm_fe_dai_prepare
 => snd_pcm_do_prepare
 => snd_pcm_action_single
 => snd_pcm_action_nonatomic
 => snd_pcm_prepare
 => snd_pcm_common_ioctl
 => snd_pcm_ioctl
 => __arm64_sys_ioctl
 => invoke_syscall.constprop.0
 => el0_svc_common.constprop.0
 => do_el0_svc
 => el0_svc
 => el0t_64_sync_handler
 => el0t_64_sync
     wireplumber-1829    [002] d....    12.924470: sp11_wsa_cupd: (snd_soc_component_update_bits+0x0/0x110 [snd_soc_core]) component=0xffff000801517480 reg=1200 mask=3 val=1
     wireplumber-1829    [002] d....    12.924470: <stack trace>
 => snd_soc_component_update_bits
 => dapm_seq_check_event
 => dapm_seq_run_coalesced
 => dapm_seq_run
 => dapm_power_widgets
 => snd_soc_dapm_stream_event
 => __soc_pcm_prepare
 => dpcm_be_dai_prepare
 => dpcm_fe_dai_prepare
 => snd_pcm_do_prepare
 => snd_pcm_action_single
 => snd_pcm_action_nonatomic
 => snd_pcm_prepare
 => snd_pcm_common_ioctl
 => snd_pcm_ioctl
 => __arm64_sys_ioctl
 => invoke_syscall.constprop.0
 => el0_svc_common.constprop.0
 => do_el0_svc
 => el0_svc
 => el0t_64_sync_handler
 => el0t_64_sync
     wireplumber-1829    [002] d....    12.924472: sp11_wsa_cupd: (snd_soc_component_update_bits+0x0/0x110 [snd_soc_core]) component=0xffff000801517480 reg=1156 mask=4 val=4
     wireplumber-1829    [002] d....    12.924472: <stack trace>
 => snd_soc_component_update_bits
 => dapm_seq_check_event
 => dapm_seq_run_coalesced
 => dapm_seq_run
 => dapm_power_widgets
 => snd_soc_dapm_stream_event
 => __soc_pcm_prepare
 => dpcm_be_dai_prepare
 => dpcm_fe_dai_prepare
 => snd_pcm_do_prepare
 => snd_pcm_action_single
 => snd_pcm_action_nonatomic
 => snd_pcm_prepare
 => snd_pcm_common_ioctl
 => snd_pcm_ioctl
 => __arm64_sys_ioctl
 => invoke_syscall.constprop.0
 => el0_svc_common.constprop.0
 => do_el0_svc
 => el0_svc
 => el0t_64_sync_handler
 => el0t_64_sync
     wireplumber-1829    [002] d....    12.924474: sp11_wsa_cupd: (snd_soc_component_update_bits+0x0/0x110 [snd_soc_core]) component=0xffff000801517480 reg=1228 mask=1 val=1
     wireplumber-1829    [002] d....    12.924474: <stack trace>
 => snd_soc_component_update_bits
 => dapm_seq_check_event
 => dapm_seq_run_coalesced
 => dapm_seq_run
 => dapm_power_widgets
 => snd_soc_dapm_stream_event
 => __soc_pcm_prepare
 => dpcm_be_dai_prepare
 => dpcm_fe_dai_prepare
 => snd_pcm_do_prepare
 => snd_pcm_action_single
 => snd_pcm_action_nonatomic
 => snd_pcm_prepare
 => snd_pcm_common_ioctl
 => snd_pcm_ioctl
 => __arm64_sys_ioctl
 => invoke_syscall.constprop.0
 => el0_svc_common.constprop.0
 => do_el0_svc
 => el0_svc
 => el0t_64_sync_handler
 => el0t_64_sync
     wireplumber-1829    [002] d....    12.924476: sp11_wsa_cupd: (snd_soc_component_update_bits+0x0/0x110 [snd_soc_core]) component=0xffff000801517480 reg=1024 mask=16 val=0
     wireplumber-1829    [002] d....    12.924477: <stack trace>
 => snd_soc_component_update_bits
 => dapm_seq_check_event
 => dapm_seq_run_coalesced
 => dapm_seq_run
 => dapm_power_widgets
 => snd_soc_dapm_stream_event
 => __soc_pcm_prepare
 => dpcm_be_dai_prepare
 => dpcm_fe_dai_prepare
 => snd_pcm_do_prepare
 => snd_pcm_action_single
 => snd_pcm_action_nonatomic
 => snd_pcm_prepare
 => snd_pcm_common_ioctl
 => snd_pcm_ioctl
 => __arm64_sys_ioctl
 => invoke_syscall.constprop.0
 => el0_svc_common.constprop.0
 => do_el0_svc
 => el0_svc
 => el0t_64_sync_handler
 => el0t_64_sync
     wireplumber-1829    [002] d....    12.924479: sp11_wsa_cupd: (snd_soc_component_update_bits+0x0/0x110 [snd_soc_core]) component=0xffff000801517480 reg=1152 mask=16 val=0
     wireplumber-1829    [002] d....    12.924479: <stack trace>
 => snd_soc_component_update_bits
 => dapm_seq_check_event
 => dapm_seq_run_coalesced
 => dapm_seq_run
 => dapm_power_widgets
 => snd_soc_dapm_stream_event
 => __soc_pcm_prepare
 => dpcm_be_dai_prepare
 => dpcm_fe_dai_prepare
 => snd_pcm_do_prepare
 => snd_pcm_action_single
 => snd_pcm_action_nonatomic
 => snd_pcm_prepare
 => snd_pcm_common_ioctl
 => snd_pcm_ioctl
 => __arm64_sys_ioctl
 => invoke_syscall.constprop.0
 => el0_svc_common.constprop.0
 => do_el0_svc
 => el0_svc
 => el0t_64_sync_handler
 => el0t_64_sync
     wireplumber-1829    [002] d....    12.924481: sp11_macro_interp: (wsa_macro_enable_interpolator+0x0/0x750 [snd_soc_lpass_wsa_macro]) widget=18446462633433501696 event=2
     wireplumber-1829    [002] d....    12.924481: <stack trace>
 => wsa_macro_enable_interpolator
 => dapm_seq_run_coalesced
 => dapm_seq_run
 => dapm_power_widgets
 => snd_soc_dapm_stream_event
 => __soc_pcm_prepare
 => dpcm_be_dai_prepare
 => dpcm_fe_dai_prepare
 => snd_pcm_do_prepare
 => snd_pcm_action_single
 => snd_pcm_action_nonatomic
 => snd_pcm_prepare
 => snd_pcm_common_ioctl
 => snd_pcm_ioctl
 => __arm64_sys_ioctl
 => invoke_syscall.constprop.0
 => el0_svc_common.constprop.0
 => do_el0_svc
 => el0_svc
 => el0t_64_sync_handler
 => el0t_64_sync
     wireplumber-1829    [002] d....    12.924482: sp11_wsa_cupd: (snd_soc_component_update_bits+0x0/0x110 [snd_soc_core]) component=0xffff000801517480 reg=1408 mask=1 val=1
     wireplumber-1829    [002] d....    12.924482: <stack trace>
 => snd_soc_component_update_bits
 => dapm_seq_check_event
 => dapm_seq_run_coalesced
 => dapm_seq_run
 => dapm_power_widgets
 => snd_soc_dapm_stream_event
 => __soc_pcm_prepare
 => dpcm_be_dai_prepare
 => dpcm_fe_dai_prepare
 => snd_pcm_do_prepare
 => snd_pcm_action_single
 => snd_pcm_action_nonatomic
 => snd_pcm_prepare
 => snd_pcm_common_ioctl
 => snd_pcm_ioctl
 => __arm64_sys_ioctl
 => invoke_syscall.constprop.0
 => el0_svc_common.constprop.0
 => do_el0_svc
 => el0_svc
 => el0t_64_sync_handler
 => el0t_64_sync
     wireplumber-1829    [002] d....    12.924484: sp11_wsa_cupd: (snd_soc_component_update_bits+0x0/0x110 [snd_soc_core]) component=0xffff000801517480 reg=1408 mask=2 val=2
     wireplumber-1829    [002] d....    12.924484: <stack trace>
 => snd_soc_component_update_bits
 => dapm_seq_check_event
 => dapm_seq_run_coalesced
 => dapm_seq_run
 => dapm_power_widgets
 => snd_soc_dapm_stream_event
 => __soc_pcm_prepare
 => dpcm_be_dai_prepare
 => dpcm_fe_dai_prepare
 => snd_pcm_do_prepare
 => snd_pcm_action_single
 => snd_pcm_action_nonatomic
 => snd_pcm_prepare
 => snd_pcm_common_ioctl
 => snd_pcm_ioctl
 => __arm64_sys_ioctl
 => invoke_syscall.constprop.0
 => el0_svc_common.constprop.0
 => do_el0_svc
 => el0_svc
 => el0t_64_sync_handler
 => el0t_64_sync
     wireplumber-1829    [002] d....    12.924486: sp11_wsa_cupd: (snd_soc_component_update_bits+0x0/0x110 [snd_soc_core]) component=0xffff000801517480 reg=1408 mask=2 val=0
     wireplumber-1829    [002] d....    12.924487: <stack trace>
 => snd_soc_component_update_bits
 => dapm_seq_check_event
 => dapm_seq_run_coalesced
 => dapm_seq_run
 => dapm_power_widgets
 => snd_soc_dapm_stream_event
 => __soc_pcm_prepare
 => dpcm_be_dai_prepare
 => dpcm_fe_dai_prepare
 => snd_pcm_do_prepare
 => snd_pcm_action_single
 => snd_pcm_action_nonatomic
 => snd_pcm_prepare
 => snd_pcm_common_ioctl
 => snd_pcm_ioctl
 => __arm64_sys_ioctl
 => invoke_syscall.constprop.0
 => el0_svc_common.constprop.0
 => do_el0_svc
 => el0_svc
 => el0t_64_sync_handler
 => el0t_64_sync
     wireplumber-1829    [002] d....    12.924489: sp11_wsa_cupd: (snd_soc_component_update_bits+0x0/0x110 [snd_soc_core]) component=0xffff000801517480 reg=1028 mask=2 val=2
     wireplumber-1829    [002] d....    12.924489: <stack trace>
 => snd_soc_component_update_bits
 => dapm_seq_check_event
 => dapm_seq_run_coalesced
 => dapm_seq_run
 => dapm_power_widgets
 => snd_soc_dapm_stream_event
 => __soc_pcm_prepare
 => dpcm_be_dai_prepare
 => dpcm_fe_dai_prepare
 => snd_pcm_do_prepare
 => snd_pcm_action_single
 => snd_pcm_action_nonatomic
 => snd_pcm_prepare
 => snd_pcm_common_ioctl
 => snd_pcm_ioctl
 => __arm64_sys_ioctl
 => invoke_syscall.constprop.0
 => el0_svc_common.constprop.0
 => do_el0_svc
 => el0_svc
 => el0t_64_sync_handler
 => el0t_64_sync
     wireplumber-1829    [002] d....    12.924491: sp11_wsa_cupd: (snd_soc_component_update_bits+0x0/0x110 [snd_soc_core]) component=0xffff000801517480 reg=1064 mask=1 val=1
     wireplumber-1829    [002] d....    12.924491: <stack trace>
 => snd_soc_component_update_bits
 => dapm_seq_check_event
 => dapm_seq_run_coalesced
 => dapm_seq_run
 => dapm_power_widgets
 => snd_soc_dapm_stream_event
 => __soc_pcm_prepare
 => dpcm_be_dai_prepare
 => dpcm_fe_dai_prepare
 => snd_pcm_do_prepare
 => snd_pcm_action_single
 => snd_pcm_action_nonatomic
 => snd_pcm_prepare
 => snd_pcm_common_ioctl
 => snd_pcm_ioctl
 => __arm64_sys_ioctl
 => invoke_syscall.constprop.0
 => el0_svc_common.constprop.0
 => do_el0_svc
 => el0_svc
 => el0t_64_sync_handler
 => el0t_64_sync
     wireplumber-1829    [002] d....    12.924493: sp11_wsa_cupd: (snd_soc_component_update_bits+0x0/0x110 [snd_soc_core]) component=0xffff000801517480 reg=1092 mask=1 val=1
     wireplumber-1829    [002] d....    12.924493: <stack trace>
 => snd_soc_component_update_bits
 => dapm_seq_check_event
 => dapm_seq_run_coalesced
 => dapm_seq_run
 => dapm_power_widgets
 => snd_soc_dapm_stream_event
 => __soc_pcm_prepare
 => dpcm_be_dai_prepare
 => dpcm_fe_dai_prepare
 => snd_pcm_do_prepare
 => snd_pcm_action_single
 => snd_pcm_action_nonatomic
 => snd_pcm_prepare
 => snd_pcm_common_ioctl
 => snd_pcm_ioctl
 => __arm64_sys_ioctl
 => invoke_syscall.constprop.0
 => el0_svc_common.constprop.0
 => do_el0_svc
 => el0_svc
 => el0t_64_sync_handler
 => el0t_64_sync
     wireplumber-1829    [002] d....    12.924495: sp11_wsa_cupd: (snd_soc_component_update_bits+0x0/0x110 [snd_soc_core]) component=0xffff000801517480 reg=1192 mask=1 val=1
     wireplumber-1829    [002] d....    12.924496: <stack trace>
 => snd_soc_component_update_bits
 => dapm_seq_check_event
 => dapm_seq_run_coalesced
 => dapm_seq_run
 => dapm_power_widgets
 => snd_soc_dapm_stream_event
 => __soc_pcm_prepare
 => dpcm_be_dai_prepare
 => dpcm_fe_dai_prepare
 => snd_pcm_do_prepare
 => snd_pcm_action_single
 => snd_pcm_action_nonatomic
 => snd_pcm_prepare
 => snd_pcm_common_ioctl
 => snd_pcm_ioctl
 => __arm64_sys_ioctl
 => invoke_syscall.constprop.0
 => el0_svc_common.constprop.0
 => do_el0_svc
 => el0_svc
 => el0t_64_sync_handler
 => el0t_64_sync
     wireplumber-1829    [002] d....    12.924497: sp11_wsa_cupd: (snd_soc_component_update_bits+0x0/0x110 [snd_soc_core]) component=0xffff000801517480 reg=1220 mask=1 val=1
     wireplumber-1829    [002] d....    12.924498: <stack trace>
 => snd_soc_component_update_bits
 => dapm_seq_check_event
 => dapm_seq_run_coalesced
 => dapm_seq_run
 => dapm_power_widgets
 => snd_soc_dapm_stream_event
 => __soc_pcm_prepare
 => dpcm_be_dai_prepare
 => dpcm_fe_dai_prepare
 => snd_pcm_do_prepare
 => snd_pcm_action_single
 => snd_pcm_action_nonatomic
 => snd_pcm_prepare
 => snd_pcm_common_ioctl
 => snd_pcm_ioctl
 => __arm64_sys_ioctl
 => invoke_syscall.constprop.0
 => el0_svc_common.constprop.0
 => do_el0_svc
 => el0_svc
 => el0t_64_sync_handler
 => el0t_64_sync
     wireplumber-1829    [002] d....    12.924500: sp11_macro_interp: (wsa_macro_enable_interpolator+0x0/0x750 [snd_soc_lpass_wsa_macro]) widget=18446462633433501184 event=2
     wireplumber-1829    [002] d....    12.924500: <stack trace>
 => wsa_macro_enable_interpolator
 => dapm_seq_run_coalesced
 => dapm_seq_run
 => dapm_power_widgets
 => snd_soc_dapm_stream_event
 => __soc_pcm_prepare
 => dpcm_be_dai_prepare
 => dpcm_fe_dai_prepare
 => snd_pcm_do_prepare
 => snd_pcm_action_single
 => snd_pcm_action_nonatomic
 => snd_pcm_prepare
 => snd_pcm_common_ioctl
 => snd_pcm_ioctl
 => __arm64_sys_ioctl
 => invoke_syscall.constprop.0
 => el0_svc_common.constprop.0
 => do_el0_svc
 => el0_svc
 => el0t_64_sync_handler
 => el0t_64_sync
     wireplumber-1829    [002] d....    12.924500: sp11_wsa_cupd: (snd_soc_component_update_bits+0x0/0x110 [snd_soc_core]) component=0xffff000801517480 reg=1504 mask=1 val=1
     wireplumber-1829    [002] d....    12.924501: <stack trace>
 => snd_soc_component_update_bits
 => dapm_seq_check_event
 => dapm_seq_run_coalesced
 => dapm_seq_run
 => dapm_power_widgets
 => snd_soc_dapm_stream_event
 => __soc_pcm_prepare
 => dpcm_be_dai_prepare
 => dpcm_fe_dai_prepare
 => snd_pcm_do_prepare
 => snd_pcm_action_single
 => snd_pcm_action_nonatomic
 => snd_pcm_prepare
 => snd_pcm_common_ioctl
 => snd_pcm_ioctl
 => __arm64_sys_ioctl
 => invoke_syscall.constprop.0
 => el0_svc_common.constprop.0
 => do_el0_svc
 => el0_svc
 => el0t_64_sync_handler
 => el0t_64_sync
     wireplumber-1829    [002] d....    12.924503: sp11_wsa_cupd: (snd_soc_component_update_bits+0x0/0x110 [snd_soc_core]) component=0xffff000801517480 reg=1504 mask=2 val=2
     wireplumber-1829    [002] d....    12.924504: <stack trace>
 => snd_soc_component_update_bits
 => dapm_seq_check_event
 => dapm_seq_run_coalesced
 => dapm_seq_run
 => dapm_power_widgets
 => snd_soc_dapm_stream_event
 => __soc_pcm_prepare
 => dpcm_be_dai_prepare
 => dpcm_fe_dai_prepare
 => snd_pcm_do_prepare
 => snd_pcm_action_single
 => snd_pcm_action_nonatomic
 => snd_pcm_prepare
 => snd_pcm_common_ioctl
 => snd_pcm_ioctl
 => __arm64_sys_ioctl
 => invoke_syscall.constprop.0
 => el0_svc_common.constprop.0
 => do_el0_svc
 => el0_svc
 => el0t_64_sync_handler
 => el0t_64_sync
     wireplumber-1829    [002] d....    12.924506: sp11_wsa_cupd: (snd_soc_component_update_bits+0x0/0x110 [snd_soc_core]) component=0xffff000801517480 reg=1504 mask=2 val=0
     wireplumber-1829    [002] d....    12.924506: <stack trace>
 => snd_soc_component_update_bits
 => dapm_seq_check_event
 => dapm_seq_run_coalesced
 => dapm_seq_run
 => dapm_power_widgets
 => snd_soc_dapm_stream_event
 => __soc_pcm_prepare
 => dpcm_be_dai_prepare
 => dpcm_fe_dai_prepare
 => snd_pcm_do_prepare
 => snd_pcm_action_single
 => snd_pcm_action_nonatomic
 => snd_pcm_prepare
 => snd_pcm_common_ioctl
 => snd_pcm_ioctl
 => __arm64_sys_ioctl
 => invoke_syscall.constprop.0
 => el0_svc_common.constprop.0
 => do_el0_svc
 => el0_svc
 => el0t_64_sync_handler
 => el0t_64_sync
     wireplumber-1829    [002] d....    12.924508: sp11_wsa_cupd: (snd_soc_component_update_bits+0x0/0x110 [snd_soc_core]) component=0xffff000801517480 reg=1156 mask=2 val=2
     wireplumber-1829    [002] d....    12.924509: <stack trace>
 => snd_soc_component_update_bits
 => dapm_seq_check_event
 => dapm_seq_run_coalesced
 => dapm_seq_run
 => dapm_power_widgets
 => snd_soc_dapm_stream_event
 => __soc_pcm_prepare
 => dpcm_be_dai_prepare
 => dpcm_fe_dai_prepare
 => snd_pcm_do_prepare
 => snd_pcm_action_single
 => snd_pcm_action_nonatomic
 => snd_pcm_prepare
 => snd_pcm_common_ioctl
 => snd_pcm_ioctl
 => __arm64_sys_ioctl
 => invoke_syscall.constprop.0
 => el0_svc_common.constprop.0
 => do_el0_svc
 => el0_svc
 => el0t_64_sync_handler
 => el0t_64_sync
     wireplumber-1829    [002] d....    12.924511: sp11_wsa_cupd: (snd_soc_component_update_bits+0x0/0x110 [snd_soc_core]) component=0xffff000801517480 reg=1064 mask=1 val=1
     wireplumber-1829    [002] d....    12.924511: <stack trace>
 => snd_soc_component_update_bits
 => dapm_seq_check_event
 => dapm_seq_run_coalesced
 => dapm_seq_run
 => dapm_power_widgets
 => snd_soc_dapm_stream_event
 => __soc_pcm_prepare
 => dpcm_be_dai_prepare
 => dpcm_fe_dai_prepare
 => snd_pcm_do_prepare
 => snd_pcm_action_single
 => snd_pcm_action_nonatomic
 => snd_pcm_prepare
 => snd_pcm_common_ioctl
 => snd_pcm_ioctl
 => __arm64_sys_ioctl
 => invoke_syscall.constprop.0
 => el0_svc_common.constprop.0
 => do_el0_svc
 => el0_svc
 => el0t_64_sync_handler
 => el0t_64_sync
     wireplumber-1829    [002] d....    12.924511: sp11_wsa_cupd: (snd_soc_component_update_bits+0x0/0x110 [snd_soc_core]) component=0xffff000801517480 reg=1092 mask=1 val=1
     wireplumber-1829    [002] d....    12.924512: <stack trace>
 => snd_soc_component_update_bits
 => dapm_seq_check_event
 => dapm_seq_run_coalesced
 => dapm_seq_run
 => dapm_power_widgets
 => snd_soc_dapm_stream_event
 => __soc_pcm_prepare
 => dpcm_be_dai_prepare
 => dpcm_fe_dai_prepare
 => snd_pcm_do_prepare
 => snd_pcm_action_single
 => snd_pcm_action_nonatomic
 => snd_pcm_prepare
 => snd_pcm_common_ioctl
 => snd_pcm_ioctl
 => __arm64_sys_ioctl
 => invoke_syscall.constprop.0
 => el0_svc_common.constprop.0
 => do_el0_svc
 => el0_svc
 => el0t_64_sync_handler
 => el0t_64_sync
     wireplumber-1829    [002] d....    12.924512: sp11_wsa_cupd: (snd_soc_component_update_bits+0x0/0x110 [snd_soc_core]) component=0xffff000801517480 reg=1192 mask=1 val=1
     wireplumber-1829    [002] d....    12.924512: <stack trace>
 => snd_soc_component_update_bits
 => dapm_seq_check_event
 => dapm_seq_run_coalesced
 => dapm_seq_run
 => dapm_power_widgets
 => snd_soc_dapm_stream_event
 => __soc_pcm_prepare
 => dpcm_be_dai_prepare
 => dpcm_fe_dai_prepare
 => snd_pcm_do_prepare
 => snd_pcm_action_single
 => snd_pcm_action_nonatomic
 => snd_pcm_prepare
 => snd_pcm_common_ioctl
 => snd_pcm_ioctl
 => __arm64_sys_ioctl
 => invoke_syscall.constprop.0
 => el0_svc_common.constprop.0
 => do_el0_svc
 => el0_svc
 => el0t_64_sync_handler
 => el0t_64_sync
     wireplumber-1829    [002] d....    12.924513: sp11_wsa_cupd: (snd_soc_component_update_bits+0x0/0x110 [snd_soc_core]) component=0xffff000801517480 reg=1220 mask=1 val=1
     wireplumber-1829    [002] d....    12.924513: <stack trace>
 => snd_soc_component_update_bits
 => dapm_seq_check_event
 => dapm_seq_run_coalesced
 => dapm_seq_run
 => dapm_power_widgets
 => snd_soc_dapm_stream_event
 => __soc_pcm_prepare
 => dpcm_be_dai_prepare
 => dpcm_fe_dai_prepare
 => snd_pcm_do_prepare
 => snd_pcm_action_single
 => snd_pcm_action_nonatomic
 => snd_pcm_prepare
 => snd_pcm_common_ioctl
 => snd_pcm_ioctl
 => __arm64_sys_ioctl
 => invoke_syscall.constprop.0
 => el0_svc_common.constprop.0
 => do_el0_svc
 => el0_svc
 => el0t_64_sync_handler
 => el0t_64_sync
     wireplumber-1829    [002] d....    12.924515: sp11_wsa_spkr_event: (wsa884x_spkr_event+0x0/0x290 [snd_soc_wsa884x]) widget=18446462633433483776 event=2
     wireplumber-1829    [002] d....    12.924515: <stack trace>
 => wsa884x_spkr_event
 => dapm_seq_run_coalesced
 => dapm_seq_run
 => dapm_power_widgets
 => snd_soc_dapm_stream_event
 => __soc_pcm_prepare
 => dpcm_be_dai_prepare
 => dpcm_fe_dai_prepare
 => snd_pcm_do_prepare
 => snd_pcm_action_single
 => snd_pcm_action_nonatomic
 => snd_pcm_prepare
 => snd_pcm_common_ioctl
 => snd_pcm_ioctl
 => __arm64_sys_ioctl
 => invoke_syscall.constprop.0
 => el0_svc_common.constprop.0
 => do_el0_svc
 => el0_svc
 => el0t_64_sync_handler
 => el0t_64_sync
     wireplumber-1829    [002] d....    12.924530: sp11_wsa_spkr_event: (wsa884x_spkr_event+0x0/0x290 [snd_soc_wsa884x]) widget=18446462633433486848 event=2
     wireplumber-1829    [002] d....    12.924530: <stack trace>
 => wsa884x_spkr_event
 => dapm_seq_run_coalesced
 => dapm_seq_run
 => dapm_power_widgets
 => snd_soc_dapm_stream_event
 => __soc_pcm_prepare
 => dpcm_be_dai_prepare
 => dpcm_fe_dai_prepare
 => snd_pcm_do_prepare
 => snd_pcm_action_single
 => snd_pcm_action_nonatomic
 => snd_pcm_prepare
 => snd_pcm_common_ioctl
 => snd_pcm_ioctl
 => __arm64_sys_ioctl
 => invoke_syscall.constprop.0
 => el0_svc_common.constprop.0
 => do_el0_svc
 => el0_svc
 => el0t_64_sync_handler
 => el0t_64_sync
     wireplumber-1829    [002] d....    12.924603: sp11_sdw_prepare: (sdw_prepare_stream+0x0/0x340 [soundwire_bus]) stream=18446462633119334016
     wireplumber-1829    [002] d....    12.924603: <stack trace>
 => sdw_prepare_stream
 => x1e80100_snd_prepare
 => snd_soc_link_prepare
 => __soc_pcm_prepare
 => dpcm_be_dai_prepare
 => dpcm_fe_dai_prepare
 => snd_pcm_do_prepare
 => snd_pcm_action_single
 => snd_pcm_action_nonatomic
 => snd_pcm_prepare
 => snd_pcm_common_ioctl
 => snd_pcm_ioctl
 => __arm64_sys_ioctl
 => invoke_syscall.constprop.0
 => el0_svc_common.constprop.0
 => do_el0_svc
 => el0_svc
 => el0t_64_sync_handler
 => el0t_64_sync
     wireplumber-1829    [002] d....    12.929116: sp11_sdw_enable: (sdw_enable_stream+0x0/0x1e8 [soundwire_bus]) stream=18446462633119334016
     wireplumber-1829    [002] d....    12.929116: <stack trace>
 => sdw_enable_stream
 => x1e80100_snd_prepare
 => snd_soc_link_prepare
 => __soc_pcm_prepare
 => dpcm_be_dai_prepare
 => dpcm_fe_dai_prepare
 => snd_pcm_do_prepare
 => snd_pcm_action_single
 => snd_pcm_action_nonatomic
 => snd_pcm_prepare
 => snd_pcm_common_ioctl
 => snd_pcm_ioctl
 => __arm64_sys_ioctl
 => invoke_syscall.constprop.0
 => el0_svc_common.constprop.0
 => do_el0_svc
 => el0_svc
 => el0t_64_sync_handler
 => el0t_64_sync
     wireplumber-1829    [002] d....    12.932834: sp11_sdw_prepare: (sdw_prepare_stream+0x0/0x340 [soundwire_bus]) stream=18446462633119308288
     wireplumber-1829    [002] d....    12.932834: <stack trace>
 => sdw_prepare_stream
 => x1e80100_snd_prepare
 => snd_soc_link_prepare
 => __soc_pcm_prepare
 => dpcm_be_dai_prepare
 => dpcm_fe_dai_prepare
 => snd_pcm_do_prepare
 => snd_pcm_action_single
 => snd_pcm_action_nonatomic
 => snd_pcm_prepare
 => snd_pcm_common_ioctl
 => snd_pcm_ioctl
 => __arm64_sys_ioctl
 => invoke_syscall.constprop.0
 => el0_svc_common.constprop.0
 => do_el0_svc
 => el0_svc
 => el0t_64_sync_handler
 => el0t_64_sync
     wireplumber-1829    [002] d....    12.937361: sp11_sdw_enable: (sdw_enable_stream+0x0/0x1e8 [soundwire_bus]) stream=18446462633119308288
     wireplumber-1829    [002] d....    12.937362: <stack trace>
 => sdw_enable_stream
 => x1e80100_snd_prepare
 => snd_soc_link_prepare
 => __soc_pcm_prepare
 => dpcm_be_dai_prepare
 => dpcm_fe_dai_prepare
 => snd_pcm_do_prepare
 => snd_pcm_action_single
 => snd_pcm_action_nonatomic
 => snd_pcm_prepare
 => snd_pcm_common_ioctl
 => snd_pcm_ioctl
 => __arm64_sys_ioctl
 => invoke_syscall.constprop.0
 => el0_svc_common.constprop.0
 => do_el0_svc
 => el0_svc
 => el0t_64_sync_handler
 => el0t_64_sync
     wireplumber-1829    [003] d....    12.955997: sp11_wsa_spkr_event: (wsa884x_spkr_event+0x0/0x290 [snd_soc_wsa884x]) widget=18446462633433483776 event=4
     wireplumber-1829    [003] d....    12.956000: <stack trace>
 => wsa884x_spkr_event
 => dapm_seq_run_coalesced
 => dapm_seq_run
 => dapm_power_widgets
 => snd_soc_dapm_stream_event
 => snd_soc_dapm_stream_stop
 => soc_pcm_hw_clean.isra.0
 => dpcm_be_dai_hw_free
 => dpcm_fe_dai_hw_free
 => snd_pcm_common_ioctl
 => snd_pcm_ioctl
 => __arm64_sys_ioctl
 => invoke_syscall.constprop.0
 => el0_svc_common.constprop.0
 => do_el0_svc
 => el0_svc
 => el0t_64_sync_handler
 => el0t_64_sync
     wireplumber-1829    [003] d....    12.956018: sp11_wsa_spkr_event: (wsa884x_spkr_event+0x0/0x290 [snd_soc_wsa884x]) widget=18446462633433486848 event=4
     wireplumber-1829    [003] d....    12.956019: <stack trace>
 => wsa884x_spkr_event
 => dapm_seq_run_coalesced
 => dapm_seq_run
 => dapm_power_widgets
 => snd_soc_dapm_stream_event
 => snd_soc_dapm_stream_stop
 => soc_pcm_hw_clean.isra.0
 => dpcm_be_dai_hw_free
 => dpcm_fe_dai_hw_free
 => snd_pcm_common_ioctl
 => snd_pcm_ioctl
 => __arm64_sys_ioctl
 => invoke_syscall.constprop.0
 => el0_svc_common.constprop.0
 => do_el0_svc
 => el0_svc
 => el0t_64_sync_handler
 => el0t_64_sync
     wireplumber-1829    [003] d....    12.956027: sp11_wsa_cupd: (snd_soc_component_update_bits+0x0/0x110 [snd_soc_core]) component=0xffff000801517480 reg=1280 mask=16 val=0
     wireplumber-1829    [003] d....    12.956027: <stack trace>
 => snd_soc_component_update_bits
 => dapm_seq_check_event
 => dapm_seq_run_coalesced
 => dapm_seq_run
 => dapm_power_widgets
 => snd_soc_dapm_stream_event
 => snd_soc_dapm_stream_stop
 => soc_pcm_hw_clean.isra.0
 => dpcm_be_dai_hw_free
 => dpcm_fe_dai_hw_free
 => snd_pcm_common_ioctl
 => snd_pcm_ioctl
 => __arm64_sys_ioctl
 => invoke_syscall.constprop.0
 => el0_svc_common.constprop.0
 => do_el0_svc
 => el0_svc
 => el0t_64_sync_handler
 => el0t_64_sync
     wireplumber-1829    [003] d....    12.956032: sp11_wsa_cupd: (snd_soc_component_update_bits+0x0/0x110 [snd_soc_core]) component=0xffff000801517480 reg=1032 mask=1 val=0
     wireplumber-1829    [003] d....    12.956032: <stack trace>
 => snd_soc_component_update_bits
 => dapm_seq_check_event
 => dapm_seq_run_coalesced
 => dapm_seq_run
 => dapm_power_widgets
 => snd_soc_dapm_stream_event
 => snd_soc_dapm_stream_stop
 => soc_pcm_hw_clean.isra.0
 => dpcm_be_dai_hw_free
 => dpcm_fe_dai_hw_free
 => snd_pcm_common_ioctl
 => snd_pcm_ioctl
 => __arm64_sys_ioctl
 => invoke_syscall.constprop.0
 => el0_svc_common.constprop.0
 => do_el0_svc
 => el0_svc
 => el0t_64_sync_handler
 => el0t_64_sync
     wireplumber-1829    [003] d....    12.956034: sp11_wsa_cupd: (snd_soc_component_update_bits+0x0/0x110 [snd_soc_core]) component=0xffff000801517480 reg=1344 mask=16 val=0
     wireplumber-1829    [003] d....    12.956035: <stack trace>
 => snd_soc_component_update_bits
 => dapm_seq_check_event
 => dapm_seq_run_coalesced
 => dapm_seq_run
 => dapm_power_widgets
 => snd_soc_dapm_stream_event
 => snd_soc_dapm_stream_stop
 => soc_pcm_hw_clean.isra.0
 => dpcm_be_dai_hw_free
 => dpcm_fe_dai_hw_free
 => snd_pcm_common_ioctl
 => snd_pcm_ioctl
 => __arm64_sys_ioctl
 => invoke_syscall.constprop.0
 => el0_svc_common.constprop.0
 => do_el0_svc
 => el0_svc
 => el0t_64_sync_handler
 => el0t_64_sync
     wireplumber-1829    [003] d....    12.956037: sp11_wsa_cupd: (snd_soc_component_update_bits+0x0/0x110 [snd_soc_core]) component=0xffff000801517480 reg=1160 mask=1 val=0
     wireplumber-1829    [003] d....    12.956038: <stack trace>
 => snd_soc_component_update_bits
 => dapm_seq_check_event
 => dapm_seq_run_coalesced
 => dapm_seq_run
 => dapm_power_widgets
 => snd_soc_dapm_stream_event
 => snd_soc_dapm_stream_stop
 => soc_pcm_hw_clean.isra.0
 => dpcm_be_dai_hw_free
 => dpcm_fe_dai_hw_free
 => snd_pcm_common_ioctl
 => snd_pcm_ioctl
 => __arm64_sys_ioctl
 => invoke_syscall.constprop.0
 => el0_svc_common.constprop.0
 => do_el0_svc
 => el0_svc
 => el0t_64_sync_handler
 => el0t_64_sync
     wireplumber-1829    [003] d....    12.956040: sp11_macro_interp: (wsa_macro_enable_interpolator+0x0/0x750 [snd_soc_lpass_wsa_macro]) widget=18446462633433501696 event=8
     wireplumber-1829    [003] d....    12.956041: <stack trace>
 => wsa_macro_enable_interpolator
 => dapm_seq_run_coalesced
 => dapm_seq_run
 => dapm_power_widgets
 => snd_soc_dapm_stream_event
 => snd_soc_dapm_stream_stop
 => soc_pcm_hw_clean.isra.0
 => dpcm_be_dai_hw_free
 => dpcm_fe_dai_hw_free
 => snd_pcm_common_ioctl
 => snd_pcm_ioctl
 => __arm64_sys_ioctl
 => invoke_syscall.constprop.0
 => el0_svc_common.constprop.0
 => do_el0_svc
 => el0_svc
 => el0t_64_sync_handler
 => el0t_64_sync
     wireplumber-1829    [003] d....    12.956042: sp11_wsa_cupd: (snd_soc_component_update_bits+0x0/0x110 [snd_soc_core]) component=0xffff000801517480 reg=1408 mask=4 val=4
     wireplumber-1829    [003] d....    12.956042: <stack trace>
 => snd_soc_component_update_bits
 => dapm_seq_check_event
 => dapm_seq_run_coalesced
 => dapm_seq_run
 => dapm_power_widgets
 => snd_soc_dapm_stream_event
 => snd_soc_dapm_stream_stop
 => soc_pcm_hw_clean.isra.0
 => dpcm_be_dai_hw_free
 => dpcm_fe_dai_hw_free
 => snd_pcm_common_ioctl
 => snd_pcm_ioctl
 => __arm64_sys_ioctl
 => invoke_syscall.constprop.0
 => el0_svc_common.constprop.0
 => do_el0_svc
 => el0_svc
 => el0t_64_sync_handler
 => el0t_64_sync
     wireplumber-1829    [003] d....    12.956045: sp11_wsa_cupd: (snd_soc_component_update_bits+0x0/0x110 [snd_soc_core]) component=0xffff000801517480 reg=1028 mask=2 val=0
     wireplumber-1829    [003] d....    12.956045: <stack trace>
 => snd_soc_component_update_bits
 => dapm_seq_check_event
 => dapm_seq_run_coalesced
 => dapm_seq_run
 => dapm_power_widgets
 => snd_soc_dapm_stream_event
 => snd_soc_dapm_stream_stop
 => soc_pcm_hw_clean.isra.0
 => dpcm_be_dai_hw_free
 => dpcm_fe_dai_hw_free
 => snd_pcm_common_ioctl
 => snd_pcm_ioctl
 => __arm64_sys_ioctl
 => invoke_syscall.constprop.0
 => el0_svc_common.constprop.0
 => do_el0_svc
 => el0_svc
 => el0t_64_sync_handler
 => el0t_64_sync
     wireplumber-1829    [003] d....    12.956047: sp11_wsa_cupd: (snd_soc_component_update_bits+0x0/0x110 [snd_soc_core]) component=0xffff000801517480 reg=1408 mask=2 val=2
     wireplumber-1829    [003] d....    12.956048: <stack trace>
 => snd_soc_component_update_bits
 => dapm_seq_check_event
 => dapm_seq_run_coalesced
 => dapm_seq_run
 => dapm_power_widgets
 => snd_soc_dapm_stream_event
 => snd_soc_dapm_stream_stop
 => soc_pcm_hw_clean.isra.0
 => dpcm_be_dai_hw_free
 => dpcm_fe_dai_hw_free
 => snd_pcm_common_ioctl
 => snd_pcm_ioctl
 => __arm64_sys_ioctl
 => invoke_syscall.constprop.0
 => el0_svc_common.constprop.0
 => do_el0_svc
 => el0_svc
 => el0t_64_sync_handler
 => el0t_64_sync
     wireplumber-1829    [003] d....    12.956050: sp11_wsa_cupd: (snd_soc_component_update_bits+0x0/0x110 [snd_soc_core]) component=0xffff000801517480 reg=1408 mask=2 val=0
     wireplumber-1829    [003] d....    12.956051: <stack trace>
 => snd_soc_component_update_bits
 => dapm_seq_check_event
 => dapm_seq_run_coalesced
 => dapm_seq_run
 => dapm_power_widgets
 => snd_soc_dapm_stream_event
 => snd_soc_dapm_stream_stop
 => soc_pcm_hw_clean.isra.0
 => dpcm_be_dai_hw_free
 => dpcm_fe_dai_hw_free
 => snd_pcm_common_ioctl
 => snd_pcm_ioctl
 => __arm64_sys_ioctl
 => invoke_syscall.constprop.0
 => el0_svc_common.constprop.0
 => do_el0_svc
 => el0_svc
 => el0t_64_sync_handler
 => el0t_64_sync
     wireplumber-1829    [003] d....    12.956053: sp11_wsa_cupd: (snd_soc_component_update_bits+0x0/0x110 [snd_soc_core]) component=0xffff000801517480 reg=1408 mask=1 val=0
     wireplumber-1829    [003] d....    12.956053: <stack trace>
 => snd_soc_component_update_bits
 => dapm_seq_check_event
 => dapm_seq_run_coalesced
 => dapm_seq_run
 => dapm_power_widgets
 => snd_soc_dapm_stream_event
 => snd_soc_dapm_stream_stop
 => soc_pcm_hw_clean.isra.0
 => dpcm_be_dai_hw_free
 => dpcm_fe_dai_hw_free
 => snd_pcm_common_ioctl
 => snd_pcm_ioctl
 => __arm64_sys_ioctl
 => invoke_syscall.constprop.0
 => el0_svc_common.constprop.0
 => do_el0_svc
 => el0_svc
 => el0t_64_sync_handler
 => el0t_64_sync
     wireplumber-1829    [003] d....    12.956055: sp11_wsa_cupd: (snd_soc_component_update_bits+0x0/0x110 [snd_soc_core]) component=0xffff000801517480 reg=1408 mask=4 val=0
     wireplumber-1829    [003] d....    12.956056: <stack trace>
 => snd_soc_component_update_bits
 => dapm_seq_check_event
 => dapm_seq_run_coalesced
 => dapm_seq_run
 => dapm_power_widgets
 => snd_soc_dapm_stream_event
 => snd_soc_dapm_stream_stop
 => soc_pcm_hw_clean.isra.0
 => dpcm_be_dai_hw_free
 => dpcm_fe_dai_hw_free
 => snd_pcm_common_ioctl
 => snd_pcm_ioctl
 => __arm64_sys_ioctl
 => invoke_syscall.constprop.0
 => el0_svc_common.constprop.0
 => do_el0_svc
 => el0_svc
 => el0t_64_sync_handler
 => el0t_64_sync
     wireplumber-1829    [003] d....    12.956058: sp11_wsa_cupd: (snd_soc_component_update_bits+0x0/0x110 [snd_soc_core]) component=0xffff000801517480 reg=1100 mask=1 val=0
     wireplumber-1829    [003] d....    12.956058: <stack trace>
 => snd_soc_component_update_bits
 => dapm_seq_check_event
 => dapm_seq_run_coalesced
 => dapm_seq_run
 => dapm_power_widgets
 => snd_soc_dapm_stream_event
 => snd_soc_dapm_stream_stop
 => soc_pcm_hw_clean.isra.0
 => dpcm_be_dai_hw_free
 => dpcm_fe_dai_hw_free
 => snd_pcm_common_ioctl
 => snd_pcm_ioctl
 => __arm64_sys_ioctl
 => invoke_syscall.constprop.0
 => el0_svc_common.constprop.0
 => do_el0_svc
 => el0_svc
 => el0t_64_sync_handler
 => el0t_64_sync
     wireplumber-1829    [003] d....    12.956061: sp11_wsa_cupd: (snd_soc_component_update_bits+0x0/0x110 [snd_soc_core]) component=0xffff000801517480 reg=1028 mask=4 val=0
     wireplumber-1829    [003] d....    12.956061: <stack trace>
 => snd_soc_component_update_bits
 => dapm_seq_check_event
 => dapm_seq_run_coalesced
 => dapm_seq_run
 => dapm_power_widgets
 => snd_soc_dapm_stream_event
 => snd_soc_dapm_stream_stop
 => soc_pcm_hw_clean.isra.0
 => dpcm_be_dai_hw_free
 => dpcm_fe_dai_hw_free
 => snd_pcm_common_ioctl
 => snd_pcm_ioctl
 => __arm64_sys_ioctl
 => invoke_syscall.constprop.0
 => el0_svc_common.constprop.0
 => do_el0_svc
 => el0_svc
 => el0t_64_sync_handler
 => el0t_64_sync
     wireplumber-1829    [003] d....    12.956063: sp11_wsa_cupd: (snd_soc_component_update_bits+0x0/0x110 [snd_soc_core]) component=0xffff000801517480 reg=1072 mask=3 val=0
     wireplumber-1829    [003] d....    12.956065: <stack trace>
 => snd_soc_component_update_bits
 => dapm_seq_check_event
 => dapm_seq_run_coalesced
 => dapm_seq_run
 => dapm_power_widgets
 => snd_soc_dapm_stream_event
 => snd_soc_dapm_stream_stop
 => soc_pcm_hw_clean.isra.0
 => dpcm_be_dai_hw_free
 => dpcm_fe_dai_hw_free
 => snd_pcm_common_ioctl
 => snd_pcm_ioctl
 => __arm64_sys_ioctl
 => invoke_syscall.constprop.0
 => el0_svc_common.constprop.0
 => do_el0_svc
 => el0_svc
 => el0t_64_sync_handler
 => el0t_64_sync
     wireplumber-1829    [003] d....    12.956067: sp11_wsa_cupd: (snd_soc_component_update_bits+0x0/0x110 [snd_soc_core]) component=0xffff000801517480 reg=1072 mask=60 val=0
     wireplumber-1829    [003] d....    12.956067: <stack trace>
 => snd_soc_component_update_bits
 => dapm_seq_check_event
 => dapm_seq_run_coalesced
 => dapm_seq_run
 => dapm_power_widgets
 => snd_soc_dapm_stream_event
 => snd_soc_dapm_stream_stop
 => soc_pcm_hw_clean.isra.0
 => dpcm_be_dai_hw_free
 => dpcm_fe_dai_hw_free
 => snd_pcm_common_ioctl
 => snd_pcm_ioctl
 => __arm64_sys_ioctl
 => invoke_syscall.constprop.0
 => el0_svc_common.constprop.0
 => do_el0_svc
 => el0_svc
 => el0t_64_sync_handler
 => el0t_64_sync
     wireplumber-1829    [003] d....    12.956069: sp11_wsa_cupd: (snd_soc_component_update_bits+0x0/0x110 [snd_soc_core]) component=0xffff000801517480 reg=1064 mask=1 val=0
     wireplumber-1829    [003] d....    12.956070: <stack trace>
 => snd_soc_component_update_bits
 => dapm_seq_check_event
 => dapm_seq_run_coalesced
 => dapm_seq_run
 => dapm_power_widgets
 => snd_soc_dapm_stream_event
 => snd_soc_dapm_stream_stop
 => soc_pcm_hw_clean.isra.0
 => dpcm_be_dai_hw_free
 => dpcm_fe_dai_hw_free
 => snd_pcm_common_ioctl
 => snd_pcm_ioctl
 => __arm64_sys_ioctl
 => invoke_syscall.constprop.0
 => el0_svc_common.constprop.0
 => do_el0_svc
 => el0_svc
 => el0t_64_sync_handler
 => el0t_64_sync
     wireplumber-1829    [003] d....    12.956072: sp11_wsa_cupd: (snd_soc_component_update_bits+0x0/0x110 [snd_soc_core]) component=0xffff000801517480 reg=1092 mask=1 val=0
     wireplumber-1829    [003] d....    12.956072: <stack trace>
 => snd_soc_component_update_bits
 => dapm_seq_check_event
 => dapm_seq_run_coalesced
 => dapm_seq_run
 => dapm_power_widgets
 => snd_soc_dapm_stream_event
 => snd_soc_dapm_stream_stop
 => soc_pcm_hw_clean.isra.0
 => dpcm_be_dai_hw_free
 => dpcm_fe_dai_hw_free
 => snd_pcm_common_ioctl
 => snd_pcm_ioctl
 => __arm64_sys_ioctl
 => invoke_syscall.constprop.0
 => el0_svc_common.constprop.0
 => do_el0_svc
 => el0_svc
 => el0t_64_sync_handler
 => el0t_64_sync
     wireplumber-1829    [003] d....    12.956075: sp11_wsa_cupd: (snd_soc_component_update_bits+0x0/0x110 [snd_soc_core]) component=0xffff000801517480 reg=1192 mask=1 val=0
     wireplumber-1829    [003] d....    12.956075: <stack trace>
 => snd_soc_component_update_bits
 => dapm_seq_check_event
 => dapm_seq_run_coalesced
 => dapm_seq_run
 => dapm_power_widgets
 => snd_soc_dapm_stream_event
 => snd_soc_dapm_stream_stop
 => soc_pcm_hw_clean.isra.0
 => dpcm_be_dai_hw_free
 => dpcm_fe_dai_hw_free
 => snd_pcm_common_ioctl
 => snd_pcm_ioctl
 => __arm64_sys_ioctl
 => invoke_syscall.constprop.0
 => el0_svc_common.constprop.0
 => do_el0_svc
 => el0_svc
 => el0t_64_sync_handler
 => el0t_64_sync
     wireplumber-1829    [003] d....    12.956077: sp11_wsa_cupd: (snd_soc_component_update_bits+0x0/0x110 [snd_soc_core]) component=0xffff000801517480 reg=1220 mask=1 val=0
     wireplumber-1829    [003] d....    12.956078: <stack trace>
 => snd_soc_component_update_bits
 => dapm_seq_check_event
 => dapm_seq_run_coalesced
 => dapm_seq_run
 => dapm_power_widgets
 => snd_soc_dapm_stream_event
 => snd_soc_dapm_stream_stop
 => soc_pcm_hw_clean.isra.0
 => dpcm_be_dai_hw_free
 => dpcm_fe_dai_hw_free
 => snd_pcm_common_ioctl
 => snd_pcm_ioctl
 => __arm64_sys_ioctl
 => invoke_syscall.constprop.0
 => el0_svc_common.constprop.0
 => do_el0_svc
 => el0_svc
 => el0t_64_sync_handler
 => el0t_64_sync
     wireplumber-1829    [003] d....    12.956080: sp11_macro_interp: (wsa_macro_enable_interpolator+0x0/0x750 [snd_soc_lpass_wsa_macro]) widget=18446462633433501184 event=8
     wireplumber-1829    [003] d....    12.956080: <stack trace>
 => wsa_macro_enable_interpolator
 => dapm_seq_run_coalesced
 => dapm_seq_run
 => dapm_power_widgets
 => snd_soc_dapm_stream_event
 => snd_soc_dapm_stream_stop
 => soc_pcm_hw_clean.isra.0
 => dpcm_be_dai_hw_free
 => dpcm_fe_dai_hw_free
 => snd_pcm_common_ioctl
 => snd_pcm_ioctl
 => __arm64_sys_ioctl
 => invoke_syscall.constprop.0
 => el0_svc_common.constprop.0
 => do_el0_svc
 => el0_svc
 => el0t_64_sync_handler
 => el0t_64_sync
     wireplumber-1829    [003] d....    12.956081: sp11_wsa_cupd: (snd_soc_component_update_bits+0x0/0x110 [snd_soc_core]) component=0xffff000801517480 reg=1504 mask=4 val=4
     wireplumber-1829    [003] d....    12.956081: <stack trace>
 => snd_soc_component_update_bits
 => dapm_seq_check_event
 => dapm_seq_run_coalesced
 => dapm_seq_run
 => dapm_power_widgets
 => snd_soc_dapm_stream_event
 => snd_soc_dapm_stream_stop
 => soc_pcm_hw_clean.isra.0
 => dpcm_be_dai_hw_free
 => dpcm_fe_dai_hw_free
 => snd_pcm_common_ioctl
 => snd_pcm_ioctl
 => __arm64_sys_ioctl
 => invoke_syscall.constprop.0
 => el0_svc_common.constprop.0
 => do_el0_svc
 => el0_svc
 => el0t_64_sync_handler
 => el0t_64_sync
     wireplumber-1829    [003] d....    12.956084: sp11_wsa_cupd: (snd_soc_component_update_bits+0x0/0x110 [snd_soc_core]) component=0xffff000801517480 reg=1156 mask=2 val=0
     wireplumber-1829    [003] d....    12.956084: <stack trace>
 => snd_soc_component_update_bits
 => dapm_seq_check_event
 => dapm_seq_run_coalesced
 => dapm_seq_run
 => dapm_power_widgets
 => snd_soc_dapm_stream_event
 => snd_soc_dapm_stream_stop
 => soc_pcm_hw_clean.isra.0
 => dpcm_be_dai_hw_free
 => dpcm_fe_dai_hw_free
 => snd_pcm_common_ioctl
 => snd_pcm_ioctl
 => __arm64_sys_ioctl
 => invoke_syscall.constprop.0
 => el0_svc_common.constprop.0
 => do_el0_svc
 => el0_svc
 => el0t_64_sync_handler
 => el0t_64_sync
     wireplumber-1829    [003] d....    12.956086: sp11_wsa_cupd: (snd_soc_component_update_bits+0x0/0x110 [snd_soc_core]) component=0xffff000801517480 reg=1504 mask=2 val=2
     wireplumber-1829    [003] d....    12.956087: <stack trace>
 => snd_soc_component_update_bits
 => dapm_seq_check_event
 => dapm_seq_run_coalesced
 => dapm_seq_run
 => dapm_power_widgets
 => snd_soc_dapm_stream_event
 => snd_soc_dapm_stream_stop
 => soc_pcm_hw_clean.isra.0
 => dpcm_be_dai_hw_free
 => dpcm_fe_dai_hw_free
 => snd_pcm_common_ioctl
 => snd_pcm_ioctl
 => __arm64_sys_ioctl
 => invoke_syscall.constprop.0
 => el0_svc_common.constprop.0
 => do_el0_svc
 => el0_svc
 => el0t_64_sync_handler
 => el0t_64_sync
     wireplumber-1829    [003] d....    12.956090: sp11_wsa_cupd: (snd_soc_component_update_bits+0x0/0x110 [snd_soc_core]) component=0xffff000801517480 reg=1504 mask=2 val=0
     wireplumber-1829    [003] d....    12.956090: <stack trace>
 => snd_soc_component_update_bits
 => dapm_seq_check_event
 => dapm_seq_run_coalesced
 => dapm_seq_run
 => dapm_power_widgets
 => snd_soc_dapm_stream_event
 => snd_soc_dapm_stream_stop
 => soc_pcm_hw_clean.isra.0
 => dpcm_be_dai_hw_free
 => dpcm_fe_dai_hw_free
 => snd_pcm_common_ioctl
 => snd_pcm_ioctl
 => __arm64_sys_ioctl
 => invoke_syscall.constprop.0
 => el0_svc_common.constprop.0
 => do_el0_svc
 => el0_svc
 => el0t_64_sync_handler
 => el0t_64_sync
     wireplumber-1829    [003] d....    12.956092: sp11_wsa_cupd: (snd_soc_component_update_bits+0x0/0x110 [snd_soc_core]) component=0xffff000801517480 reg=1504 mask=1 val=0
     wireplumber-1829    [003] d....    12.956093: <stack trace>
 => snd_soc_component_update_bits
 => dapm_seq_check_event
 => dapm_seq_run_coalesced
 => dapm_seq_run
 => dapm_power_widgets
 => snd_soc_dapm_stream_event
 => snd_soc_dapm_stream_stop
 => soc_pcm_hw_clean.isra.0
 => dpcm_be_dai_hw_free
 => dpcm_fe_dai_hw_free
 => snd_pcm_common_ioctl
 => snd_pcm_ioctl
 => __arm64_sys_ioctl
 => invoke_syscall.constprop.0
 => el0_svc_common.constprop.0
 => do_el0_svc
 => el0_svc
 => el0t_64_sync_handler
 => el0t_64_sync
     wireplumber-1829    [003] d....    12.956095: sp11_wsa_cupd: (snd_soc_component_update_bits+0x0/0x110 [snd_soc_core]) component=0xffff000801517480 reg=1504 mask=4 val=0
     wireplumber-1829    [003] d....    12.956096: <stack trace>
 => snd_soc_component_update_bits
 => dapm_seq_check_event
 => dapm_seq_run_coalesced
 => dapm_seq_run
 => dapm_power_widgets
 => snd_soc_dapm_stream_event
 => snd_soc_dapm_stream_stop
 => soc_pcm_hw_clean.isra.0
 => dpcm_be_dai_hw_free
 => dpcm_fe_dai_hw_free
 => snd_pcm_common_ioctl
 => snd_pcm_ioctl
 => __arm64_sys_ioctl
 => invoke_syscall.constprop.0
 => el0_svc_common.constprop.0
 => do_el0_svc
 => el0_svc
 => el0t_64_sync_handler
 => el0t_64_sync
     wireplumber-1829    [003] d....    12.956098: sp11_wsa_cupd: (snd_soc_component_update_bits+0x0/0x110 [snd_soc_core]) component=0xffff000801517480 reg=1228 mask=1 val=0
     wireplumber-1829    [003] d....    12.956098: <stack trace>
 => snd_soc_component_update_bits
 => dapm_seq_check_event
 => dapm_seq_run_coalesced
 => dapm_seq_run
 => dapm_power_widgets
 => snd_soc_dapm_stream_event
 => snd_soc_dapm_stream_stop
 => soc_pcm_hw_clean.isra.0
 => dpcm_be_dai_hw_free
 => dpcm_fe_dai_hw_free
 => snd_pcm_common_ioctl
 => snd_pcm_ioctl
 => __arm64_sys_ioctl
 => invoke_syscall.constprop.0
 => el0_svc_common.constprop.0
 => do_el0_svc
 => el0_svc
 => el0t_64_sync_handler
 => el0t_64_sync
     wireplumber-1829    [003] d....    12.956100: sp11_wsa_cupd: (snd_soc_component_update_bits+0x0/0x110 [snd_soc_core]) component=0xffff000801517480 reg=1156 mask=4 val=0
     wireplumber-1829    [003] d....    12.956101: <stack trace>
 => snd_soc_component_update_bits
 => dapm_seq_check_event
 => dapm_seq_run_coalesced
 => dapm_seq_run
 => dapm_power_widgets
 => snd_soc_dapm_stream_event
 => snd_soc_dapm_stream_stop
 => soc_pcm_hw_clean.isra.0
 => dpcm_be_dai_hw_free
 => dpcm_fe_dai_hw_free
 => snd_pcm_common_ioctl
 => snd_pcm_ioctl
 => __arm64_sys_ioctl
 => invoke_syscall.constprop.0
 => el0_svc_common.constprop.0
 => do_el0_svc
 => el0_svc
 => el0t_64_sync_handler
 => el0t_64_sync
     wireplumber-1829    [003] d....    12.956103: sp11_wsa_cupd: (snd_soc_component_update_bits+0x0/0x110 [snd_soc_core]) component=0xffff000801517480 reg=1200 mask=3 val=0
     wireplumber-1829    [003] d....    12.956104: <stack trace>
 => snd_soc_component_update_bits
 => dapm_seq_check_event
 => dapm_seq_run_coalesced
 => dapm_seq_run
 => dapm_power_widgets
 => snd_soc_dapm_stream_event
 => snd_soc_dapm_stream_stop
 => soc_pcm_hw_clean.isra.0
 => dpcm_be_dai_hw_free
 => dpcm_fe_dai_hw_free
 => snd_pcm_common_ioctl
 => snd_pcm_ioctl
 => __arm64_sys_ioctl
 => invoke_syscall.constprop.0
 => el0_svc_common.constprop.0
 => do_el0_svc
 => el0_svc
 => el0t_64_sync_handler
 => el0t_64_sync
     wireplumber-1829    [003] d....    12.956106: sp11_wsa_cupd: (snd_soc_component_update_bits+0x0/0x110 [snd_soc_core]) component=0xffff000801517480 reg=1200 mask=60 val=0
     wireplumber-1829    [003] d....    12.956106: <stack trace>
 => snd_soc_component_update_bits
 => dapm_seq_check_event
 => dapm_seq_run_coalesced
 => dapm_seq_run
 => dapm_power_widgets
 => snd_soc_dapm_stream_event
 => snd_soc_dapm_stream_stop
 => soc_pcm_hw_clean.isra.0
 => dpcm_be_dai_hw_free
 => dpcm_fe_dai_hw_free
 => snd_pcm_common_ioctl
 => snd_pcm_ioctl
 => __arm64_sys_ioctl
 => invoke_syscall.constprop.0
 => el0_svc_common.constprop.0
 => do_el0_svc
 => el0_svc
 => el0t_64_sync_handler
 => el0t_64_sync
     wireplumber-1829    [003] d....    12.956108: sp11_wsa_cupd: (snd_soc_component_update_bits+0x0/0x110 [snd_soc_core]) component=0xffff000801517480 reg=1064 mask=1 val=0
     wireplumber-1829    [003] d....    12.956109: <stack trace>
 => snd_soc_component_update_bits
 => dapm_seq_check_event
 => dapm_seq_run_coalesced
 => dapm_seq_run
 => dapm_power_widgets
 => snd_soc_dapm_stream_event
 => snd_soc_dapm_stream_stop
 => soc_pcm_hw_clean.isra.0
 => dpcm_be_dai_hw_free
 => dpcm_fe_dai_hw_free
 => snd_pcm_common_ioctl
 => snd_pcm_ioctl
 => __arm64_sys_ioctl
 => invoke_syscall.constprop.0
 => el0_svc_common.constprop.0
 => do_el0_svc
 => el0_svc
 => el0t_64_sync_handler
 => el0t_64_sync
     wireplumber-1829    [003] d....    12.956109: sp11_wsa_cupd: (snd_soc_component_update_bits+0x0/0x110 [snd_soc_core]) component=0xffff000801517480 reg=1092 mask=1 val=0
     wireplumber-1829    [003] d....    12.956110: <stack trace>
 => snd_soc_component_update_bits
 => dapm_seq_check_event
 => dapm_seq_run_coalesced
 => dapm_seq_run
 => dapm_power_widgets
 => snd_soc_dapm_stream_event
 => snd_soc_dapm_stream_stop
 => soc_pcm_hw_clean.isra.0
 => dpcm_be_dai_hw_free
 => dpcm_fe_dai_hw_free
 => snd_pcm_common_ioctl
 => snd_pcm_ioctl
 => __arm64_sys_ioctl
 => invoke_syscall.constprop.0
 => el0_svc_common.constprop.0
 => do_el0_svc
 => el0_svc
 => el0t_64_sync_handler
 => el0t_64_sync
     wireplumber-1829    [003] d....    12.956111: sp11_wsa_cupd: (snd_soc_component_update_bits+0x0/0x110 [snd_soc_core]) component=0xffff000801517480 reg=1192 mask=1 val=0
     wireplumber-1829    [003] d....    12.956111: <stack trace>
 => snd_soc_component_update_bits
 => dapm_seq_check_event
 => dapm_seq_run_coalesced
 => dapm_seq_run
 => dapm_power_widgets
 => snd_soc_dapm_stream_event
 => snd_soc_dapm_stream_stop
 => soc_pcm_hw_clean.isra.0
 => dpcm_be_dai_hw_free
 => dpcm_fe_dai_hw_free
 => snd_pcm_common_ioctl
 => snd_pcm_ioctl
 => __arm64_sys_ioctl
 => invoke_syscall.constprop.0
 => el0_svc_common.constprop.0
 => do_el0_svc
 => el0_svc
 => el0t_64_sync_handler
 => el0t_64_sync
     wireplumber-1829    [003] d....    12.956112: sp11_wsa_cupd: (snd_soc_component_update_bits+0x0/0x110 [snd_soc_core]) component=0xffff000801517480 reg=1220 mask=1 val=0
     wireplumber-1829    [003] d....    12.956113: <stack trace>
 => snd_soc_component_update_bits
 => dapm_seq_check_event
 => dapm_seq_run_coalesced
 => dapm_seq_run
 => dapm_power_widgets
 => snd_soc_dapm_stream_event
 => snd_soc_dapm_stream_stop
 => soc_pcm_hw_clean.isra.0
 => dpcm_be_dai_hw_free
 => dpcm_fe_dai_hw_free
 => snd_pcm_common_ioctl
 => snd_pcm_ioctl
 => __arm64_sys_ioctl
 => invoke_syscall.constprop.0
 => el0_svc_common.constprop.0
 => do_el0_svc
 => el0_svc
 => el0t_64_sync_handler
 => el0t_64_sync
     wireplumber-1829    [003] d....    12.956115: sp11_wsa_cupd: (snd_soc_component_update_bits+0x0/0x110 [snd_soc_core]) component=0xffff000801517480 reg=1024 mask=32 val=0
     wireplumber-1829    [003] d....    12.956115: <stack trace>
 => snd_soc_component_update_bits
 => dapm_seq_run
 => dapm_power_widgets
 => snd_soc_dapm_stream_event
 => snd_soc_dapm_stream_stop
 => soc_pcm_hw_clean.isra.0
 => dpcm_be_dai_hw_free
 => dpcm_fe_dai_hw_free
 => snd_pcm_common_ioctl
 => snd_pcm_ioctl
 => __arm64_sys_ioctl
 => invoke_syscall.constprop.0
 => el0_svc_common.constprop.0
 => do_el0_svc
 => el0_svc
 => el0t_64_sync_handler
 => el0t_64_sync
     wireplumber-1829    [003] d....    12.956118: sp11_wsa_cupd: (snd_soc_component_update_bits+0x0/0x110 [snd_soc_core]) component=0xffff000801517480 reg=1152 mask=32 val=0
     wireplumber-1829    [003] d....    12.956118: <stack trace>
 => snd_soc_component_update_bits
 => dapm_seq_run
 => dapm_power_widgets
 => snd_soc_dapm_stream_event
 => snd_soc_dapm_stream_stop
 => soc_pcm_hw_clean.isra.0
 => dpcm_be_dai_hw_free
 => dpcm_fe_dai_hw_free
 => snd_pcm_common_ioctl
 => snd_pcm_ioctl
 => __arm64_sys_ioctl
 => invoke_syscall.constprop.0
 => el0_svc_common.constprop.0
 => do_el0_svc
 => el0_svc
 => el0t_64_sync_handler
 => el0t_64_sync
     wireplumber-1829    [003] d....    12.956196: sp11_sdw_disable: (sdw_disable_stream+0x0/0x258 [soundwire_bus]) stream=18446462633119196736
     wireplumber-1829    [003] d....    12.956197: <stack trace>
 => sdw_disable_stream
 => x1e80100_snd_hw_free
 => snd_soc_link_hw_free
 => soc_pcm_hw_clean.isra.0
 => dpcm_be_dai_hw_free
 => dpcm_fe_dai_hw_free
 => snd_pcm_common_ioctl
 => snd_pcm_ioctl
 => __arm64_sys_ioctl
 => invoke_syscall.constprop.0
 => el0_svc_common.constprop.0
 => do_el0_svc
 => el0_svc
 => el0t_64_sync_handler
 => el0t_64_sync
     wireplumber-1829    [002] d....    12.960853: sp11_sdw_deprepare: (sdw_deprepare_stream+0x0/0x338 [soundwire_bus]) stream=18446462633119196736
     wireplumber-1829    [002] d....    12.960854: <stack trace>
 => sdw_deprepare_stream
 => x1e80100_snd_hw_free
 => snd_soc_link_hw_free
 => soc_pcm_hw_clean.isra.0
 => dpcm_be_dai_hw_free
 => dpcm_fe_dai_hw_free
 => snd_pcm_common_ioctl
 => snd_pcm_ioctl
 => __arm64_sys_ioctl
 => invoke_syscall.constprop.0
 => el0_svc_common.constprop.0
 => do_el0_svc
 => el0_svc
 => el0t_64_sync_handler
 => el0t_64_sync
     wireplumber-1829    [002] d....    12.965402: sp11_sdw_disable: (sdw_disable_stream+0x0/0x258 [soundwire_bus]) stream=18446462633119334016
     wireplumber-1829    [002] d....    12.965403: <stack trace>
 => sdw_disable_stream
 => x1e80100_snd_hw_free
 => snd_soc_link_hw_free
 => soc_pcm_hw_clean.isra.0
 => dpcm_be_dai_hw_free
 => dpcm_fe_dai_hw_free
 => snd_pcm_common_ioctl
 => snd_pcm_ioctl
 => __arm64_sys_ioctl
 => invoke_syscall.constprop.0
 => el0_svc_common.constprop.0
 => do_el0_svc
 => el0_svc
 => el0t_64_sync_handler
 => el0t_64_sync
     wireplumber-1829    [002] d....    12.967564: sp11_sdw_deprepare: (sdw_deprepare_stream+0x0/0x338 [soundwire_bus]) stream=18446462633119334016
     wireplumber-1829    [002] d....    12.967565: <stack trace>
 => sdw_deprepare_stream
 => x1e80100_snd_hw_free
 => snd_soc_link_hw_free
 => soc_pcm_hw_clean.isra.0
 => dpcm_be_dai_hw_free
 => dpcm_fe_dai_hw_free
 => snd_pcm_common_ioctl
 => snd_pcm_ioctl
 => __arm64_sys_ioctl
 => invoke_syscall.constprop.0
 => el0_svc_common.constprop.0
 => do_el0_svc
 => el0_svc
 => el0t_64_sync_handler
 => el0t_64_sync
     wireplumber-1829    [002] d....    12.969742: sp11_sdw_disable: (sdw_disable_stream+0x0/0x258 [soundwire_bus]) stream=18446462633119308288
     wireplumber-1829    [002] d....    12.969742: <stack trace>
 => sdw_disable_stream
 => x1e80100_snd_hw_free
 => snd_soc_link_hw_free
 => soc_pcm_hw_clean.isra.0
 => dpcm_be_dai_hw_free
 => dpcm_fe_dai_hw_free
 => snd_pcm_common_ioctl
 => snd_pcm_ioctl
 => __arm64_sys_ioctl
 => invoke_syscall.constprop.0
 => el0_svc_common.constprop.0
 => do_el0_svc
 => el0_svc
 => el0t_64_sync_handler
 => el0t_64_sync
     wireplumber-1829    [002] d....    12.971104: sp11_sdw_deprepare: (sdw_deprepare_stream+0x0/0x338 [soundwire_bus]) stream=18446462633119308288
     wireplumber-1829    [002] d....    12.971105: <stack trace>
 => sdw_deprepare_stream
 => x1e80100_snd_hw_free
 => snd_soc_link_hw_free
 => soc_pcm_hw_clean.isra.0
 => dpcm_be_dai_hw_free
 => dpcm_fe_dai_hw_free
 => snd_pcm_common_ioctl
 => snd_pcm_ioctl
 => __arm64_sys_ioctl
 => invoke_syscall.constprop.0
 => el0_svc_common.constprop.0
 => do_el0_svc
 => el0_svc
 => el0t_64_sync_handler
 => el0t_64_sync
        pipewire-1803    [010] d....    13.316321: sp11_wsa_hw_params: (wsa884x_hw_params+0x0/0x4c8 [snd_soc_wsa884x]) substream=18446462633344453632 params=18446603338468111720 dai=18446462633509386368
        pipewire-1803    [010] d....    13.316324: <stack trace>
 => wsa884x_hw_params
 => __soc_pcm_hw_params
 => dpcm_be_dai_hw_params
 => dpcm_fe_dai_hw_params
 => snd_pcm_hw_params
 => snd_pcm_common_ioctl
 => snd_pcm_ioctl
 => __arm64_sys_ioctl
 => invoke_syscall.constprop.0
 => el0_svc_common.constprop.0
 => do_el0_svc
 => el0_svc
 => el0t_64_sync_handler
 => el0t_64_sync
        pipewire-1803    [010] d....    13.316338: sp11_wsa_hw_params: (wsa884x_hw_params+0x0/0x4c8 [snd_soc_wsa884x]) substream=18446462633344453632 params=18446603338468111720 dai=18446462633275108480
        pipewire-1803    [010] d....    13.316338: <stack trace>
 => wsa884x_hw_params
 => __soc_pcm_hw_params
 => dpcm_be_dai_hw_params
 => dpcm_fe_dai_hw_params
 => snd_pcm_hw_params
 => snd_pcm_common_ioctl
 => snd_pcm_ioctl
 => __arm64_sys_ioctl
 => invoke_syscall.constprop.0
 => el0_svc_common.constprop.0
 => do_el0_svc
 => el0_svc
 => el0t_64_sync_handler
 => el0t_64_sync
        pipewire-1803    [010] d....    13.316356: sp11_swr_hw_params: (qcom_swrm_hw_params+0x0/0x3b0 [soundwire_qcom]) substream=18446462633344453632 params=18446603338468111720 dai=18446462633557670016
        pipewire-1803    [010] d....    13.316357: <stack trace>
 => qcom_swrm_hw_params
 => __soc_pcm_hw_params
 => dpcm_be_dai_hw_params
 => dpcm_fe_dai_hw_params
 => snd_pcm_hw_params
 => snd_pcm_common_ioctl
 => snd_pcm_ioctl
 => __arm64_sys_ioctl
 => invoke_syscall.constprop.0
 => el0_svc_common.constprop.0
 => do_el0_svc
 => el0_svc
 => el0t_64_sync_handler
 => el0t_64_sync
        pipewire-1803    [010] d....    13.316368: sp11_wsa_cupd: (snd_soc_component_update_bits+0x0/0x110 [snd_soc_core]) component=0xffff000801517480 reg=1024 mask=15 val=4
        pipewire-1803    [010] d....    13.316369: <stack trace>
 => snd_soc_component_update_bits
 => snd_soc_dai_hw_params
 => __soc_pcm_hw_params
 => dpcm_be_dai_hw_params
 => dpcm_fe_dai_hw_params
 => snd_pcm_hw_params
 => snd_pcm_common_ioctl
 => snd_pcm_ioctl
 => __arm64_sys_ioctl
 => invoke_syscall.constprop.0
 => el0_svc_common.constprop.0
 => do_el0_svc
 => el0_svc
 => el0t_64_sync_handler
 => el0t_64_sync
        pipewire-1803    [010] d....    13.316371: sp11_wsa_cupd: (snd_soc_component_update_bits+0x0/0x110 [snd_soc_core]) component=0xffff000801517480 reg=1152 mask=15 val=4
        pipewire-1803    [010] d....    13.316371: <stack trace>
 => snd_soc_component_update_bits
 => snd_soc_dai_hw_params
 => __soc_pcm_hw_params
 => dpcm_be_dai_hw_params
 => dpcm_fe_dai_hw_params
 => snd_pcm_hw_params
 => snd_pcm_common_ioctl
 => snd_pcm_ioctl
 => __arm64_sys_ioctl
 => invoke_syscall.constprop.0
 => el0_svc_common.constprop.0
 => do_el0_svc
 => el0_svc
 => el0t_64_sync_handler
 => el0t_64_sync
        pipewire-1803    [010] d....    13.316373: sp11_wsa_hw_params: (wsa884x_hw_params+0x0/0x4c8 [snd_soc_wsa884x]) substream=18446462633344451584 params=18446603338468111720 dai=18446462633509372544
        pipewire-1803    [010] d....    13.316373: <stack trace>
 => wsa884x_hw_params
 => __soc_pcm_hw_params
 => dpcm_be_dai_hw_params
 => dpcm_fe_dai_hw_params
 => snd_pcm_hw_params
 => snd_pcm_common_ioctl
 => snd_pcm_ioctl
 => __arm64_sys_ioctl
 => invoke_syscall.constprop.0
 => el0_svc_common.constprop.0
 => do_el0_svc
 => el0_svc
 => el0t_64_sync_handler
 => el0t_64_sync
        pipewire-1803    [010] d....    13.316379: sp11_wsa_hw_params: (wsa884x_hw_params+0x0/0x4c8 [snd_soc_wsa884x]) substream=18446462633344451584 params=18446603338468111720 dai=18446462633275100800
        pipewire-1803    [010] d....    13.316379: <stack trace>
 => wsa884x_hw_params
 => __soc_pcm_hw_params
 => dpcm_be_dai_hw_params
 => dpcm_fe_dai_hw_params
 => snd_pcm_hw_params
 => snd_pcm_common_ioctl
 => snd_pcm_ioctl
 => __arm64_sys_ioctl
 => invoke_syscall.constprop.0
 => el0_svc_common.constprop.0
 => do_el0_svc
 => el0_svc
 => el0t_64_sync_handler
 => el0t_64_sync
        pipewire-1803    [010] d....    13.316384: sp11_swr_hw_params: (qcom_swrm_hw_params+0x0/0x3b0 [soundwire_qcom]) substream=18446462633344451584 params=18446603338468111720 dai=18446462633275106944
        pipewire-1803    [010] d....    13.316384: <stack trace>
 => qcom_swrm_hw_params
 => __soc_pcm_hw_params
 => dpcm_be_dai_hw_params
 => dpcm_fe_dai_hw_params
 => snd_pcm_hw_params
 => snd_pcm_common_ioctl
 => snd_pcm_ioctl
 => __arm64_sys_ioctl
 => invoke_syscall.constprop.0
 => el0_svc_common.constprop.0
 => do_el0_svc
 => el0_svc
 => el0t_64_sync_handler
 => el0t_64_sync
        pipewire-1803    [010] d....    13.316386: sp11_wsa_hw_params: (wsa884x_hw_params+0x0/0x4c8 [snd_soc_wsa884x]) substream=18446462633344461824 params=18446603338468111720 dai=18446462633509375104
        pipewire-1803    [010] d....    13.316386: <stack trace>
 => wsa884x_hw_params
 => __soc_pcm_hw_params
 => dpcm_be_dai_hw_params
 => dpcm_fe_dai_hw_params
 => snd_pcm_hw_params
 => snd_pcm_common_ioctl
 => snd_pcm_ioctl
 => __arm64_sys_ioctl
 => invoke_syscall.constprop.0
 => el0_svc_common.constprop.0
 => do_el0_svc
 => el0_svc
 => el0t_64_sync_handler
 => el0t_64_sync
        pipewire-1803    [010] d....    13.316391: sp11_wsa_hw_params: (wsa884x_hw_params+0x0/0x4c8 [snd_soc_wsa884x]) substream=18446462633344461824 params=18446603338468111720 dai=18446462633275103360
        pipewire-1803    [010] d....    13.316392: <stack trace>
 => wsa884x_hw_params
 => __soc_pcm_hw_params
 => dpcm_be_dai_hw_params
 => dpcm_fe_dai_hw_params
 => snd_pcm_hw_params
 => snd_pcm_common_ioctl
 => snd_pcm_ioctl
 => __arm64_sys_ioctl
 => invoke_syscall.constprop.0
 => el0_svc_common.constprop.0
 => do_el0_svc
 => el0_svc
 => el0t_64_sync_handler
 => el0t_64_sync
        pipewire-1803    [010] d....    13.316396: sp11_swr_hw_params: (qcom_swrm_hw_params+0x0/0x3b0 [soundwire_qcom]) substream=18446462633344461824 params=18446603338468111720 dai=18446462633275111040
        pipewire-1803    [010] d....    13.316396: <stack trace>
 => qcom_swrm_hw_params
 => __soc_pcm_hw_params
 => dpcm_be_dai_hw_params
 => dpcm_fe_dai_hw_params
 => snd_pcm_hw_params
 => snd_pcm_common_ioctl
 => snd_pcm_ioctl
 => __arm64_sys_ioctl
 => invoke_syscall.constprop.0
 => el0_svc_common.constprop.0
 => do_el0_svc
 => el0_svc
 => el0t_64_sync_handler
 => el0t_64_sync
        pipewire-1803    [010] d....    13.316426: sp11_sdw_prepare: (sdw_prepare_stream+0x0/0x340 [soundwire_bus]) stream=18446462633119197632
        pipewire-1803    [010] d....    13.316426: <stack trace>
 => sdw_prepare_stream
 => x1e80100_snd_prepare
 => snd_soc_link_prepare
 => __soc_pcm_prepare
 => dpcm_be_dai_prepare
 => dpcm_fe_dai_prepare
 => snd_pcm_do_prepare
 => snd_pcm_action_single
 => snd_pcm_action_nonatomic
 => snd_pcm_prepare
 => snd_pcm_common_ioctl
 => snd_pcm_ioctl
 => __arm64_sys_ioctl
 => invoke_syscall.constprop.0
 => el0_svc_common.constprop.0
 => do_el0_svc
 => el0_svc
 => el0t_64_sync_handler
 => el0t_64_sync
        pipewire-1803    [010] d....    13.320801: sp11_sdw_enable: (sdw_enable_stream+0x0/0x1e8 [soundwire_bus]) stream=18446462633119197632
        pipewire-1803    [010] d....    13.320802: <stack trace>
 => sdw_enable_stream
 => x1e80100_snd_prepare
 => snd_soc_link_prepare
 => __soc_pcm_prepare
 => dpcm_be_dai_prepare
 => dpcm_fe_dai_prepare
 => snd_pcm_do_prepare
 => snd_pcm_action_single
 => snd_pcm_action_nonatomic
 => snd_pcm_prepare
 => snd_pcm_common_ioctl
 => snd_pcm_ioctl
 => __arm64_sys_ioctl
 => invoke_syscall.constprop.0
 => el0_svc_common.constprop.0
 => do_el0_svc
 => el0_svc
 => el0t_64_sync_handler
 => el0t_64_sync
        pipewire-1803    [011] d....    13.323767: sp11_wsa_cupd: (snd_soc_component_update_bits+0x0/0x110 [snd_soc_core]) component=0xffff000801517480 reg=1024 mask=32 val=32
        pipewire-1803    [011] d....    13.323768: <stack trace>
 => snd_soc_component_update_bits
 => dapm_seq_run
 => dapm_power_widgets
 => snd_soc_dapm_stream_event
 => __soc_pcm_prepare
 => dpcm_be_dai_prepare
 => dpcm_fe_dai_prepare
 => snd_pcm_do_prepare
 => snd_pcm_action_single
 => snd_pcm_action_nonatomic
 => snd_pcm_prepare
 => snd_pcm_common_ioctl
 => snd_pcm_ioctl
 => __arm64_sys_ioctl
 => invoke_syscall.constprop.0
 => el0_svc_common.constprop.0
 => do_el0_svc
 => el0_svc
 => el0t_64_sync_handler
 => el0t_64_sync
        pipewire-1803    [011] d....    13.323773: sp11_wsa_cupd: (snd_soc_component_update_bits+0x0/0x110 [snd_soc_core]) component=0xffff000801517480 reg=1152 mask=32 val=32
        pipewire-1803    [011] d....    13.323774: <stack trace>
 => snd_soc_component_update_bits
 => dapm_seq_run
 => dapm_power_widgets
 => snd_soc_dapm_stream_event
 => __soc_pcm_prepare
 => dpcm_be_dai_prepare
 => dpcm_fe_dai_prepare
 => snd_pcm_do_prepare
 => snd_pcm_action_single
 => snd_pcm_action_nonatomic
 => snd_pcm_prepare
 => snd_pcm_common_ioctl
 => snd_pcm_ioctl
 => __arm64_sys_ioctl
 => invoke_syscall.constprop.0
 => el0_svc_common.constprop.0
 => do_el0_svc
 => el0_svc
 => el0t_64_sync_handler
 => el0t_64_sync
        pipewire-1803    [011] d....    13.323777: sp11_wsa_cupd: (snd_soc_component_update_bits+0x0/0x110 [snd_soc_core]) component=0xffff000801517480 reg=1032 mask=1 val=1
        pipewire-1803    [011] d....    13.323778: <stack trace>
 => snd_soc_component_update_bits
 => dapm_seq_check_event
 => dapm_seq_run_coalesced
 => dapm_seq_run
 => dapm_power_widgets
 => snd_soc_dapm_stream_event
 => __soc_pcm_prepare
 => dpcm_be_dai_prepare
 => dpcm_fe_dai_prepare
 => snd_pcm_do_prepare
 => snd_pcm_action_single
 => snd_pcm_action_nonatomic
 => snd_pcm_prepare
 => snd_pcm_common_ioctl
 => snd_pcm_ioctl
 => __arm64_sys_ioctl
 => invoke_syscall.constprop.0
 => el0_svc_common.constprop.0
 => do_el0_svc
 => el0_svc
 => el0t_64_sync_handler
 => el0t_64_sync
        pipewire-1803    [011] d....    13.323780: sp11_wsa_cupd: (snd_soc_component_update_bits+0x0/0x110 [snd_soc_core]) component=0xffff000801517480 reg=1280 mask=16 val=16
        pipewire-1803    [011] d....    13.323780: <stack trace>
 => snd_soc_component_update_bits
 => dapm_seq_check_event
 => dapm_seq_run_coalesced
 => dapm_seq_run
 => dapm_power_widgets
 => snd_soc_dapm_stream_event
 => __soc_pcm_prepare
 => dpcm_be_dai_prepare
 => dpcm_fe_dai_prepare
 => snd_pcm_do_prepare
 => snd_pcm_action_single
 => snd_pcm_action_nonatomic
 => snd_pcm_prepare
 => snd_pcm_common_ioctl
 => snd_pcm_ioctl
 => __arm64_sys_ioctl
 => invoke_syscall.constprop.0
 => el0_svc_common.constprop.0
 => do_el0_svc
 => el0_svc
 => el0t_64_sync_handler
 => el0t_64_sync
        pipewire-1803    [011] d....    13.323782: sp11_wsa_cupd: (snd_soc_component_update_bits+0x0/0x110 [snd_soc_core]) component=0xffff000801517480 reg=1160 mask=1 val=1
        pipewire-1803    [011] d....    13.323782: <stack trace>
 => snd_soc_component_update_bits
 => dapm_seq_check_event
 => dapm_seq_run_coalesced
 => dapm_seq_run
 => dapm_power_widgets
 => snd_soc_dapm_stream_event
 => __soc_pcm_prepare
 => dpcm_be_dai_prepare
 => dpcm_fe_dai_prepare
 => snd_pcm_do_prepare
 => snd_pcm_action_single
 => snd_pcm_action_nonatomic
 => snd_pcm_prepare
 => snd_pcm_common_ioctl
 => snd_pcm_ioctl
 => __arm64_sys_ioctl
 => invoke_syscall.constprop.0
 => el0_svc_common.constprop.0
 => do_el0_svc
 => el0_svc
 => el0t_64_sync_handler
 => el0t_64_sync
        pipewire-1803    [011] d....    13.323784: sp11_wsa_cupd: (snd_soc_component_update_bits+0x0/0x110 [snd_soc_core]) component=0xffff000801517480 reg=1344 mask=16 val=16
        pipewire-1803    [011] d....    13.323784: <stack trace>
 => snd_soc_component_update_bits
 => dapm_seq_check_event
 => dapm_seq_run_coalesced
 => dapm_seq_run
 => dapm_power_widgets
 => snd_soc_dapm_stream_event
 => __soc_pcm_prepare
 => dpcm_be_dai_prepare
 => dpcm_fe_dai_prepare
 => snd_pcm_do_prepare
 => snd_pcm_action_single
 => snd_pcm_action_nonatomic
 => snd_pcm_prepare
 => snd_pcm_common_ioctl
 => snd_pcm_ioctl
 => __arm64_sys_ioctl
 => invoke_syscall.constprop.0
 => el0_svc_common.constprop.0
 => do_el0_svc
 => el0_svc
 => el0t_64_sync_handler
 => el0t_64_sync
        pipewire-1803    [011] d....    13.323787: sp11_macro_interp: (wsa_macro_enable_interpolator+0x0/0x750 [snd_soc_lpass_wsa_macro]) widget=18446462633433501696 event=1
        pipewire-1803    [011] d....    13.323788: <stack trace>
 => wsa_macro_enable_interpolator
 => dapm_seq_run_coalesced
 => dapm_seq_run
 => dapm_power_widgets
 => snd_soc_dapm_stream_event
 => __soc_pcm_prepare
 => dpcm_be_dai_prepare
 => dpcm_fe_dai_prepare
 => snd_pcm_do_prepare
 => snd_pcm_action_single
 => snd_pcm_action_nonatomic
 => snd_pcm_prepare
 => snd_pcm_common_ioctl
 => snd_pcm_ioctl
 => __arm64_sys_ioctl
 => invoke_syscall.constprop.0
 => el0_svc_common.constprop.0
 => do_el0_svc
 => el0_svc
 => el0t_64_sync_handler
 => el0t_64_sync
        pipewire-1803    [011] d....    13.323788: sp11_wsa_cupd: (snd_soc_component_update_bits+0x0/0x110 [snd_soc_core]) component=0xffff000801517480 reg=1040 mask=3 val=3
        pipewire-1803    [011] d....    13.323789: <stack trace>
 => snd_soc_component_update_bits
 => dapm_seq_check_event
 => dapm_seq_run_coalesced
 => dapm_seq_run
 => dapm_power_widgets
 => snd_soc_dapm_stream_event
 => __soc_pcm_prepare
 => dpcm_be_dai_prepare
 => dpcm_fe_dai_prepare
 => snd_pcm_do_prepare
 => snd_pcm_action_single
 => snd_pcm_action_nonatomic
 => snd_pcm_prepare
 => snd_pcm_common_ioctl
 => snd_pcm_ioctl
 => __arm64_sys_ioctl
 => invoke_syscall.constprop.0
 => el0_svc_common.constprop.0
 => do_el0_svc
 => el0_svc
 => el0t_64_sync_handler
 => el0t_64_sync
        pipewire-1803    [011] d....    13.323789: sp11_wsa_cupd: (snd_soc_component_update_bits+0x0/0x110 [snd_soc_core]) component=0xffff000801517480 reg=1024 mask=16 val=16
        pipewire-1803    [011] d....    13.323790: <stack trace>
 => snd_soc_component_update_bits
 => dapm_seq_check_event
 => dapm_seq_run_coalesced
 => dapm_seq_run
 => dapm_power_widgets
 => snd_soc_dapm_stream_event
 => __soc_pcm_prepare
 => dpcm_be_dai_prepare
 => dpcm_fe_dai_prepare
 => snd_pcm_do_prepare
 => snd_pcm_action_single
 => snd_pcm_action_nonatomic
 => snd_pcm_prepare
 => snd_pcm_common_ioctl
 => snd_pcm_ioctl
 => __arm64_sys_ioctl
 => invoke_syscall.constprop.0
 => el0_svc_common.constprop.0
 => do_el0_svc
 => el0_svc
 => el0t_64_sync_handler
 => el0t_64_sync
        pipewire-1803    [011] d....    13.323791: sp11_wsa_cupd: (snd_soc_component_update_bits+0x0/0x110 [snd_soc_core]) component=0xffff000801517480 reg=1072 mask=60 val=16
        pipewire-1803    [011] d....    13.323792: <stack trace>
 => snd_soc_component_update_bits
 => dapm_seq_check_event
 => dapm_seq_run_coalesced
 => dapm_seq_run
 => dapm_power_widgets
 => snd_soc_dapm_stream_event
 => __soc_pcm_prepare
 => dpcm_be_dai_prepare
 => dpcm_fe_dai_prepare
 => snd_pcm_do_prepare
 => snd_pcm_action_single
 => snd_pcm_action_nonatomic
 => snd_pcm_prepare
 => snd_pcm_common_ioctl
 => snd_pcm_ioctl
 => __arm64_sys_ioctl
 => invoke_syscall.constprop.0
 => el0_svc_common.constprop.0
 => do_el0_svc
 => el0_svc
 => el0t_64_sync_handler
 => el0t_64_sync
        pipewire-1803    [011] d....    13.323793: sp11_wsa_cupd: (snd_soc_component_update_bits+0x0/0x110 [snd_soc_core]) component=0xffff000801517480 reg=1072 mask=3 val=1
        pipewire-1803    [011] d....    13.323794: <stack trace>
 => snd_soc_component_update_bits
 => dapm_seq_check_event
 => dapm_seq_run_coalesced
 => dapm_seq_run
 => dapm_power_widgets
 => snd_soc_dapm_stream_event
 => __soc_pcm_prepare
 => dpcm_be_dai_prepare
 => dpcm_fe_dai_prepare
 => snd_pcm_do_prepare
 => snd_pcm_action_single
 => snd_pcm_action_nonatomic
 => snd_pcm_prepare
 => snd_pcm_common_ioctl
 => snd_pcm_ioctl
 => __arm64_sys_ioctl
 => invoke_syscall.constprop.0
 => el0_svc_common.constprop.0
 => do_el0_svc
 => el0_svc
 => el0t_64_sync_handler
 => el0t_64_sync
        pipewire-1803    [011] d....    13.323795: sp11_wsa_cupd: (snd_soc_component_update_bits+0x0/0x110 [snd_soc_core]) component=0xffff000801517480 reg=1028 mask=4 val=4
        pipewire-1803    [011] d....    13.323796: <stack trace>
 => snd_soc_component_update_bits
 => dapm_seq_check_event
 => dapm_seq_run_coalesced
 => dapm_seq_run
 => dapm_power_widgets
 => snd_soc_dapm_stream_event
 => __soc_pcm_prepare
 => dpcm_be_dai_prepare
 => dpcm_fe_dai_prepare
 => snd_pcm_do_prepare
 => snd_pcm_action_single
 => snd_pcm_action_nonatomic
 => snd_pcm_prepare
 => snd_pcm_common_ioctl
 => snd_pcm_ioctl
 => __arm64_sys_ioctl
 => invoke_syscall.constprop.0
 => el0_svc_common.constprop.0
 => do_el0_svc
 => el0_svc
 => el0t_64_sync_handler
 => el0t_64_sync
        pipewire-1803    [011] d....    13.323797: sp11_wsa_cupd: (snd_soc_component_update_bits+0x0/0x110 [snd_soc_core]) component=0xffff000801517480 reg=1100 mask=1 val=1
        pipewire-1803    [011] d....    13.323798: <stack trace>
 => snd_soc_component_update_bits
 => dapm_seq_check_event
 => dapm_seq_run_coalesced
 => dapm_seq_run
 => dapm_power_widgets
 => snd_soc_dapm_stream_event
 => __soc_pcm_prepare
 => dpcm_be_dai_prepare
 => dpcm_fe_dai_prepare
 => snd_pcm_do_prepare
 => snd_pcm_action_single
 => snd_pcm_action_nonatomic
 => snd_pcm_prepare
 => snd_pcm_common_ioctl
 => snd_pcm_ioctl
 => __arm64_sys_ioctl
 => invoke_syscall.constprop.0
 => el0_svc_common.constprop.0
 => do_el0_svc
 => el0_svc
 => el0t_64_sync_handler
 => el0t_64_sync
        pipewire-1803    [011] d....    13.323799: sp11_macro_interp: (wsa_macro_enable_interpolator+0x0/0x750 [snd_soc_lpass_wsa_macro]) widget=18446462633433501184 event=1
        pipewire-1803    [011] d....    13.323800: <stack trace>
 => wsa_macro_enable_interpolator
 => dapm_seq_run_coalesced
 => dapm_seq_run
 => dapm_power_widgets
 => snd_soc_dapm_stream_event
 => __soc_pcm_prepare
 => dpcm_be_dai_prepare
 => dpcm_fe_dai_prepare
 => snd_pcm_do_prepare
 => snd_pcm_action_single
 => snd_pcm_action_nonatomic
 => snd_pcm_prepare
 => snd_pcm_common_ioctl
 => snd_pcm_ioctl
 => __arm64_sys_ioctl
 => invoke_syscall.constprop.0
 => el0_svc_common.constprop.0
 => do_el0_svc
 => el0_svc
 => el0t_64_sync_handler
 => el0t_64_sync
        pipewire-1803    [011] d....    13.323800: sp11_wsa_cupd: (snd_soc_component_update_bits+0x0/0x110 [snd_soc_core]) component=0xffff000801517480 reg=1168 mask=3 val=3
        pipewire-1803    [011] d....    13.323801: <stack trace>
 => snd_soc_component_update_bits
 => dapm_seq_check_event
 => dapm_seq_run_coalesced
 => dapm_seq_run
 => dapm_power_widgets
 => snd_soc_dapm_stream_event
 => __soc_pcm_prepare
 => dpcm_be_dai_prepare
 => dpcm_fe_dai_prepare
 => snd_pcm_do_prepare
 => snd_pcm_action_single
 => snd_pcm_action_nonatomic
 => snd_pcm_prepare
 => snd_pcm_common_ioctl
 => snd_pcm_ioctl
 => __arm64_sys_ioctl
 => invoke_syscall.constprop.0
 => el0_svc_common.constprop.0
 => do_el0_svc
 => el0_svc
 => el0t_64_sync_handler
 => el0t_64_sync
        pipewire-1803    [011] d....    13.323801: sp11_wsa_cupd: (snd_soc_component_update_bits+0x0/0x110 [snd_soc_core]) component=0xffff000801517480 reg=1152 mask=16 val=16
        pipewire-1803    [011] d....    13.323802: <stack trace>
 => snd_soc_component_update_bits
 => dapm_seq_check_event
 => dapm_seq_run_coalesced
 => dapm_seq_run
 => dapm_power_widgets
 => snd_soc_dapm_stream_event
 => __soc_pcm_prepare
 => dpcm_be_dai_prepare
 => dpcm_fe_dai_prepare
 => snd_pcm_do_prepare
 => snd_pcm_action_single
 => snd_pcm_action_nonatomic
 => snd_pcm_prepare
 => snd_pcm_common_ioctl
 => snd_pcm_ioctl
 => __arm64_sys_ioctl
 => invoke_syscall.constprop.0
 => el0_svc_common.constprop.0
 => do_el0_svc
 => el0_svc
 => el0t_64_sync_handler
 => el0t_64_sync
        pipewire-1803    [011] d....    13.323803: sp11_wsa_cupd: (snd_soc_component_update_bits+0x0/0x110 [snd_soc_core]) component=0xffff000801517480 reg=1200 mask=60 val=16
        pipewire-1803    [011] d....    13.323804: <stack trace>
 => snd_soc_component_update_bits
 => dapm_seq_check_event
 => dapm_seq_run_coalesced
 => dapm_seq_run
 => dapm_power_widgets
 => snd_soc_dapm_stream_event
 => __soc_pcm_prepare
 => dpcm_be_dai_prepare
 => dpcm_fe_dai_prepare
 => snd_pcm_do_prepare
 => snd_pcm_action_single
 => snd_pcm_action_nonatomic
 => snd_pcm_prepare
 => snd_pcm_common_ioctl
 => snd_pcm_ioctl
 => __arm64_sys_ioctl
 => invoke_syscall.constprop.0
 => el0_svc_common.constprop.0
 => do_el0_svc
 => el0_svc
 => el0t_64_sync_handler
 => el0t_64_sync
        pipewire-1803    [011] d....    13.323805: sp11_wsa_cupd: (snd_soc_component_update_bits+0x0/0x110 [snd_soc_core]) component=0xffff000801517480 reg=1200 mask=3 val=1
        pipewire-1803    [011] d....    13.323807: <stack trace>
 => snd_soc_component_update_bits
 => dapm_seq_check_event
 => dapm_seq_run_coalesced
 => dapm_seq_run
 => dapm_power_widgets
 => snd_soc_dapm_stream_event
 => __soc_pcm_prepare
 => dpcm_be_dai_prepare
 => dpcm_fe_dai_prepare
 => snd_pcm_do_prepare
 => snd_pcm_action_single
 => snd_pcm_action_nonatomic
 => snd_pcm_prepare
 => snd_pcm_common_ioctl
 => snd_pcm_ioctl
 => __arm64_sys_ioctl
 => invoke_syscall.constprop.0
 => el0_svc_common.constprop.0
 => do_el0_svc
 => el0_svc
 => el0t_64_sync_handler
 => el0t_64_sync
        pipewire-1803    [011] d....    13.323808: sp11_wsa_cupd: (snd_soc_component_update_bits+0x0/0x110 [snd_soc_core]) component=0xffff000801517480 reg=1156 mask=4 val=4
        pipewire-1803    [011] d....    13.323809: <stack trace>
 => snd_soc_component_update_bits
 => dapm_seq_check_event
 => dapm_seq_run_coalesced
 => dapm_seq_run
 => dapm_power_widgets
 => snd_soc_dapm_stream_event
 => __soc_pcm_prepare
 => dpcm_be_dai_prepare
 => dpcm_fe_dai_prepare
 => snd_pcm_do_prepare
 => snd_pcm_action_single
 => snd_pcm_action_nonatomic
 => snd_pcm_prepare
 => snd_pcm_common_ioctl
 => snd_pcm_ioctl
 => __arm64_sys_ioctl
 => invoke_syscall.constprop.0
 => el0_svc_common.constprop.0
 => do_el0_svc
 => el0_svc
 => el0t_64_sync_handler
 => el0t_64_sync
        pipewire-1803    [011] d....    13.323810: sp11_wsa_cupd: (snd_soc_component_update_bits+0x0/0x110 [snd_soc_core]) component=0xffff000801517480 reg=1228 mask=1 val=1
        pipewire-1803    [011] d....    13.323811: <stack trace>
 => snd_soc_component_update_bits
 => dapm_seq_check_event
 => dapm_seq_run_coalesced
 => dapm_seq_run
 => dapm_power_widgets
 => snd_soc_dapm_stream_event
 => __soc_pcm_prepare
 => dpcm_be_dai_prepare
 => dpcm_fe_dai_prepare
 => snd_pcm_do_prepare
 => snd_pcm_action_single
 => snd_pcm_action_nonatomic
 => snd_pcm_prepare
 => snd_pcm_common_ioctl
 => snd_pcm_ioctl
 => __arm64_sys_ioctl
 => invoke_syscall.constprop.0
 => el0_svc_common.constprop.0
 => do_el0_svc
 => el0_svc
 => el0t_64_sync_handler
 => el0t_64_sync
        pipewire-1803    [011] d....    13.323812: sp11_wsa_cupd: (snd_soc_component_update_bits+0x0/0x110 [snd_soc_core]) component=0xffff000801517480 reg=1024 mask=16 val=0
        pipewire-1803    [011] d....    13.323813: <stack trace>
 => snd_soc_component_update_bits
 => dapm_seq_check_event
 => dapm_seq_run_coalesced
 => dapm_seq_run
 => dapm_power_widgets
 => snd_soc_dapm_stream_event
 => __soc_pcm_prepare
 => dpcm_be_dai_prepare
 => dpcm_fe_dai_prepare
 => snd_pcm_do_prepare
 => snd_pcm_action_single
 => snd_pcm_action_nonatomic
 => snd_pcm_prepare
 => snd_pcm_common_ioctl
 => snd_pcm_ioctl
 => __arm64_sys_ioctl
 => invoke_syscall.constprop.0
 => el0_svc_common.constprop.0
 => do_el0_svc
 => el0_svc
 => el0t_64_sync_handler
 => el0t_64_sync
        pipewire-1803    [011] d....    13.323814: sp11_wsa_cupd: (snd_soc_component_update_bits+0x0/0x110 [snd_soc_core]) component=0xffff000801517480 reg=1152 mask=16 val=0
        pipewire-1803    [011] d....    13.323815: <stack trace>
 => snd_soc_component_update_bits
 => dapm_seq_check_event
 => dapm_seq_run_coalesced
 => dapm_seq_run
 => dapm_power_widgets
 => snd_soc_dapm_stream_event
 => __soc_pcm_prepare
 => dpcm_be_dai_prepare
 => dpcm_fe_dai_prepare
 => snd_pcm_do_prepare
 => snd_pcm_action_single
 => snd_pcm_action_nonatomic
 => snd_pcm_prepare
 => snd_pcm_common_ioctl
 => snd_pcm_ioctl
 => __arm64_sys_ioctl
 => invoke_syscall.constprop.0
 => el0_svc_common.constprop.0
 => do_el0_svc
 => el0_svc
 => el0t_64_sync_handler
 => el0t_64_sync
        pipewire-1803    [011] d....    13.323816: sp11_macro_interp: (wsa_macro_enable_interpolator+0x0/0x750 [snd_soc_lpass_wsa_macro]) widget=18446462633433501696 event=2
        pipewire-1803    [011] d....    13.323817: <stack trace>
 => wsa_macro_enable_interpolator
 => dapm_seq_run_coalesced
 => dapm_seq_run
 => dapm_power_widgets
 => snd_soc_dapm_stream_event
 => __soc_pcm_prepare
 => dpcm_be_dai_prepare
 => dpcm_fe_dai_prepare
 => snd_pcm_do_prepare
 => snd_pcm_action_single
 => snd_pcm_action_nonatomic
 => snd_pcm_prepare
 => snd_pcm_common_ioctl
 => snd_pcm_ioctl
 => __arm64_sys_ioctl
 => invoke_syscall.constprop.0
 => el0_svc_common.constprop.0
 => do_el0_svc
 => el0_svc
 => el0t_64_sync_handler
 => el0t_64_sync
        pipewire-1803    [011] d....    13.323817: sp11_wsa_cupd: (snd_soc_component_update_bits+0x0/0x110 [snd_soc_core]) component=0xffff000801517480 reg=1408 mask=1 val=1
        pipewire-1803    [011] d....    13.323818: <stack trace>
 => snd_soc_component_update_bits
 => dapm_seq_check_event
 => dapm_seq_run_coalesced
 => dapm_seq_run
 => dapm_power_widgets
 => snd_soc_dapm_stream_event
 => __soc_pcm_prepare
 => dpcm_be_dai_prepare
 => dpcm_fe_dai_prepare
 => snd_pcm_do_prepare
 => snd_pcm_action_single
 => snd_pcm_action_nonatomic
 => snd_pcm_prepare
 => snd_pcm_common_ioctl
 => snd_pcm_ioctl
 => __arm64_sys_ioctl
 => invoke_syscall.constprop.0
 => el0_svc_common.constprop.0
 => do_el0_svc
 => el0_svc
 => el0t_64_sync_handler
 => el0t_64_sync
        pipewire-1803    [011] d....    13.323819: sp11_wsa_cupd: (snd_soc_component_update_bits+0x0/0x110 [snd_soc_core]) component=0xffff000801517480 reg=1408 mask=2 val=2
        pipewire-1803    [011] d....    13.323820: <stack trace>
 => snd_soc_component_update_bits
 => dapm_seq_check_event
 => dapm_seq_run_coalesced
 => dapm_seq_run
 => dapm_power_widgets
 => snd_soc_dapm_stream_event
 => __soc_pcm_prepare
 => dpcm_be_dai_prepare
 => dpcm_fe_dai_prepare
 => snd_pcm_do_prepare
 => snd_pcm_action_single
 => snd_pcm_action_nonatomic
 => snd_pcm_prepare
 => snd_pcm_common_ioctl
 => snd_pcm_ioctl
 => __arm64_sys_ioctl
 => invoke_syscall.constprop.0
 => el0_svc_common.constprop.0
 => do_el0_svc
 => el0_svc
 => el0t_64_sync_handler
 => el0t_64_sync
        pipewire-1803    [011] d....    13.323821: sp11_wsa_cupd: (snd_soc_component_update_bits+0x0/0x110 [snd_soc_core]) component=0xffff000801517480 reg=1408 mask=2 val=0
        pipewire-1803    [011] d....    13.323822: <stack trace>
 => snd_soc_component_update_bits
 => dapm_seq_check_event
 => dapm_seq_run_coalesced
 => dapm_seq_run
 => dapm_power_widgets
 => snd_soc_dapm_stream_event
 => __soc_pcm_prepare
 => dpcm_be_dai_prepare
 => dpcm_fe_dai_prepare
 => snd_pcm_do_prepare
 => snd_pcm_action_single
 => snd_pcm_action_nonatomic
 => snd_pcm_prepare
 => snd_pcm_common_ioctl
 => snd_pcm_ioctl
 => __arm64_sys_ioctl
 => invoke_syscall.constprop.0
 => el0_svc_common.constprop.0
 => do_el0_svc
 => el0_svc
 => el0t_64_sync_handler
 => el0t_64_sync
        pipewire-1803    [011] d....    13.323823: sp11_wsa_cupd: (snd_soc_component_update_bits+0x0/0x110 [snd_soc_core]) component=0xffff000801517480 reg=1028 mask=2 val=2
        pipewire-1803    [011] d....    13.323824: <stack trace>
 => snd_soc_component_update_bits
 => dapm_seq_check_event
 => dapm_seq_run_coalesced
 => dapm_seq_run
 => dapm_power_widgets
 => snd_soc_dapm_stream_event
 => __soc_pcm_prepare
 => dpcm_be_dai_prepare
 => dpcm_fe_dai_prepare
 => snd_pcm_do_prepare
 => snd_pcm_action_single
 => snd_pcm_action_nonatomic
 => snd_pcm_prepare
 => snd_pcm_common_ioctl
 => snd_pcm_ioctl
 => __arm64_sys_ioctl
 => invoke_syscall.constprop.0
 => el0_svc_common.constprop.0
 => do_el0_svc
 => el0_svc
 => el0t_64_sync_handler
 => el0t_64_sync
        pipewire-1803    [011] d....    13.323825: sp11_wsa_cupd: (snd_soc_component_update_bits+0x0/0x110 [snd_soc_core]) component=0xffff000801517480 reg=1064 mask=1 val=1
        pipewire-1803    [011] d....    13.323826: <stack trace>
 => snd_soc_component_update_bits
 => dapm_seq_check_event
 => dapm_seq_run_coalesced
 => dapm_seq_run
 => dapm_power_widgets
 => snd_soc_dapm_stream_event
 => __soc_pcm_prepare
 => dpcm_be_dai_prepare
 => dpcm_fe_dai_prepare
 => snd_pcm_do_prepare
 => snd_pcm_action_single
 => snd_pcm_action_nonatomic
 => snd_pcm_prepare
 => snd_pcm_common_ioctl
 => snd_pcm_ioctl
 => __arm64_sys_ioctl
 => invoke_syscall.constprop.0
 => el0_svc_common.constprop.0
 => do_el0_svc
 => el0_svc
 => el0t_64_sync_handler
 => el0t_64_sync
        pipewire-1803    [011] d....    13.323827: sp11_wsa_cupd: (snd_soc_component_update_bits+0x0/0x110 [snd_soc_core]) component=0xffff000801517480 reg=1092 mask=1 val=1
        pipewire-1803    [011] d....    13.323828: <stack trace>
 => snd_soc_component_update_bits
 => dapm_seq_check_event
 => dapm_seq_run_coalesced
 => dapm_seq_run
 => dapm_power_widgets
 => snd_soc_dapm_stream_event
 => __soc_pcm_prepare
 => dpcm_be_dai_prepare
 => dpcm_fe_dai_prepare
 => snd_pcm_do_prepare
 => snd_pcm_action_single
 => snd_pcm_action_nonatomic
 => snd_pcm_prepare
 => snd_pcm_common_ioctl
 => snd_pcm_ioctl
 => __arm64_sys_ioctl
 => invoke_syscall.constprop.0
 => el0_svc_common.constprop.0
 => do_el0_svc
 => el0_svc
 => el0t_64_sync_handler
 => el0t_64_sync
        pipewire-1803    [011] d....    13.323829: sp11_wsa_cupd: (snd_soc_component_update_bits+0x0/0x110 [snd_soc_core]) component=0xffff000801517480 reg=1192 mask=1 val=1
        pipewire-1803    [011] d....    13.323830: <stack trace>
 => snd_soc_component_update_bits
 => dapm_seq_check_event
 => dapm_seq_run_coalesced
 => dapm_seq_run
 => dapm_power_widgets
 => snd_soc_dapm_stream_event
 => __soc_pcm_prepare
 => dpcm_be_dai_prepare
 => dpcm_fe_dai_prepare
 => snd_pcm_do_prepare
 => snd_pcm_action_single
 => snd_pcm_action_nonatomic
 => snd_pcm_prepare
 => snd_pcm_common_ioctl
 => snd_pcm_ioctl
 => __arm64_sys_ioctl
 => invoke_syscall.constprop.0
 => el0_svc_common.constprop.0
 => do_el0_svc
 => el0_svc
 => el0t_64_sync_handler
 => el0t_64_sync
        pipewire-1803    [011] d....    13.323831: sp11_wsa_cupd: (snd_soc_component_update_bits+0x0/0x110 [snd_soc_core]) component=0xffff000801517480 reg=1220 mask=1 val=1
        pipewire-1803    [011] d....    13.323832: <stack trace>
 => snd_soc_component_update_bits
 => dapm_seq_check_event
 => dapm_seq_run_coalesced
 => dapm_seq_run
 => dapm_power_widgets
 => snd_soc_dapm_stream_event
 => __soc_pcm_prepare
 => dpcm_be_dai_prepare
 => dpcm_fe_dai_prepare
 => snd_pcm_do_prepare
 => snd_pcm_action_single
 => snd_pcm_action_nonatomic
 => snd_pcm_prepare
 => snd_pcm_common_ioctl
 => snd_pcm_ioctl
 => __arm64_sys_ioctl
 => invoke_syscall.constprop.0
 => el0_svc_common.constprop.0
 => do_el0_svc
 => el0_svc
 => el0t_64_sync_handler
 => el0t_64_sync
        pipewire-1803    [011] d....    13.323833: sp11_macro_interp: (wsa_macro_enable_interpolator+0x0/0x750 [snd_soc_lpass_wsa_macro]) widget=18446462633433501184 event=2
        pipewire-1803    [011] d....    13.323834: <stack trace>
 => wsa_macro_enable_interpolator
 => dapm_seq_run_coalesced
 => dapm_seq_run
 => dapm_power_widgets
 => snd_soc_dapm_stream_event
 => __soc_pcm_prepare
 => dpcm_be_dai_prepare
 => dpcm_fe_dai_prepare
 => snd_pcm_do_prepare
 => snd_pcm_action_single
 => snd_pcm_action_nonatomic
 => snd_pcm_prepare
 => snd_pcm_common_ioctl
 => snd_pcm_ioctl
 => __arm64_sys_ioctl
 => invoke_syscall.constprop.0
 => el0_svc_common.constprop.0
 => do_el0_svc
 => el0_svc
 => el0t_64_sync_handler
 => el0t_64_sync
        pipewire-1803    [011] d....    13.323834: sp11_wsa_cupd: (snd_soc_component_update_bits+0x0/0x110 [snd_soc_core]) component=0xffff000801517480 reg=1504 mask=1 val=1
        pipewire-1803    [011] d....    13.323835: <stack trace>
 => snd_soc_component_update_bits
 => dapm_seq_check_event
 => dapm_seq_run_coalesced
 => dapm_seq_run
 => dapm_power_widgets
 => snd_soc_dapm_stream_event
 => __soc_pcm_prepare
 => dpcm_be_dai_prepare
 => dpcm_fe_dai_prepare
 => snd_pcm_do_prepare
 => snd_pcm_action_single
 => snd_pcm_action_nonatomic
 => snd_pcm_prepare
 => snd_pcm_common_ioctl
 => snd_pcm_ioctl
 => __arm64_sys_ioctl
 => invoke_syscall.constprop.0
 => el0_svc_common.constprop.0
 => do_el0_svc
 => el0_svc
 => el0t_64_sync_handler
 => el0t_64_sync
        pipewire-1803    [011] d....    13.323836: sp11_wsa_cupd: (snd_soc_component_update_bits+0x0/0x110 [snd_soc_core]) component=0xffff000801517480 reg=1504 mask=2 val=2
        pipewire-1803    [011] d....    13.323837: <stack trace>
 => snd_soc_component_update_bits
 => dapm_seq_check_event
 => dapm_seq_run_coalesced
 => dapm_seq_run
 => dapm_power_widgets
 => snd_soc_dapm_stream_event
 => __soc_pcm_prepare
 => dpcm_be_dai_prepare
 => dpcm_fe_dai_prepare
 => snd_pcm_do_prepare
 => snd_pcm_action_single
 => snd_pcm_action_nonatomic
 => snd_pcm_prepare
 => snd_pcm_common_ioctl
 => snd_pcm_ioctl
 => __arm64_sys_ioctl
 => invoke_syscall.constprop.0
 => el0_svc_common.constprop.0
 => do_el0_svc
 => el0_svc
 => el0t_64_sync_handler
 => el0t_64_sync
        pipewire-1803    [011] d....    13.323838: sp11_wsa_cupd: (snd_soc_component_update_bits+0x0/0x110 [snd_soc_core]) component=0xffff000801517480 reg=1504 mask=2 val=0
        pipewire-1803    [011] d....    13.323840: <stack trace>
 => snd_soc_component_update_bits
 => dapm_seq_check_event
 => dapm_seq_run_coalesced
 => dapm_seq_run
 => dapm_power_widgets
 => snd_soc_dapm_stream_event
 => __soc_pcm_prepare
 => dpcm_be_dai_prepare
 => dpcm_fe_dai_prepare
 => snd_pcm_do_prepare
 => snd_pcm_action_single
 => snd_pcm_action_nonatomic
 => snd_pcm_prepare
 => snd_pcm_common_ioctl
 => snd_pcm_ioctl
 => __arm64_sys_ioctl
 => invoke_syscall.constprop.0
 => el0_svc_common.constprop.0
 => do_el0_svc
 => el0_svc
 => el0t_64_sync_handler
 => el0t_64_sync
        pipewire-1803    [011] d....    13.323841: sp11_wsa_cupd: (snd_soc_component_update_bits+0x0/0x110 [snd_soc_core]) component=0xffff000801517480 reg=1156 mask=2 val=2
        pipewire-1803    [011] d....    13.323842: <stack trace>
 => snd_soc_component_update_bits
 => dapm_seq_check_event
 => dapm_seq_run_coalesced
 => dapm_seq_run
 => dapm_power_widgets
 => snd_soc_dapm_stream_event
 => __soc_pcm_prepare
 => dpcm_be_dai_prepare
 => dpcm_fe_dai_prepare
 => snd_pcm_do_prepare
 => snd_pcm_action_single
 => snd_pcm_action_nonatomic
 => snd_pcm_prepare
 => snd_pcm_common_ioctl
 => snd_pcm_ioctl
 => __arm64_sys_ioctl
 => invoke_syscall.constprop.0
 => el0_svc_common.constprop.0
 => do_el0_svc
 => el0_svc
 => el0t_64_sync_handler
 => el0t_64_sync
        pipewire-1803    [011] d....    13.323843: sp11_wsa_cupd: (snd_soc_component_update_bits+0x0/0x110 [snd_soc_core]) component=0xffff000801517480 reg=1064 mask=1 val=1
        pipewire-1803    [011] d....    13.323844: <stack trace>
 => snd_soc_component_update_bits
 => dapm_seq_check_event
 => dapm_seq_run_coalesced
 => dapm_seq_run
 => dapm_power_widgets
 => snd_soc_dapm_stream_event
 => __soc_pcm_prepare
 => dpcm_be_dai_prepare
 => dpcm_fe_dai_prepare
 => snd_pcm_do_prepare
 => snd_pcm_action_single
 => snd_pcm_action_nonatomic
 => snd_pcm_prepare
 => snd_pcm_common_ioctl
 => snd_pcm_ioctl
 => __arm64_sys_ioctl
 => invoke_syscall.constprop.0
 => el0_svc_common.constprop.0
 => do_el0_svc
 => el0_svc
 => el0t_64_sync_handler
 => el0t_64_sync
        pipewire-1803    [011] d....    13.323845: sp11_wsa_cupd: (snd_soc_component_update_bits+0x0/0x110 [snd_soc_core]) component=0xffff000801517480 reg=1092 mask=1 val=1
        pipewire-1803    [011] d....    13.323845: <stack trace>
 => snd_soc_component_update_bits
 => dapm_seq_check_event
 => dapm_seq_run_coalesced
 => dapm_seq_run
 => dapm_power_widgets
 => snd_soc_dapm_stream_event
 => __soc_pcm_prepare
 => dpcm_be_dai_prepare
 => dpcm_fe_dai_prepare
 => snd_pcm_do_prepare
 => snd_pcm_action_single
 => snd_pcm_action_nonatomic
 => snd_pcm_prepare
 => snd_pcm_common_ioctl
 => snd_pcm_ioctl
 => __arm64_sys_ioctl
 => invoke_syscall.constprop.0
 => el0_svc_common.constprop.0
 => do_el0_svc
 => el0_svc
 => el0t_64_sync_handler
 => el0t_64_sync
        pipewire-1803    [011] d....    13.323845: sp11_wsa_cupd: (snd_soc_component_update_bits+0x0/0x110 [snd_soc_core]) component=0xffff000801517480 reg=1192 mask=1 val=1
        pipewire-1803    [011] d....    13.323846: <stack trace>
 => snd_soc_component_update_bits
 => dapm_seq_check_event
 => dapm_seq_run_coalesced
 => dapm_seq_run
 => dapm_power_widgets
 => snd_soc_dapm_stream_event
 => __soc_pcm_prepare
 => dpcm_be_dai_prepare
 => dpcm_fe_dai_prepare
 => snd_pcm_do_prepare
 => snd_pcm_action_single
 => snd_pcm_action_nonatomic
 => snd_pcm_prepare
 => snd_pcm_common_ioctl
 => snd_pcm_ioctl
 => __arm64_sys_ioctl
 => invoke_syscall.constprop.0
 => el0_svc_common.constprop.0
 => do_el0_svc
 => el0_svc
 => el0t_64_sync_handler
 => el0t_64_sync
        pipewire-1803    [011] d....    13.323847: sp11_wsa_cupd: (snd_soc_component_update_bits+0x0/0x110 [snd_soc_core]) component=0xffff000801517480 reg=1220 mask=1 val=1
        pipewire-1803    [011] d....    13.323847: <stack trace>
 => snd_soc_component_update_bits
 => dapm_seq_check_event
 => dapm_seq_run_coalesced
 => dapm_seq_run
 => dapm_power_widgets
 => snd_soc_dapm_stream_event
 => __soc_pcm_prepare
 => dpcm_be_dai_prepare
 => dpcm_fe_dai_prepare
 => snd_pcm_do_prepare
 => snd_pcm_action_single
 => snd_pcm_action_nonatomic
 => snd_pcm_prepare
 => snd_pcm_common_ioctl
 => snd_pcm_ioctl
 => __arm64_sys_ioctl
 => invoke_syscall.constprop.0
 => el0_svc_common.constprop.0
 => do_el0_svc
 => el0_svc
 => el0t_64_sync_handler
 => el0t_64_sync
        pipewire-1803    [011] d....    13.323848: sp11_wsa_spkr_event: (wsa884x_spkr_event+0x0/0x290 [snd_soc_wsa884x]) widget=18446462633433483776 event=2
        pipewire-1803    [011] d....    13.323849: <stack trace>
 => wsa884x_spkr_event
 => dapm_seq_run_coalesced
 => dapm_seq_run
 => dapm_power_widgets
 => snd_soc_dapm_stream_event
 => __soc_pcm_prepare
 => dpcm_be_dai_prepare
 => dpcm_fe_dai_prepare
 => snd_pcm_do_prepare
 => snd_pcm_action_single
 => snd_pcm_action_nonatomic
 => snd_pcm_prepare
 => snd_pcm_common_ioctl
 => snd_pcm_ioctl
 => __arm64_sys_ioctl
 => invoke_syscall.constprop.0
 => el0_svc_common.constprop.0
 => do_el0_svc
 => el0_svc
 => el0t_64_sync_handler
 => el0t_64_sync
        pipewire-1803    [011] d....    13.323862: sp11_wsa_spkr_event: (wsa884x_spkr_event+0x0/0x290 [snd_soc_wsa884x]) widget=18446462633433486848 event=2
        pipewire-1803    [011] d....    13.323862: <stack trace>
 => wsa884x_spkr_event
 => dapm_seq_run_coalesced
 => dapm_seq_run
 => dapm_power_widgets
 => snd_soc_dapm_stream_event
 => __soc_pcm_prepare
 => dpcm_be_dai_prepare
 => dpcm_fe_dai_prepare
 => snd_pcm_do_prepare
 => snd_pcm_action_single
 => snd_pcm_action_nonatomic
 => snd_pcm_prepare
 => snd_pcm_common_ioctl
 => snd_pcm_ioctl
 => __arm64_sys_ioctl
 => invoke_syscall.constprop.0
 => el0_svc_common.constprop.0
 => do_el0_svc
 => el0_svc
 => el0t_64_sync_handler
 => el0t_64_sync
        pipewire-1803    [011] d....    13.323884: sp11_sdw_prepare: (sdw_prepare_stream+0x0/0x340 [soundwire_bus]) stream=18446462633119195456
        pipewire-1803    [011] d....    13.323884: <stack trace>
 => sdw_prepare_stream
 => x1e80100_snd_prepare
 => snd_soc_link_prepare
 => __soc_pcm_prepare
 => dpcm_be_dai_prepare
 => dpcm_fe_dai_prepare
 => snd_pcm_do_prepare
 => snd_pcm_action_single
 => snd_pcm_action_nonatomic
 => snd_pcm_prepare
 => snd_pcm_common_ioctl
 => snd_pcm_ioctl
 => __arm64_sys_ioctl
 => invoke_syscall.constprop.0
 => el0_svc_common.constprop.0
 => do_el0_svc
 => el0_svc
 => el0t_64_sync_handler
 => el0t_64_sync
        pipewire-1803    [010] d....    13.328816: sp11_sdw_enable: (sdw_enable_stream+0x0/0x1e8 [soundwire_bus]) stream=18446462633119195456
        pipewire-1803    [010] d....    13.328817: <stack trace>
 => sdw_enable_stream
 => x1e80100_snd_prepare
 => snd_soc_link_prepare
 => __soc_pcm_prepare
 => dpcm_be_dai_prepare
 => dpcm_fe_dai_prepare
 => snd_pcm_do_prepare
 => snd_pcm_action_single
 => snd_pcm_action_nonatomic
 => snd_pcm_prepare
 => snd_pcm_common_ioctl
 => snd_pcm_ioctl
 => __arm64_sys_ioctl
 => invoke_syscall.constprop.0
 => el0_svc_common.constprop.0
 => do_el0_svc
 => el0_svc
 => el0t_64_sync_handler
 => el0t_64_sync
        pipewire-1803    [010] d....    13.332994: sp11_sdw_prepare: (sdw_prepare_stream+0x0/0x340 [soundwire_bus]) stream=18446462633119198848
        pipewire-1803    [010] d....    13.332994: <stack trace>
 => sdw_prepare_stream
 => x1e80100_snd_prepare
 => snd_soc_link_prepare
 => __soc_pcm_prepare
 => dpcm_be_dai_prepare
 => dpcm_fe_dai_prepare
 => snd_pcm_do_prepare
 => snd_pcm_action_single
 => snd_pcm_action_nonatomic
 => snd_pcm_prepare
 => snd_pcm_common_ioctl
 => snd_pcm_ioctl
 => __arm64_sys_ioctl
 => invoke_syscall.constprop.0
 => el0_svc_common.constprop.0
 => do_el0_svc
 => el0_svc
 => el0t_64_sync_handler
 => el0t_64_sync
        pipewire-1803    [010] d....    13.337489: sp11_sdw_enable: (sdw_enable_stream+0x0/0x1e8 [soundwire_bus]) stream=18446462633119198848
        pipewire-1803    [010] d....    13.337489: <stack trace>
 => sdw_enable_stream
 => x1e80100_snd_prepare
 => snd_soc_link_prepare
 => __soc_pcm_prepare
 => dpcm_be_dai_prepare
 => dpcm_fe_dai_prepare
 => snd_pcm_do_prepare
 => snd_pcm_action_single
 => snd_pcm_action_nonatomic
 => snd_pcm_prepare
 => snd_pcm_common_ioctl
 => snd_pcm_ioctl
 => __arm64_sys_ioctl
 => invoke_syscall.constprop.0
 => el0_svc_common.constprop.0
 => do_el0_svc
 => el0_svc
 => el0t_64_sync_handler
 => el0t_64_sync
     data-loop.0-1834    [011] d....    13.353602: sp11_wsa_mute: (wsa884x_mute_stream+0x0/0x190 [snd_soc_wsa884x]) dai=18446462633509386368 mute=0 stream=0
     data-loop.0-1834    [011] d....    13.353605: <stack trace>
 => wsa884x_mute_stream
 => snd_soc_pcm_dai_trigger
 => soc_pcm_trigger
 => dpcm_be_dai_trigger
 => dpcm_dai_trigger_fe_be
 => dpcm_fe_dai_do_trigger
 => dpcm_fe_dai_trigger
 => snd_pcm_do_start
 => snd_pcm_action_single
 => snd_pcm_action
 => snd_pcm_action_lock_irq
 => snd_pcm_common_ioctl
 => snd_pcm_ioctl
 => __arm64_sys_ioctl
 => invoke_syscall.constprop.0
 => el0_svc_common.constprop.0
 => do_el0_svc
 => el0_svc
 => el0t_64_sync_handler
 => el0t_64_sync
     data-loop.0-1834    [011] d....    13.355486: sp11_wsa_mute: (wsa884x_mute_stream+0x0/0x190 [snd_soc_wsa884x]) dai=18446462633275108480 mute=0 stream=0
     data-loop.0-1834    [011] d....    13.355487: <stack trace>
 => wsa884x_mute_stream
 => snd_soc_pcm_dai_trigger
 => soc_pcm_trigger
 => dpcm_be_dai_trigger
 => dpcm_dai_trigger_fe_be
 => dpcm_fe_dai_do_trigger
 => dpcm_fe_dai_trigger
 => snd_pcm_do_start
 => snd_pcm_action_single
 => snd_pcm_action
 => snd_pcm_action_lock_irq
 => snd_pcm_common_ioctl
 => snd_pcm_ioctl
 => __arm64_sys_ioctl
 => invoke_syscall.constprop.0
 => el0_svc_common.constprop.0
 => do_el0_svc
 => el0_svc
 => el0t_64_sync_handler
 => el0t_64_sync
     data-loop.0-1834    [011] d....    13.357367: sp11_wsa_mute: (wsa884x_mute_stream+0x0/0x190 [snd_soc_wsa884x]) dai=18446462633509372544 mute=0 stream=0
     data-loop.0-1834    [011] d....    13.357368: <stack trace>
 => wsa884x_mute_stream
 => snd_soc_pcm_dai_trigger
 => soc_pcm_trigger
 => dpcm_be_dai_trigger
 => dpcm_dai_trigger_fe_be
 => dpcm_fe_dai_do_trigger
 => dpcm_fe_dai_trigger
 => snd_pcm_do_start
 => snd_pcm_action_single
 => snd_pcm_action
 => snd_pcm_action_lock_irq
 => snd_pcm_common_ioctl
 => snd_pcm_ioctl
 => __arm64_sys_ioctl
 => invoke_syscall.constprop.0
 => el0_svc_common.constprop.0
 => do_el0_svc
 => el0_svc
 => el0t_64_sync_handler
 => el0t_64_sync
     data-loop.0-1834    [011] d....    13.357368: sp11_wsa_mute: (wsa884x_mute_stream+0x0/0x190 [snd_soc_wsa884x]) dai=18446462633275100800 mute=0 stream=0
     data-loop.0-1834    [011] d....    13.357369: <stack trace>
 => wsa884x_mute_stream
 => snd_soc_pcm_dai_trigger
 => soc_pcm_trigger
 => dpcm_be_dai_trigger
 => dpcm_dai_trigger_fe_be
 => dpcm_fe_dai_do_trigger
 => dpcm_fe_dai_trigger
 => snd_pcm_do_start
 => snd_pcm_action_single
 => snd_pcm_action
 => snd_pcm_action_lock_irq
 => snd_pcm_common_ioctl
 => snd_pcm_ioctl
 => __arm64_sys_ioctl
 => invoke_syscall.constprop.0
 => el0_svc_common.constprop.0
 => do_el0_svc
 => el0_svc
 => el0t_64_sync_handler
 => el0t_64_sync
     data-loop.0-1834    [011] d....    13.357370: sp11_wsa_mute: (wsa884x_mute_stream+0x0/0x190 [snd_soc_wsa884x]) dai=18446462633509375104 mute=0 stream=0
     data-loop.0-1834    [011] d....    13.357371: <stack trace>
 => wsa884x_mute_stream
 => snd_soc_pcm_dai_trigger
 => soc_pcm_trigger
 => dpcm_be_dai_trigger
 => dpcm_dai_trigger_fe_be
 => dpcm_fe_dai_do_trigger
 => dpcm_fe_dai_trigger
 => snd_pcm_do_start
 => snd_pcm_action_single
 => snd_pcm_action
 => snd_pcm_action_lock_irq
 => snd_pcm_common_ioctl
 => snd_pcm_ioctl
 => __arm64_sys_ioctl
 => invoke_syscall.constprop.0
 => el0_svc_common.constprop.0
 => do_el0_svc
 => el0_svc
 => el0t_64_sync_handler
 => el0t_64_sync
     data-loop.0-1834    [011] d....    13.357371: sp11_wsa_mute: (wsa884x_mute_stream+0x0/0x190 [snd_soc_wsa884x]) dai=18446462633275103360 mute=0 stream=0
     data-loop.0-1834    [011] d....    13.357372: <stack trace>
 => wsa884x_mute_stream
 => snd_soc_pcm_dai_trigger
 => soc_pcm_trigger
 => dpcm_be_dai_trigger
 => dpcm_dai_trigger_fe_be
 => dpcm_fe_dai_do_trigger
 => dpcm_fe_dai_trigger
 => snd_pcm_do_start
 => snd_pcm_action_single
 => snd_pcm_action
 => snd_pcm_action_lock_irq
 => snd_pcm_common_ioctl
 => snd_pcm_ioctl
 => __arm64_sys_ioctl
 => invoke_syscall.constprop.0
 => el0_svc_common.constprop.0
 => do_el0_svc
 => el0_svc
 => el0t_64_sync_handler
 => el0t_64_sync
